publisher ---> UID = 1001 / GID = 1001
usermod: no changes
Cloning into '/home/publisher/bin/ig-publisher-scripts'...
npm warn deprecated inflight@1.0.6: This module is not supported, and leaks memory. Do not use it. Check out lru-cache if you want a good and tested way to coalesce async requests by a key value, which is much more comprehensive and powerful.
npm warn deprecated rimraf@2.6.3: Rimraf versions prior to v4 are no longer supported
npm warn deprecated glob@7.2.3: Old versions of glob are not supported, and contain widely publicized security vulnerabilities, which have been fixed in the current version. Please update. Support for old versions may be purchased (at exorbitant rates) by contacting i@izs.me

added 142 packages in 18s

14 packages are looking for funding
  run `npm fund` for details
npm notice
npm notice New major version of npm available! 10.9.7 -> 12.0.2
npm notice Changelog: https://github.com/npm/cli/releases/tag/v12.0.2
npm notice To update run: npm install -g npm@12.0.2
npm notice
FHIR IG Publisher Version 2.3.2 (Git# 04466d0486ed). Built 2026-08-13T02:20:51.957Z (18 days old)   
Detected Java version: 21.0.10 from /opt/java/openjdk on Linux/aarch64 (64bit). 4096MB available    
dir = /home/publisher/ig, path = /home/publisher/bin:/home/publisher/bin:/home/publisher/bin/ig-publisher-scripts:/home/publisher/.node/bin:/opt/java/openjdk/bin:/usr/local/sbin:/usr/local/bin:/usr/sbin:/usr/bin:/sbin:/bin
Parameters: -ig /work                                                                               
Character encoding = UTF-8 / UTF-8                                                                  
Start Clock @ Monday, August 31, 2026, 7:44:37 PM Coordinated Universal Time (2026-08-31T19:44:37Z) 
                                                                                                    
Build FHIR IG from /work                                                                             (00:00.058 / 00:00.059, 24Mb)
No FHIR settings file at /home/publisher/.fhir/fhir-settings.json; using defaults (no API keys or npm path) (00:00.002 / 00:00.061, 24Mb)
Package Cache: /home/publisher/.fhir/packages                                                        (00:00.004 / 00:00.065, 24Mb)
Run Sushi on /work                                                                                   (00:00.011 / 00:00.077, 24Mb)
Sushi: info  Running SUSHI v3.20.1 (implements FHIR Shorthand specification v3.0.0)                  (00:00.533 / 00:00.611, 26Mb)
Sushi: info  Arguments:                                                                              (00:00.002 / 00:00.612, 26Mb)
Sushi: info    --out /work                                                                           (00:00.000 / 00:00.613, 26Mb)
Sushi: info    /work                                                                                 (00:00.000 / 00:00.613, 26Mb)
Sushi: info  Using configuration file: /work/sushi-config.yaml                                       (00:00.612 / 00:01.226, 26Mb)
Sushi: info  Importing FSH text...                                                                   (00:00.096 / 00:01.322, 26Mb)
Sushi: info  Preprocessed 34 documents with 56 aliases.                                              (00:00.288 / 00:01.612, 26Mb)
Sushi: info  Imported 9 definitions and 13 instances.                                                (00:00.021 / 00:01.633, 26Mb)
Sushi: info  Loaded virtual package sushi-r5forR4#1.0.0 with 7 resources                             (00:00.137 / 00:01.770, 26Mb)
Sushi: info  Resolved hl7.fhir.uv.tools.r4#latest to concrete version 1.1.2                          (00:00.383 / 00:02.153, 26Mb)
Sushi: info  Loaded hl7.fhir.uv.tools.r4#1.1.2 with 119 resources                                    (00:00.075 / 00:02.228, 26Mb)
Sushi: info  Loaded hl7.terminology.r4#7.3.0 with 4176 resources                                     (00:01.712 / 00:03.946, 26Mb)
Sushi: info  Loaded de.einwilligungsmanagement#2.0.2-snapshots with 32 resources                     (00:00.028 / 00:03.969, 26Mb)
Sushi: info  Loaded hl7.fhir.uv.crmi#2.0.0 with 123 resources                                        (00:00.176 / 00:04.146, 26Mb)
Sushi: info  Loaded hl7.fhir.r4.core#4.0.1 with 4578 resources                                       (00:01.855 / 00:06.003, 26Mb)
Sushi: info  Loaded hl7.fhir.uv.extensions.r4#5.3.0 with 885 resources                               (00:00.303 / 00:06.305, 26Mb)
Sushi: info  Found 1 non-JSON / non-XML file(s) in directory: /work/input/resources. Only resource files with JSON or XML extensions are supported. To see the skipped files in the logs, use debug logging. (00:00.017 / 00:06.323, 26Mb)
Sushi: info  Loaded virtual package sushi-local#LOCAL with 1 resources                               (00:00.000 / 00:06.323, 26Mb)
Sushi: info  Converting FSH to FHIR resources...                                                     (00:00.012 / 00:06.336, 26Mb)
Sushi: info  Converted 3 FHIR StructureDefinitions.                                                  (00:00.313 / 00:06.650, 26Mb)
Sushi: warn  The name "MII CS Consent Policy" may not be suitable for machine processing applications such as code generation. Valid names start with an upper-case ASCII letter ('A'..'Z') followed by any combination of upper- or lower-case ASCII letters ('A'..'Z', and 'a'..'z'), numerals ('0'..'9') and '_', with a length limit of 255 characters. (00:00.695 / 00:07.345, 26Mb)
Sushi:   File: /work/input/fsh/codesystems/MII_CS_Consent_Policy.fsh                                 (00:00.000 / 00:07.346, 26Mb)
Sushi:   Line: 5                                                                                     (00:00.000 / 00:07.346, 26Mb)
Sushi: warn  The user-specified ^count (101) does not match the specified number of concepts (124). If this is not a "complete" CodeSystem, set the ^content property to the appropriate value; otherwise fix or remove the ^count. (00:00.967 / 00:08.313, 26Mb)
Sushi:   File: /work/input/fsh/codesystems/MII_CS_Consent_Policy.fsh                                 (00:00.000 / 00:08.314, 26Mb)
Sushi:   Line: 20                                                                                    (00:00.000 / 00:08.314, 26Mb)
Sushi: info  Converted 3 FHIR CodeSystems.                                                           (00:00.000 / 00:08.314, 26Mb)
Sushi: info  Converted 3 FHIR ValueSets.                                                             (00:00.252 / 00:08.567, 26Mb)
Sushi: info  Converted 13 FHIR instances.                                                            (00:00.543 / 00:09.113, 26Mb)
Sushi: info  Exporting FHIR resources as JSON...                                                     (00:00.010 / 00:09.121, 26Mb)
Sushi: info  Exported 22 FHIR resources as JSON.                                                     (00:00.046 / 00:09.168, 26Mb)
Sushi: info  Assembling Implementation Guide sources...                                              (00:00.007 / 00:09.175, 26Mb)
Sushi: info  Generated ImplementationGuide-mii-ig-consent.json                                       (00:00.043 / 00:09.218, 26Mb)
Sushi: info  Assembled Implementation Guide sources; ready for IG Publisher.                         (00:00.000 / 00:09.218, 26Mb)
Sushi: info  The _build script hosted at https://github.com/HL7/ig-publisher-scripts is useful for downloading and running the IG Publisher. (00:00.007 / 00:09.225, 26Mb)
Sushi: ========================= SUSHI RESULTS ===========================                           (00:00.001 / 00:09.227, 26Mb)
Sushi: |  -------------------------------------------------------------  |                           (00:00.000 / 00:09.227, 26Mb)
Sushi: | |    Profiles   |  Extensions  |   Logicals   |   Resources   | |                           (00:00.000 / 00:09.227, 26Mb)
Sushi: | |-------------------------------------------------------------| |                           (00:00.000 / 00:09.228, 26Mb)
Sushi: | |       3       |      0       |      0       |       0       | |                           (00:00.000 / 00:09.229, 26Mb)
Sushi: |  -------------------------------------------------------------  |                           (00:00.000 / 00:09.229, 26Mb)
Sushi: |  -------------------------------------------------------------  |                           (00:00.000 / 00:09.229, 26Mb)
Sushi: | |      ValueSets     |    CodeSystems    |     Instances      | |                           (00:00.000 / 00:09.230, 26Mb)
Sushi: | |-------------------------------------------------------------| |                           (00:00.000 / 00:09.230, 26Mb)
Sushi: | |         3          |         3         |         13         | |                           (00:00.000 / 00:09.230, 26Mb)
Sushi: |  -------------------------------------------------------------  |                           (00:00.000 / 00:09.230, 26Mb)
Sushi: |                                                                 |                           (00:00.000 / 00:09.230, 26Mb)
Sushi: ===================================================================                           (00:00.000 / 00:09.231, 26Mb)
Sushi: | Something smells fishy...              0 Errors      2 Warnings |                           (00:00.000 / 00:09.231, 26Mb)
Sushi: ===================================================================                           (00:00.000 / 00:09.231, 26Mb)
Root directory: /work                                                                                (00:00.033 / 00:09.265, 26Mb)
Unable to load IG as an r5 IG - try R4 (property code is a class com.google.gson.JsonPrimitive looking for an object) (00:00.371 / 00:09.636, 57Mb)
Load Template from https://github.com/medizininformatik-initiative/ig-template-mii-kds               (00:00.444 / 00:10.080, 36Mb)
 Load Template from fhir2.base.template#0.1.0                                                        (00:01.453 / 00:11.534, 36Mb)
Scanning directory: /work/template
======================================================================
Check folders                                                                                        (00:08.581 / 00:20.116, 138Mb)
Source: /work/input/predefined-resources                                                             (00:00.003 / 00:20.119, 138Mb)
Source: /work/input/capabilities                                                                     (00:00.000 / 00:20.119, 138Mb)
Source: /work/input/examples                                                                         (00:00.000 / 00:20.120, 138Mb)
Source: /work/input/extensions                                                                       (00:00.000 / 00:20.120, 138Mb)
Source: /work/input/models                                                                           (00:00.000 / 00:20.120, 138Mb)
Source: /work/input/operations                                                                       (00:00.000 / 00:20.121, 138Mb)
Source: /work/input/profiles                                                                         (00:00.000 / 00:20.121, 138Mb)
Source: /work/input/resources                                                                        (00:00.000 / 00:20.121, 138Mb)
Source: /work/input/vocabulary                                                                       (00:00.000 / 00:20.121, 138Mb)
Source: /work/input/testing                                                                          (00:00.000 / 00:20.122, 138Mb)
Source: /work/input/history                                                                          (00:00.000 / 00:20.122, 138Mb)
Source: /work/fsh-generated/resources                                                                (00:00.000 / 00:20.122, 138Mb)
Pages: /work/input/intro-notes                                                                       (00:00.045 / 00:20.168, 143Mb)
Pages: /work/template/config                                                                         (00:00.000 / 00:20.168, 143Mb)
Pages: /work/input/images                                                                            (00:00.000 / 00:20.169, 143Mb)
Output: /work/output                                                                                 (00:00.000 / 00:20.169, 143Mb)
QA Dir: /work/temp/qa                                                                                (00:00.607 / 00:20.776, 151Mb)
Terminology Cache is at /work/input-cache/txcache. 16 files in cache                                 (00:00.004 / 00:20.780, 151Mb)
Load Terminology Cache from /work/input-cache/txcache                                                (00:00.000 / 00:20.780, 151Mb)
Core Package hl7.fhir.r4.core#4.0.1                                                                  (00:00.000 / 00:20.781, 151Mb)
Load hl7.fhir.core-4.0.1 package from /home/publisher/.fhir/packages/hl7.fhir.r4.core#4.0.1          (00:00.169 / 00:20.950, 174Mb)
Running Terminology Log: /tmp/ohfu-fhir-ig-12779900969037106995.html
Connect to Terminology Server at https://tx.fhir.org                                                 (00:03.607 / 00:24.557, 217Mb)
Connect to https://tx.fhir.org/r4                                                                    (00:00.955 / 00:25.513, 231Mb)
[39mLoad Package hl7.fhir.pubpack#0.2.5
[0;39m[39mLoad Package hl7.fhir.xver-extensions#0.1.0
[0;39mLoad de_einwilligungsmanagement (http://fhir.org/packages/de.einwilligungsmanagement) from de.einwilligungsmanagement#2.0.2-snapshots (00:00.039 / 00:25.553, 233Mb)
[39mLoad Package de.einwilligungsmanagement#2.0.2-snapshots
[0;39mLoad hl7_fhir_uv_crmi (http://hl7.org/fhir/uv/crmi) from hl7.fhir.uv.crmi#2.0.0                      (00:00.016 / 00:25.570, 235Mb)
Load package dependency hl7.terminology.r4#7.2.0                                                     (00:00.146 / 00:25.716, 253Mb)
Load package dependency hl7.fhir.uv.extensions.r4#5.3.0                                              (00:00.091 / 00:25.808, 287Mb)
Load package dependency hl7.terminology.r4#7.1.0                                                     (00:00.181 / 00:25.989, 209Mb)
Load package dependency hl7.fhir.uv.extensions.r4#5.2.0                                              (00:00.083 / 00:26.073, 240Mb)
[39mLoad Package hl7.fhir.uv.extensions.r4#5.2.0
[0;39m[39mLoad Package hl7.terminology.r4#7.1.0
[0;39m[39mLoad Package hl7.fhir.uv.extensions.r4#5.3.0
[0;39m[39mLoad Package hl7.terminology.r4#7.2.0
[0;39m[39mLoad Package hl7.fhir.uv.crmi#2.0.0
[0;39mLoad hl7_terminology_r4 (http://terminology.hl7.org) from hl7.terminology.r4#7.3.0                   (00:03.941 / 00:30.014, 683Mb)
[39mLoad Package hl7.terminology.r4#7.3.0
[0;39mLoad hl7_fhir_uv_extensions_r4 (http://hl7.org/fhir/extensions) from hl7.fhir.uv.extensions.r4#5.3.0 (00:01.645 / 00:31.660, 518Mb)
[39mLoad Package hl7.fhir.uv.extensions.r4#5.3.0
[0;39mLoad igtools (http://hl7.org/fhir/tools) from hl7.fhir.uv.tools.r4#1.1.2                             (00:00.015 / 00:31.675, 525Mb)
[39mLoad Package hl7.fhir.uv.tools.r4#1.1.2
[0;39mLoad R5 Specials
[1;31mThe slice definition for Questionnaire.item.extension:xacmlTemplate.extension has a minimum of 0 but the slices add up to a minimum of 1
[0;39m[1;31mThe element Questionnaire.item.text.extension:renderingMarkdown.value[x]:valueMarkdown launches straight into slicing without the slicing being set up properly first
[0;39m[1;31mThe element Questionnaire.item.text.extension:renderingXhtml.value[x]:valueString launches straight into slicing without the slicing being set up properly first
[0;39m[1;31mThe element Questionnaire.item.text.extension:renderingMarkdown.value[x]:valueMarkdown launches straight into slicing without the slicing being set up properly first
[0;39m[1;31mThe element Questionnaire.item.text.extension:renderingXhtml.value[x]:valueString launches straight into slicing without the slicing being set up properly first
[0;39m[1;31mThe element Questionnaire.item.text.extension:renderingMarkdown.value[x]:valueMarkdown launches straight into slicing without the slicing being set up properly first
[0;39m[1;31mThe element Questionnaire.item.text.extension:renderingXhtml.value[x]:valueString launches straight into slicing without the slicing being set up properly first
[0;39mInitialization complete                                                                              (00:01.966 / 00:33.642, 553Mb)
Load IG                                                                                              (00:00.003 / 00:33.644, 553Mb)
Load Translations                                                                                    (00:00.014 / 00:33.659, 553Mb)
Load Content                                                                                         (00:00.000 / 00:33.660, 553Mb)
-force-language=null defaultTranslationLang=de sourceIg.language=de sourceIg.jurisdiction=DE         (00:00.055 / 00:33.715, 561Mb)
Using de as the default narrative language. (Implementation Guide param i18n-default-lang)           (00:00.000 / 00:33.716, 561Mb)
Loaded 23 files from /work/fsh-generated/resources                                                   (00:00.129 / 00:33.845, 580Mb)
Loaded 1 files from /work/input/resources                                                            (00:00.002 / 00:33.848, 580Mb)
load /work/fsh-generated/resources/CapabilityStatement-mii-cap-consent-server.json                   (00:00.000 / 00:33.849, 580Mb)
load /work/fsh-generated/resources/CodeSystem-2.16.840.1.113883.3.1937.777.24.5.2--20210423105554.json (00:00.003 / 00:33.852, 580Mb)
load /work/fsh-generated/resources/CodeSystem-2.16.840.1.113883.3.1937.777.24.5.3--20251211153003.json (00:00.001 / 00:33.854, 581Mb)
load /work/fsh-generated/resources/CodeSystem-mii-cs-consent-version-modules.json                    (00:00.004 / 00:33.858, 584Mb)
load /work/fsh-generated/resources/Consent-34150a23-b1c8-404f-874f-e042a30435d2.json                 (00:00.003 / 00:33.861, 586Mb)
load /work/fsh-generated/resources/Consent-5143266b-8d60-4b28-8ee9-635140ffa5bb.json                 (00:00.002 / 00:33.864, 586Mb)
load /work/fsh-generated/resources/Consent-89f494a3-cd75-44f5-a78a-581dfdd47a94.json                 (00:00.003 / 00:33.867, 588Mb)
load /work/fsh-generated/resources/Consent-Example-MII-Consent-ResultType-document.json              (00:00.004 / 00:33.871, 589Mb)
load /work/fsh-generated/resources/DocumentReference-8a3d1799-2463-405e-b49c-6a16c8692b01.json       (00:00.001 / 00:33.873, 589Mb)
load /work/fsh-generated/resources/Provenance-55219d12-6245-4de4-8b50-ddf6f16a789b.json              (00:00.001 / 00:33.874, 589Mb)
load /work/fsh-generated/resources/SearchParameter-mii-sp-consent-policyuri.json                     (00:00.002 / 00:33.877, 590Mb)
load /work/fsh-generated/resources/SearchParameter-mii-sp-consent-provisioncode.json                 (00:00.001 / 00:33.878, 590Mb)
load /work/fsh-generated/resources/SearchParameter-mii-sp-consent-provisioncodeperiod.json           (00:00.001 / 00:33.879, 590Mb)
load /work/fsh-generated/resources/SearchParameter-mii-sp-consent-provisioncodetype.json             (00:00.000 / 00:33.880, 590Mb)
load /work/fsh-generated/resources/SearchParameter-mii-sp-consent-provisionperiod.json               (00:00.000 / 00:33.881, 590Mb)
load /work/fsh-generated/resources/SearchParameter-mii-sp-consent-provisiontype.json                 (00:00.001 / 00:33.882, 590Mb)
load /work/fsh-generated/resources/StructureDefinition-56375452-bfa1-4111-af7c-5b5ba9a1857c.json     (00:00.000 / 00:33.883, 590Mb)
load /work/fsh-generated/resources/StructureDefinition-e0e166b4-0f77-478d-9062-de0034d98ce0.json     (00:00.001 / 00:33.885, 591Mb)
load /work/fsh-generated/resources/StructureDefinition-f675b1e8-9f3f-44e8-bb59-9681f78eb464.json     (00:00.004 / 00:33.889, 593Mb)
load /work/fsh-generated/resources/ValueSet-2.16.840.1.113883.3.1937.777.24.11.30--20210323234509.json (00:00.001 / 00:33.890, 593Mb)
load /work/fsh-generated/resources/ValueSet-2.16.840.1.113883.3.1937.777.24.11.36--20230331232804.json (00:00.001 / 00:33.892, 594Mb)
load /work/fsh-generated/resources/ValueSet-88464c5b-5338-4c2b-9c07-b42fef2ada64.json                (00:00.000 / 00:33.893, 594Mb)
load /work/input/resources/Parameters-expansion-manifest.json                                        (00:00.001 / 00:33.894, 594Mb)
Ignoring file /work/input/translations/en/ImplementationGuide-mii-ig-consent.po - resource type 'ImplementationGuide' is not supported for translation supplements
Process Loaded Resources                                                                             (00:00.004 / 00:33.899, 594Mb)
process res: CodeSystem/2.16.840.1.113883.3.1937.777.24.5.2--20210423105554                          (00:00.000 / 00:33.899, 594Mb)
process res: CodeSystem/2.16.840.1.113883.3.1937.777.24.5.3--20251211153003                          (00:00.015 / 00:33.915, 595Mb)
process res: CodeSystem/mii-cs-consent-version-modules                                               (00:00.020 / 00:33.935, 602Mb)
process res: ValueSet/2.16.840.1.113883.3.1937.777.24.11.30--20210323234509                          (00:00.007 / 00:33.943, 605Mb)
process res: ValueSet/2.16.840.1.113883.3.1937.777.24.11.36--20230331232804                          (00:00.010 / 00:33.953, 606Mb)
process res: ValueSet/88464c5b-5338-4c2b-9c07-b42fef2ada64                                           (00:00.004 / 00:33.958, 607Mb)
process res: StructureDefinition/56375452-bfa1-4111-af7c-5b5ba9a1857c                                (00:00.004 / 00:33.962, 608Mb)
process res: StructureDefinition/e0e166b4-0f77-478d-9062-de0034d98ce0                                (00:00.008 / 00:33.970, 608Mb)
process res: StructureDefinition/f675b1e8-9f3f-44e8-bb59-9681f78eb464                                (00:00.012 / 00:33.982, 613Mb)
process res: SearchParameter/mii-sp-consent-policyuri                                                (00:00.003 / 00:33.985, 613Mb)
process res: SearchParameter/mii-sp-consent-provisioncode                                            (00:00.007 / 00:33.992, 614Mb)
process res: SearchParameter/mii-sp-consent-provisioncodeperiod                                      (00:00.003 / 00:33.995, 614Mb)
process res: SearchParameter/mii-sp-consent-provisioncodetype                                        (00:00.003 / 00:33.999, 615Mb)
process res: SearchParameter/mii-sp-consent-provisionperiod                                          (00:00.002 / 00:34.001, 615Mb)
process res: SearchParameter/mii-sp-consent-provisiontype                                            (00:00.001 / 00:34.003, 616Mb)
process res: CapabilityStatement/mii-cap-consent-server                                              (00:00.002 / 00:34.005, 616Mb)
process res: ImplementationGuide/mii-ig-consent                                                      (00:00.007 / 00:34.013, 617Mb)
process res: SearchParameter/mii-sp-consent-policyuri                                                (00:00.306 / 00:34.320, 507Mb)
process res: SearchParameter/mii-sp-consent-provisioncode                                            (00:00.002 / 00:34.322, 507Mb)
process res: SearchParameter/mii-sp-consent-provisioncodeperiod                                      (00:00.002 / 00:34.325, 508Mb)
process res: SearchParameter/mii-sp-consent-provisioncodetype                                        (00:00.006 / 00:34.331, 508Mb)
process res: SearchParameter/mii-sp-consent-provisionperiod                                          (00:00.009 / 00:34.341, 509Mb)
process res: SearchParameter/mii-sp-consent-provisiontype                                            (00:00.004 / 00:34.345, 509Mb)
Generating Snapshots                                                                                 (00:00.012 / 00:34.357, 510Mb)
Generate Snapshots                                                                                   (00:00.000 / 00:34.357, 510Mb)
Check Snapshot for https://www.medizininformatik-initiative.de/fhir/modul-consent/StructureDefinition/mii-pr-consent-documentreference (00:00.000 / 00:34.358, 510Mb)
Generate Snapshot for https://www.medizininformatik-initiative.de/fhir/modul-consent/StructureDefinition/mii-pr-consent-documentreference (00:00.000 / 00:34.359, 510Mb)
Context.See https://www.medizininformatik-initiative.de/fhir/modul-consent/StructureDefinition/mii-pr-consent-documentreference (00:00.031 / 00:34.391, 526Mb)
Check Snapshot for https://www.medizininformatik-initiative.de/fhir/modul-consent/StructureDefinition/mii-pr-consent-einwilligung (00:00.014 / 00:34.405, 536Mb)
Generate Snapshot for https://www.medizininformatik-initiative.de/fhir/modul-consent/StructureDefinition/mii-pr-consent-einwilligung (00:00.000 / 00:34.405, 536Mb)
Context.See https://www.medizininformatik-initiative.de/fhir/modul-consent/StructureDefinition/mii-pr-consent-einwilligung (00:00.059 / 00:34.465, 581Mb)
Check Snapshot for https://www.medizininformatik-initiative.de/fhir/modul-consent/StructureDefinition/mii-pr-consent-provenance (00:00.045 / 00:34.511, 617Mb)
Generate Snapshot for https://www.medizininformatik-initiative.de/fhir/modul-consent/StructureDefinition/mii-pr-consent-provenance (00:00.000 / 00:34.511, 617Mb)
Context.See https://www.medizininformatik-initiative.de/fhir/modul-consent/StructureDefinition/mii-pr-consent-provenance (00:00.022 / 00:34.533, 633Mb)

Signing Certificate: RSA key for Subject: OU=IG Publisher, L=Ann Arbor, CN=hl7.org, O=HL7, ST=Missouri, C=us from: OU=IG Publisher, L=Ann Arbor, CN=hl7.org, O=HL7, ST=Missouri, C=us
Fetch https://www.medizininformatik-initiative.de/fhir/modul-consent/package-list.json for version check (00:00.220 / 00:34.754, 654Mb)
Loaded Files: 56                                                                                     (00:00.436 / 00:35.191, 663Mb)
  /work/fsh-generated/resources/ImplementationGuide-mii-ig-consent - 1 Resources                     (00:00.000 / 00:35.191, 663Mb)
    ImplementationGuide/mii-ig-consent                                                               (00:00.000 / 00:35.192, 663Mb)
  /work/fsh-generated/resources/CapabilityStatement-mii-cap-consent-server - 1 Resources             (00:00.000 / 00:35.192, 663Mb)
    CapabilityStatement/mii-cap-consent-server                                                       (00:00.000 / 00:35.192, 663Mb)
  /work/fsh-generated/resources/CodeSystem-2.16.840.1.113883.3.1937.777.24.5.2--20210423105554 - 1 Resources (00:00.000 / 00:35.193, 663Mb)
    CodeSystem/2.16.840.1.113883.3.1937.777.24.5.2--20210423105554                                   (00:00.000 / 00:35.193, 663Mb)
  /work/fsh-generated/resources/CodeSystem-2.16.840.1.113883.3.1937.777.24.5.3--20251211153003 - 1 Resources (00:00.000 / 00:35.194, 663Mb)
    CodeSystem/2.16.840.1.113883.3.1937.777.24.5.3--20251211153003                                   (00:00.000 / 00:35.194, 663Mb)
  /work/fsh-generated/resources/CodeSystem-mii-cs-consent-version-modules - 1 Resources              (00:00.000 / 00:35.194, 663Mb)
    CodeSystem/mii-cs-consent-version-modules                                                        (00:00.000 / 00:35.194, 663Mb)
  /work/fsh-generated/resources/Consent-34150a23-b1c8-404f-874f-e042a30435d2 - 1 Resources           (00:00.000 / 00:35.195, 663Mb)
    Consent/34150a23-b1c8-404f-874f-e042a30435d2                                                     (00:00.000 / 00:35.195, 663Mb)
  /work/fsh-generated/resources/Consent-5143266b-8d60-4b28-8ee9-635140ffa5bb - 1 Resources           (00:00.000 / 00:35.195, 663Mb)
    Consent/5143266b-8d60-4b28-8ee9-635140ffa5bb                                                     (00:00.000 / 00:35.196, 663Mb)
  /work/fsh-generated/resources/Consent-89f494a3-cd75-44f5-a78a-581dfdd47a94 - 1 Resources           (00:00.000 / 00:35.196, 663Mb)
    Consent/89f494a3-cd75-44f5-a78a-581dfdd47a94                                                     (00:00.000 / 00:35.196, 663Mb)
  /work/fsh-generated/resources/Consent-Example-MII-Consent-ResultType-document - 1 Resources        (00:00.000 / 00:35.196, 663Mb)
    Consent/Example-MII-Consent-ResultType-document                                                  (00:00.000 / 00:35.197, 663Mb)
  /work/fsh-generated/resources/DocumentReference-8a3d1799-2463-405e-b49c-6a16c8692b01 - 1 Resources (00:00.000 / 00:35.197, 663Mb)
    DocumentReference/8a3d1799-2463-405e-b49c-6a16c8692b01                                           (00:00.000 / 00:35.197, 663Mb)
  /work/fsh-generated/resources/Provenance-55219d12-6245-4de4-8b50-ddf6f16a789b - 1 Resources        (00:00.000 / 00:35.197, 663Mb)
    Provenance/55219d12-6245-4de4-8b50-ddf6f16a789b                                                  (00:00.000 / 00:35.197, 663Mb)
  /work/fsh-generated/resources/SearchParameter-mii-sp-consent-policyuri - 1 Resources               (00:00.000 / 00:35.198, 663Mb)
    SearchParameter/mii-sp-consent-policyuri                                                         (00:00.000 / 00:35.198, 663Mb)
  /work/fsh-generated/resources/SearchParameter-mii-sp-consent-provisioncode - 1 Resources           (00:00.000 / 00:35.198, 663Mb)
    SearchParameter/mii-sp-consent-provisioncode                                                     (00:00.000 / 00:35.198, 663Mb)
  /work/fsh-generated/resources/SearchParameter-mii-sp-consent-provisioncodeperiod - 1 Resources     (00:00.000 / 00:35.198, 663Mb)
    SearchParameter/mii-sp-consent-provisioncodeperiod                                               (00:00.000 / 00:35.199, 663Mb)
  /work/fsh-generated/resources/SearchParameter-mii-sp-consent-provisioncodetype - 1 Resources       (00:00.000 / 00:35.199, 663Mb)
    SearchParameter/mii-sp-consent-provisioncodetype                                                 (00:00.000 / 00:35.199, 663Mb)
  /work/fsh-generated/resources/SearchParameter-mii-sp-consent-provisionperiod - 1 Resources         (00:00.000 / 00:35.199, 663Mb)
    SearchParameter/mii-sp-consent-provisionperiod                                                   (00:00.000 / 00:35.200, 663Mb)
  /work/fsh-generated/resources/SearchParameter-mii-sp-consent-provisiontype - 1 Resources           (00:00.000 / 00:35.200, 663Mb)
    SearchParameter/mii-sp-consent-provisiontype                                                     (00:00.000 / 00:35.200, 663Mb)
  /work/fsh-generated/resources/StructureDefinition-56375452-bfa1-4111-af7c-5b5ba9a1857c - 1 Resources (00:00.000 / 00:35.201, 663Mb)
    StructureDefinition/56375452-bfa1-4111-af7c-5b5ba9a1857c                                         (00:00.000 / 00:35.201, 663Mb)
  /work/fsh-generated/resources/StructureDefinition-e0e166b4-0f77-478d-9062-de0034d98ce0 - 1 Resources (00:00.000 / 00:35.201, 663Mb)
    StructureDefinition/e0e166b4-0f77-478d-9062-de0034d98ce0                                         (00:00.000 / 00:35.202, 663Mb)
  /work/fsh-generated/resources/StructureDefinition-f675b1e8-9f3f-44e8-bb59-9681f78eb464 - 1 Resources (00:00.000 / 00:35.202, 663Mb)
    StructureDefinition/f675b1e8-9f3f-44e8-bb59-9681f78eb464                                         (00:00.000 / 00:35.202, 663Mb)
  /work/fsh-generated/resources/ValueSet-2.16.840.1.113883.3.1937.777.24.11.30--20210323234509 - 1 Resources (00:00.000 / 00:35.202, 663Mb)
    ValueSet/2.16.840.1.113883.3.1937.777.24.11.30--20210323234509                                   (00:00.001 / 00:35.204, 663Mb)
  /work/fsh-generated/resources/ValueSet-2.16.840.1.113883.3.1937.777.24.11.36--20230331232804 - 1 Resources (00:00.000 / 00:35.204, 663Mb)
    ValueSet/2.16.840.1.113883.3.1937.777.24.11.36--20230331232804                                   (00:00.000 / 00:35.204, 663Mb)
  /work/fsh-generated/resources/ValueSet-88464c5b-5338-4c2b-9c07-b42fef2ada64 - 1 Resources          (00:00.000 / 00:35.204, 663Mb)
    ValueSet/88464c5b-5338-4c2b-9c07-b42fef2ada64                                                    (00:00.000 / 00:35.205, 663Mb)
  /work/input/resources/Parameters-expansion-manifest - 1 Resources                                  (00:00.000 / 00:35.205, 663Mb)
    Parameters/mii-param-consent-manifest                                                            (00:00.000 / 00:35.205, 663Mb)
  /work/input/includes/menu - 0 Resources                                                            (00:00.000 / 00:35.206, 663Mb)
  /work/fsh-generated/includes/fsh-link-references - 0 Resources                                     (00:00.000 / 00:35.206, 663Mb)
  /work/input/intro-notes/StructureDefinition-e0e166b4-0f77-478d-9062-de0034d98ce0-intro - 0 Resources (00:00.000 / 00:35.206, 663Mb)
  /work/input/intro-notes/StructureDefinition-f675b1e8-9f3f-44e8-bb59-9681f78eb464-intro - 0 Resources (00:00.000 / 00:35.206, 663Mb)
  /work/input/intro-notes/StructureDefinition-56375452-bfa1-4111-af7c-5b5ba9a1857c-intro - 0 Resources (00:00.000 / 00:35.206, 663Mb)
  /work/input/pagecontent/logical-models - 0 Resources                                               (00:00.000 / 00:35.207, 663Mb)
  /work/input/pagecontent/examples - 0 Resources                                                     (00:00.000 / 00:35.207, 663Mb)
  /work/input/pagecontent/value-sets - 0 Resources                                                   (00:00.000 / 00:35.207, 663Mb)
  /work/input/pagecontent/uml-diagrams - 0 Resources                                                 (00:00.000 / 00:35.207, 663Mb)
  /work/input/pagecontent/frageboegen - 0 Resources                                                  (00:00.000 / 00:35.208, 663Mb)
  /work/input/pagecontent/profiles - 0 Resources                                                     (00:00.000 / 00:35.208, 663Mb)
  /work/input/pagecontent/guidance - 0 Resources                                                     (00:00.000 / 00:35.208, 663Mb)
  /work/input/pagecontent/implementer-guidance - 0 Resources                                         (00:00.000 / 00:35.208, 663Mb)
  /work/input/pagecontent/security-and-privacy - 0 Resources                                         (00:00.000 / 00:35.208, 663Mb)
  /work/input/pagecontent/search-parameters - 0 Resources                                            (00:00.000 / 00:35.209, 663Mb)
  /work/input/pagecontent/capability-statements - 0 Resources                                        (00:00.000 / 00:35.209, 663Mb)
  /work/input/pagecontent/ImplementationGuide-mii-ig-consent - 0 Resources                           (00:00.000 / 00:35.209, 663Mb)
  /work/input/pagecontent/index - 0 Resources                                                        (00:00.000 / 00:35.209, 663Mb)
  /work/input/pagecontent/version-history - 0 Resources                                              (00:00.000 / 00:35.209, 663Mb)
  /work/input/pagecontent/translationinfo - 0 Resources                                              (00:00.000 / 00:35.210, 663Mb)
  /work/input/pagecontent/changes - 0 Resources                                                      (00:00.000 / 00:35.210, 663Mb)
  /work/input/pagecontent/downloads - 0 Resources                                                    (00:00.000 / 00:35.210, 663Mb)
  /work/input/pagecontent/code-systems - 0 Resources                                                 (00:00.000 / 00:35.210, 663Mb)
  /work/input/intro-notes - 0 Resources                                                              (00:00.000 / 00:35.210, 663Mb)
  /work/input/intro-notes/StructureDefinition-e0e166b4-0f77-478d-9062-de0034d98ce0-intro - 0 Resources (00:00.000 / 00:35.211, 663Mb)
  /work/input/intro-notes/StructureDefinition-f675b1e8-9f3f-44e8-bb59-9681f78eb464-intro - 0 Resources (00:00.000 / 00:35.211, 663Mb)
  /work/input/intro-notes/StructureDefinition-56375452-bfa1-4111-af7c-5b5ba9a1857c-intro - 0 Resources (00:00.000 / 00:35.211, 663Mb)
  /work/template/config - 0 Resources                                                                (00:00.000 / 00:35.211, 663Mb)
  /work/template/config/_config - 0 Resources                                                        (00:00.000 / 00:35.211, 663Mb)
  /work/input/images - 0 Resources                                                                   (00:00.000 / 00:35.212, 663Mb)
  /work/input/images/MII-KDS_de_Consent - 0 Resources                                                (00:00.000 / 00:35.212, 663Mb)
  /work/input/images/information-model_UML-Diagramm_MII-spez - 0 Resources                           (00:00.000 / 00:35.212, 663Mb)
Checking Language                                                                                    (00:00.020 / 00:35.233, 665Mb)
process type: NamingSystem                                                                           (00:00.000 / 00:35.233, 665Mb)
process type: CodeSystem                                                                             (00:00.000 / 00:35.234, 665Mb)
process type: ValueSet                                                                               (00:00.000 / 00:35.234, 665Mb)
process type: ConceptMap                                                                             (00:00.000 / 00:35.235, 665Mb)
process type: DataElement                                                                            (00:00.000 / 00:35.235, 665Mb)
process type: StructureDefinition                                                                    (00:00.000 / 00:35.236, 665Mb)
process type: OperationDefinition                                                                    (00:00.000 / 00:35.236, 665Mb)
process type: SearchParameter                                                                        (00:00.000 / 00:35.236, 666Mb)
process type: CapabilityStatement                                                                    (00:00.000 / 00:35.237, 666Mb)
process type: Conformance                                                                            (00:00.000 / 00:35.237, 666Mb)
process type: StructureMap                                                                           (00:00.000 / 00:35.238, 666Mb)
process type: ActivityDefinition                                                                     (00:00.000 / 00:35.238, 666Mb)
process type: Citation                                                                               (00:00.000 / 00:35.238, 666Mb)
process type: ChargeItemDefinition                                                                   (00:00.000 / 00:35.239, 666Mb)
process type: CompartmentDefinition                                                                  (00:00.000 / 00:35.239, 666Mb)
process type: ConceptMap                                                                             (00:00.000 / 00:35.240, 666Mb)
process type: ConditionDefinition                                                                    (00:00.000 / 00:35.240, 666Mb)
process type: EffectEvidenceSynthesis                                                                (00:00.000 / 00:35.240, 666Mb)
process type: EventDefinition                                                                        (00:00.000 / 00:35.240, 666Mb)
process type: Evidence                                                                               (00:00.000 / 00:35.240, 666Mb)
process type: EvidenceVariable                                                                       (00:00.000 / 00:35.241, 666Mb)
process type: ExampleScenario                                                                        (00:00.000 / 00:35.241, 666Mb)
process type: GraphDefinition                                                                        (00:00.000 / 00:35.241, 666Mb)
process type: ImplementationGuide                                                                    (00:00.000 / 00:35.241, 666Mb)
process type: Library                                                                                (00:00.000 / 00:35.242, 666Mb)
process type: Measure                                                                                (00:00.000 / 00:35.242, 666Mb)
process type: MessageDefinition                                                                      (00:00.000 / 00:35.242, 666Mb)
process type: PlanDefinition                                                                         (00:00.000 / 00:35.242, 666Mb)
process type: Questionnaire                                                                          (00:00.000 / 00:35.243, 666Mb)
process type: ResearchDefinition                                                                     (00:00.000 / 00:35.244, 666Mb)
process type: ResearchElementDefinition                                                              (00:00.000 / 00:35.244, 666Mb)
process type: RiskEvidenceSynthesis                                                                  (00:00.000 / 00:35.244, 666Mb)
process type: SearchParameter                                                                        (00:00.000 / 00:35.245, 666Mb)
process type: Statistic                                                                              (00:00.000 / 00:35.245, 666Mb)
process type: TerminologyCapabilities                                                                (00:00.000 / 00:35.245, 666Mb)
process type: TestPlan                                                                               (00:00.000 / 00:35.246, 666Mb)
process type: TestScript                                                                             (00:00.000 / 00:35.246, 666Mb)
process type: ActorDefinition                                                                        (00:00.000 / 00:35.247, 666Mb)
process type: SubscriptionTopic                                                                      (00:00.000 / 00:35.247, 666Mb)
process type: Requirements                                                                           (00:00.000 / 00:35.247, 666Mb)
Load Dependency Info                                                                                 (00:00.000 / 00:35.248, 666Mb)
Load Info                                                                                            (00:00.001 / 00:35.249, 666Mb)
Load Paths                                                                                           (00:00.000 / 00:35.250, 667Mb)
Check R4 / R4B                                                                                       (00:00.000 / 00:35.251, 667Mb)
R4/R4B Check                                                                                         (00:00.000 / 00:35.251, 667Mb)
Assign Comparison Ids                                                                                (00:00.024 / 00:35.275, 675Mb)
Propagating status                                                                                   (00:00.000 / 00:35.275, 675Mb)
propagating status                                                                                   (00:00.001 / 00:35.277, 675Mb)
Generating Narratives                                                                                (00:00.000 / 00:35.277, 675Mb)
gen narratives                                                                                       (00:00.000 / 00:35.278, 675Mb)
generate narrative for ImplementationGuide-mii-ig-consent.json : mii-ig-consent                      (00:00.000 / 00:35.278, 675Mb)
generate narrative for CapabilityStatement-mii-cap-consent-server.json : mii-cap-consent-server      (00:00.068 / 00:35.347, 686Mb)
generate narrative for CodeSystem-2.16.840.1.113883.3.1937.777.24.5.2--20210423105554.json : 2.16.840.1.113883.3.1937.777.24.5.2--20210423105554 (00:00.020 / 00:35.368, 689Mb)
generate narrative for CodeSystem-2.16.840.1.113883.3.1937.777.24.5.3--20251211153003.json : 2.16.840.1.113883.3.1937.777.24.5.3--20251211153003 (00:00.007 / 00:35.375, 691Mb)
generate narrative for CodeSystem-mii-cs-consent-version-modules.json : mii-cs-consent-version-modules (00:00.034 / 00:35.410, 706Mb)
generate narrative for Consent-34150a23-b1c8-404f-874f-e042a30435d2.json : 34150a23-b1c8-404f-874f-e042a30435d2 (00:00.010 / 00:35.420, 711Mb)
generate narrative for Consent-5143266b-8d60-4b28-8ee9-635140ffa5bb.json : 5143266b-8d60-4b28-8ee9-635140ffa5bb (00:00.115 / 00:35.536, 717Mb)
generate narrative for Consent-89f494a3-cd75-44f5-a78a-581dfdd47a94.json : 89f494a3-cd75-44f5-a78a-581dfdd47a94 (00:00.016 / 00:35.552, 722Mb)
generate narrative for Consent-Example-MII-Consent-ResultType-document.json : Example-MII-Consent-ResultType-document (00:00.003 / 00:35.556, 724Mb)
generate narrative for DocumentReference-8a3d1799-2463-405e-b49c-6a16c8692b01.json : 8a3d1799-2463-405e-b49c-6a16c8692b01 (00:00.005 / 00:35.561, 725Mb)
generate narrative for Provenance-55219d12-6245-4de4-8b50-ddf6f16a789b.json : 55219d12-6245-4de4-8b50-ddf6f16a789b (00:00.021 / 00:35.582, 726Mb)
generate narrative for SearchParameter-mii-sp-consent-policyuri.json : mii-sp-consent-policyuri      (00:00.049 / 00:35.631, 728Mb)
generate narrative for SearchParameter-mii-sp-consent-provisioncode.json : mii-sp-consent-provisioncode (00:00.008 / 00:35.639, 729Mb)
generate narrative for SearchParameter-mii-sp-consent-provisioncodeperiod.json : mii-sp-consent-provisioncodeperiod (00:00.003 / 00:35.643, 730Mb)
generate narrative for SearchParameter-mii-sp-consent-provisioncodetype.json : mii-sp-consent-provisioncodetype (00:00.005 / 00:35.648, 730Mb)
generate narrative for SearchParameter-mii-sp-consent-provisionperiod.json : mii-sp-consent-provisionperiod (00:00.004 / 00:35.652, 731Mb)
generate narrative for SearchParameter-mii-sp-consent-provisiontype.json : mii-sp-consent-provisiontype (00:00.002 / 00:35.654, 732Mb)
generate narrative for StructureDefinition-56375452-bfa1-4111-af7c-5b5ba9a1857c.json : 56375452-bfa1-4111-af7c-5b5ba9a1857c (00:00.004 / 00:35.659, 733Mb)
generate narrative for StructureDefinition-e0e166b4-0f77-478d-9062-de0034d98ce0.json : e0e166b4-0f77-478d-9062-de0034d98ce0 (00:00.066 / 00:35.725, 747Mb)
generate narrative for StructureDefinition-f675b1e8-9f3f-44e8-bb59-9681f78eb464.json : f675b1e8-9f3f-44e8-bb59-9681f78eb464 (00:00.144 / 00:35.869, 816Mb)
generate narrative for ValueSet-2.16.840.1.113883.3.1937.777.24.11.30--20210323234509.json : 2.16.840.1.113883.3.1937.777.24.11.30--20210323234509 (00:00.035 / 00:35.905, 831Mb)
generate narrative for ValueSet-2.16.840.1.113883.3.1937.777.24.11.36--20230331232804.json : 2.16.840.1.113883.3.1937.777.24.11.36--20230331232804 (00:00.061 / 00:35.966, 840Mb)
generate narrative for ValueSet-88464c5b-5338-4c2b-9c07-b42fef2ada64.json : 88464c5b-5338-4c2b-9c07-b42fef2ada64 (00:00.005 / 00:35.972, 841Mb)
generate narrative for resources/Parameters-expansion-manifest.json : mii-param-consent-manifest     (00:00.005 / 00:35.978, 842Mb)
Validating Conformance Resources                                                                     (00:00.000 / 00:35.978, 842Mb)
validate res: CodeSystem/2.16.840.1.113883.3.1937.777.24.5.2--20210423105554                         (00:00.000 / 00:35.978, 842Mb)
$validate http://snomed.info/sct#900000000000013009: "Synonym" for Include 2 codes from http://snomed.info/sct on https://tx.fhir.org/r4 (00:01.249 / 00:37.229, 760Mb)
$validate http://snomed.info/sct#900000000000013009: "Synonym" for Include 2 codes from http://snomed.info/sct on https://tx.fhir.org/r4 (00:00.205 / 00:37.434, 761Mb)
$validate http://snomed.info/sct#900000000000013009: "Synonym" for Include 2 codes from http://snomed.info/sct on https://tx.fhir.org/r4 (00:00.223 / 00:37.657, 761Mb)
$validate http://snomed.info/sct#900000000000013009: "Synonym" for Include 2 codes from http://snomed.info/sct on https://tx.fhir.org/r4 (00:00.186 / 00:37.844, 762Mb)
$validate http://snomed.info/sct#900000000000013009: "Synonym" for Include 2 codes from http://snomed.info/sct on https://tx.fhir.org/r4 (00:00.193 / 00:38.038, 762Mb)
$validate http://snomed.info/sct#900000000000013009: "Synonym" for Include 2 codes from http://snomed.info/sct on https://tx.fhir.org/r4 (00:00.225 / 00:38.264, 763Mb)
validate res: CodeSystem/2.16.840.1.113883.3.1937.777.24.5.3--20251211153003                         (00:00.208 / 00:38.472, 764Mb)
validate res: CodeSystem/mii-cs-consent-version-modules                                              (00:00.093 / 00:38.566, 782Mb)
$validate http://snomed.info/sct#900000000000003001: "Fully specified name" for Include 2 codes from http://snomed.info/sct on https://tx.fhir.org/r4 (00:00.041 / 00:38.607, 786Mb)
$validate http://snomed.info/sct#900000000000003001: "Fully specified name" for Include 2 codes from http://snomed.info/sct on https://tx.fhir.org/r4 (00:00.209 / 00:38.817, 787Mb)
$validate http://snomed.info/sct#900000000000003001: "Fully specified name" for Include 2 codes from http://snomed.info/sct on https://tx.fhir.org/r4 (00:00.225 / 00:39.042, 787Mb)
$validate http://snomed.info/sct#900000000000003001: "Fully specified name" for Include 2 codes from http://snomed.info/sct on https://tx.fhir.org/r4 (00:00.261 / 00:39.303, 788Mb)
$validate http://snomed.info/sct#900000000000003001: "Fully specified name" for Include 2 codes from http://snomed.info/sct on https://tx.fhir.org/r4 (00:00.198 / 00:39.502, 788Mb)
$validate http://snomed.info/sct#900000000000003001: "Fully specified name" for Include 2 codes from http://snomed.info/sct on https://tx.fhir.org/r4 (00:00.174 / 00:39.676, 789Mb)
$validate http://snomed.info/sct#900000000000003001: "Fully specified name" for Include 2 codes from http://snomed.info/sct on https://tx.fhir.org/r4 (00:00.225 / 00:39.903, 789Mb)
$validate http://snomed.info/sct#900000000000003001: "Fully specified name" for Include 2 codes from http://snomed.info/sct on https://tx.fhir.org/r4 (00:00.224 / 00:40.127, 790Mb)
$validate http://snomed.info/sct#900000000000003001: "Fully specified name" for Include 2 codes from http://snomed.info/sct on https://tx.fhir.org/r4 (00:00.173 / 00:40.301, 791Mb)
$validate http://snomed.info/sct#900000000000003001: "Fully specified name" for Include 2 codes from http://snomed.info/sct on https://tx.fhir.org/r4 (00:00.254 / 00:40.555, 791Mb)
$validate http://snomed.info/sct#900000000000003001: "Fully specified name" for Include 2 codes from http://snomed.info/sct on https://tx.fhir.org/r4 (00:00.194 / 00:40.750, 792Mb)
$validate http://snomed.info/sct#900000000000003001: "Fully specified name" for Include 2 codes from http://snomed.info/sct on https://tx.fhir.org/r4 (00:00.248 / 00:40.998, 792Mb)
$validate http://snomed.info/sct#900000000000003001: "Fully specified name" for Include 2 codes from http://snomed.info/sct on https://tx.fhir.org/r4 (00:00.192 / 00:41.190, 793Mb)
$validate http://snomed.info/sct#900000000000003001: "Fully specified name" for Include 2 codes from http://snomed.info/sct on https://tx.fhir.org/r4 (00:00.192 / 00:41.383, 793Mb)
$validate http://snomed.info/sct#900000000000003001: "Fully specified name" for Include 2 codes from http://snomed.info/sct on https://tx.fhir.org/r4 (00:00.192 / 00:41.575, 794Mb)
$validate http://snomed.info/sct#900000000000003001: "Fully specified name" for Include 2 codes from http://snomed.info/sct on https://tx.fhir.org/r4 (00:00.310 / 00:41.885, 794Mb)
$validate http://snomed.info/sct#900000000000003001: "Fully specified name" for Include 2 codes from http://snomed.info/sct on https://tx.fhir.org/r4 (00:00.187 / 00:42.073, 795Mb)
$validate http://snomed.info/sct#900000000000003001: "Fully specified name" for Include 2 codes from http://snomed.info/sct on https://tx.fhir.org/r4 (00:00.198 / 00:42.271, 795Mb)
$validate http://snomed.info/sct#900000000000003001: "Fully specified name" for Include 2 codes from http://snomed.info/sct on https://tx.fhir.org/r4 (00:00.187 / 00:42.458, 795Mb)
$validate http://snomed.info/sct#900000000000003001: "Fully specified name" for Include 2 codes from http://snomed.info/sct on https://tx.fhir.org/r4 (00:00.195 / 00:42.654, 796Mb)
validate res: ValueSet/2.16.840.1.113883.3.1937.777.24.11.30--20210323234509                         (00:00.212 / 00:42.866, 798Mb)
$validate http://snomed.info/sct#900000000000013009: "Synonym" for Include 2 codes from http://snomed.info/sct on https://tx.fhir.org/r4 (00:00.038 / 00:42.905, 801Mb)
$validate http://snomed.info/sct#900000000000013009: "Synonym" for Include 2 codes from http://snomed.info/sct on https://tx.fhir.org/r4 (00:00.212 / 00:43.118, 802Mb)
$validate http://snomed.info/sct#900000000000013009: "Synonym" for Include 2 codes from http://snomed.info/sct on https://tx.fhir.org/r4 (00:00.188 / 00:43.306, 803Mb)
$validate http://snomed.info/sct#900000000000013009: "Synonym" for Include 2 codes from http://snomed.info/sct on https://tx.fhir.org/r4 (00:00.173 / 00:43.479, 803Mb)
$validate http://snomed.info/sct#900000000000013009: "Synonym" for Include 2 codes from http://snomed.info/sct on https://tx.fhir.org/r4 (00:00.206 / 00:43.685, 804Mb)
$validate http://snomed.info/sct#900000000000013009: "Synonym" for Include 2 codes from http://snomed.info/sct on https://tx.fhir.org/r4 (00:00.244 / 00:43.930, 804Mb)
validate res: ValueSet/2.16.840.1.113883.3.1937.777.24.11.36--20230331232804                         (00:00.238 / 00:44.168, 806Mb)
validate res: ValueSet/88464c5b-5338-4c2b-9c07-b42fef2ada64                                          (00:00.014 / 00:44.182, 809Mb)
validate res: StructureDefinition/56375452-bfa1-4111-af7c-5b5ba9a1857c                               (00:00.010 / 00:44.192, 812Mb)
validate res: StructureDefinition/e0e166b4-0f77-478d-9062-de0034d98ce0                               (00:00.343 / 00:44.536, 426Mb)
validate res: StructureDefinition/f675b1e8-9f3f-44e8-bb59-9681f78eb464                               (00:00.504 / 00:45.041, 676Mb)
validate res: SearchParameter/mii-sp-consent-policyuri                                               (00:00.118 / 00:45.159, 741Mb)
validate res: SearchParameter/mii-sp-consent-provisioncode                                           (00:00.008 / 00:45.168, 743Mb)
validate res: SearchParameter/mii-sp-consent-provisioncodeperiod                                     (00:00.011 / 00:45.180, 745Mb)
validate res: SearchParameter/mii-sp-consent-provisioncodetype                                       (00:00.006 / 00:45.186, 747Mb)
validate res: SearchParameter/mii-sp-consent-provisionperiod                                         (00:00.005 / 00:45.192, 750Mb)
validate res: SearchParameter/mii-sp-consent-provisiontype                                           (00:00.007 / 00:45.200, 752Mb)
validate res: CapabilityStatement/mii-cap-consent-server                                             (00:00.013 / 00:45.214, 754Mb)
validate res: ImplementationGuide/mii-ig-consent                                                     (00:00.014 / 00:45.228, 759Mb)
validate res: SearchParameter/mii-sp-consent-policyuri                                               (00:09.071 / 00:54.302, 424Mb)
validate res: SearchParameter/mii-sp-consent-provisioncode                                           (00:00.003 / 00:54.303, 424Mb)
validate res: SearchParameter/mii-sp-consent-provisioncodeperiod                                     (00:00.000 / 00:54.304, 424Mb)
validate res: SearchParameter/mii-sp-consent-provisioncodetype                                       (00:00.000 / 00:54.304, 424Mb)
validate res: SearchParameter/mii-sp-consent-provisionperiod                                         (00:00.000 / 00:54.304, 424Mb)
validate res: SearchParameter/mii-sp-consent-provisiontype                                           (00:00.000 / 00:54.304, 424Mb)
Check profiles & code systems                                                                        (00:00.000 / 00:54.305, 424Mb)
process CodeSystem: 2.16.840.1.113883.3.1937.777.24.5.2--20210423105554                              (00:00.000 / 00:54.305, 424Mb)
process CodeSystem: 2.16.840.1.113883.3.1937.777.24.5.3--20251211153003                              (00:00.001 / 00:54.306, 424Mb)
process CodeSystem: mii-cs-consent-version-modules                                                   (00:00.000 / 00:54.306, 424Mb)
process profile: 56375452-bfa1-4111-af7c-5b5ba9a1857c                                                (00:00.000 / 00:54.307, 424Mb)
process profile: e0e166b4-0f77-478d-9062-de0034d98ce0                                                (00:00.000 / 00:54.307, 424Mb)
process profile: f675b1e8-9f3f-44e8-bb59-9681f78eb464                                                (00:00.000 / 00:54.308, 424Mb)
Check realm rules                                                                                    (00:00.003 / 00:54.312, 424Mb)
Previous Version Comparison                                                                          (00:00.000 / 00:54.313, 424Mb)
.. loaded. Process                                                                                   (00:00.000 / 00:54.313, 424Mb)
finish previous version comparison                                                                   (00:00.000 / 00:54.313, 424Mb)
finish ipa version                                                                                   (00:00.000 / 00:54.314, 424Mb)
finish ips version                                                                                   (00:00.000 / 00:54.314, 424Mb)
comparisons done                                                                                     (00:00.000 / 00:54.314, 424Mb)
Validate Expressions                                                                                 (00:00.018 / 00:54.332, 424Mb)
scanForUsageStats                                                                                    (00:00.000 / 00:54.333, 424Mb)
Checking for Bundles to sign                                                                         (00:00.004 / 00:54.337, 426Mb)
Validating Resources                                                                                 (00:00.000 / 00:54.337, 426Mb)
 .. validate /work/fsh-generated/resources/ImplementationGuide-mii-ig-consent                        (00:00.000 / 00:54.338, 426Mb)
 .. /work/fsh-generated/resources/ImplementationGuide-mii-ig-consent                                 (00:00.000 / 00:54.338, 426Mb)
 .. validate /work/fsh-generated/resources/CapabilityStatement-mii-cap-consent-server                (00:00.000 / 00:54.339, 426Mb)
 .. /work/fsh-generated/resources/CapabilityStatement-mii-cap-consent-server                         (00:00.000 / 00:54.339, 426Mb)
 .. validate /work/fsh-generated/resources/CodeSystem-2.16.840.1.113883.3.1937.777.24.5.2--20210423105554 (00:00.000 / 00:54.340, 426Mb)
 .. /work/fsh-generated/resources/CodeSystem-2.16.840.1.113883.3.1937.777.24.5.2--20210423105554     (00:00.000 / 00:54.340, 426Mb)
 .. validate /work/fsh-generated/resources/CodeSystem-2.16.840.1.113883.3.1937.777.24.5.3--20251211153003 (00:00.000 / 00:54.340, 426Mb)
 .. /work/fsh-generated/resources/CodeSystem-2.16.840.1.113883.3.1937.777.24.5.3--20251211153003     (00:00.000 / 00:54.341, 426Mb)
 .. validate /work/fsh-generated/resources/CodeSystem-mii-cs-consent-version-modules                 (00:00.001 / 00:54.342, 426Mb)
 .. /work/fsh-generated/resources/CodeSystem-mii-cs-consent-version-modules                          (00:00.000 / 00:54.342, 426Mb)
 .. validate /work/fsh-generated/resources/Consent-34150a23-b1c8-404f-874f-e042a30435d2              (00:00.000 / 00:54.342, 426Mb)
 .. /work/fsh-generated/resources/Consent-34150a23-b1c8-404f-874f-e042a30435d2                       (00:00.000 / 00:54.342, 426Mb)
     validating Consent/34150a23-b1c8-404f-874f-e042a30435d2                                         (00:00.000 / 00:54.343, 426Mb)
$validate https://www.medizininformatik-initiative.de/fhir/modul-consent/CodeSystem/mii-cs-consent-consent_category#2.16.840.1.113883.3.1937.777.24.2.184 on https://tx.fhir.org/r4 (00:00.903 / 00:55.246, 563Mb)
 .. validate /work/fsh-generated/resources/Consent-5143266b-8d60-4b28-8ee9-635140ffa5bb              (00:00.260 / 00:55.506, 568Mb)
 .. /work/fsh-generated/resources/Consent-5143266b-8d60-4b28-8ee9-635140ffa5bb                       (00:00.000 / 00:55.506, 568Mb)
     validating Consent/5143266b-8d60-4b28-8ee9-635140ffa5bb                                         (00:00.000 / 00:55.507, 568Mb)
 .. validate /work/fsh-generated/resources/Consent-89f494a3-cd75-44f5-a78a-581dfdd47a94              (00:00.079 / 00:55.587, 591Mb)
 .. /work/fsh-generated/resources/Consent-89f494a3-cd75-44f5-a78a-581dfdd47a94                       (00:00.000 / 00:55.587, 591Mb)
     validating Consent/89f494a3-cd75-44f5-a78a-581dfdd47a94                                         (00:00.000 / 00:55.588, 591Mb)
 .. validate /work/fsh-generated/resources/Consent-Example-MII-Consent-ResultType-document           (00:00.021 / 00:55.609, 602Mb)
 .. /work/fsh-generated/resources/Consent-Example-MII-Consent-ResultType-document                    (00:00.000 / 00:55.609, 602Mb)
     validating Consent/Example-MII-Consent-ResultType-document                                      (00:00.000 / 00:55.610, 602Mb)
 .. validate /work/fsh-generated/resources/DocumentReference-8a3d1799-2463-405e-b49c-6a16c8692b01    (00:00.026 / 00:55.637, 611Mb)
 .. /work/fsh-generated/resources/DocumentReference-8a3d1799-2463-405e-b49c-6a16c8692b01             (00:00.000 / 00:55.637, 611Mb)
     validating DocumentReference/8a3d1799-2463-405e-b49c-6a16c8692b01                               (00:00.000 / 00:55.638, 612Mb)
 .. validate /work/fsh-generated/resources/Provenance-55219d12-6245-4de4-8b50-ddf6f16a789b           (00:00.011 / 00:55.650, 612Mb)
 .. /work/fsh-generated/resources/Provenance-55219d12-6245-4de4-8b50-ddf6f16a789b                    (00:00.000 / 00:55.650, 612Mb)
     validating Provenance/55219d12-6245-4de4-8b50-ddf6f16a789b                                      (00:00.000 / 00:55.650, 612Mb)
 .. validate /work/fsh-generated/resources/SearchParameter-mii-sp-consent-policyuri                  (00:00.015 / 00:55.666, 614Mb)
 .. /work/fsh-generated/resources/SearchParameter-mii-sp-consent-policyuri                           (00:00.000 / 00:55.666, 614Mb)
 .. validate /work/fsh-generated/resources/SearchParameter-mii-sp-consent-provisioncode              (00:00.000 / 00:55.667, 614Mb)
 .. /work/fsh-generated/resources/SearchParameter-mii-sp-consent-provisioncode                       (00:00.000 / 00:55.667, 614Mb)
 .. validate /work/fsh-generated/resources/SearchParameter-mii-sp-consent-provisioncodeperiod        (00:00.000 / 00:55.667, 614Mb)
 .. /work/fsh-generated/resources/SearchParameter-mii-sp-consent-provisioncodeperiod                 (00:00.000 / 00:55.667, 614Mb)
 .. validate /work/fsh-generated/resources/SearchParameter-mii-sp-consent-provisioncodetype          (00:00.000 / 00:55.667, 614Mb)
 .. /work/fsh-generated/resources/SearchParameter-mii-sp-consent-provisioncodetype                   (00:00.000 / 00:55.668, 614Mb)
 .. validate /work/fsh-generated/resources/SearchParameter-mii-sp-consent-provisionperiod            (00:00.000 / 00:55.668, 614Mb)
 .. /work/fsh-generated/resources/SearchParameter-mii-sp-consent-provisionperiod                     (00:00.000 / 00:55.669, 614Mb)
 .. validate /work/fsh-generated/resources/SearchParameter-mii-sp-consent-provisiontype              (00:00.000 / 00:55.669, 614Mb)
 .. /work/fsh-generated/resources/SearchParameter-mii-sp-consent-provisiontype                       (00:00.000 / 00:55.670, 614Mb)
 .. validate /work/fsh-generated/resources/StructureDefinition-56375452-bfa1-4111-af7c-5b5ba9a1857c  (00:00.000 / 00:55.670, 614Mb)
 .. /work/fsh-generated/resources/StructureDefinition-56375452-bfa1-4111-af7c-5b5ba9a1857c           (00:00.000 / 00:55.670, 614Mb)
 .. validate /work/fsh-generated/resources/StructureDefinition-e0e166b4-0f77-478d-9062-de0034d98ce0  (00:00.000 / 00:55.671, 614Mb)
 .. /work/fsh-generated/resources/StructureDefinition-e0e166b4-0f77-478d-9062-de0034d98ce0           (00:00.000 / 00:55.671, 614Mb)
 .. validate /work/fsh-generated/resources/StructureDefinition-f675b1e8-9f3f-44e8-bb59-9681f78eb464  (00:00.000 / 00:55.672, 614Mb)
 .. /work/fsh-generated/resources/StructureDefinition-f675b1e8-9f3f-44e8-bb59-9681f78eb464           (00:00.000 / 00:55.672, 614Mb)
 .. validate /work/fsh-generated/resources/ValueSet-2.16.840.1.113883.3.1937.777.24.11.30--20210323234509 (00:00.000 / 00:55.673, 614Mb)
 .. /work/fsh-generated/resources/ValueSet-2.16.840.1.113883.3.1937.777.24.11.30--20210323234509     (00:00.000 / 00:55.673, 614Mb)
 .. validate /work/fsh-generated/resources/ValueSet-2.16.840.1.113883.3.1937.777.24.11.36--20230331232804 (00:00.000 / 00:55.674, 614Mb)
 .. /work/fsh-generated/resources/ValueSet-2.16.840.1.113883.3.1937.777.24.11.36--20230331232804     (00:00.000 / 00:55.675, 614Mb)
 .. validate /work/fsh-generated/resources/ValueSet-88464c5b-5338-4c2b-9c07-b42fef2ada64             (00:00.000 / 00:55.675, 614Mb)
 .. /work/fsh-generated/resources/ValueSet-88464c5b-5338-4c2b-9c07-b42fef2ada64                      (00:00.000 / 00:55.675, 614Mb)
 .. validate /work/input/resources/Parameters-expansion-manifest                                     (00:00.000 / 00:55.676, 614Mb)
 .. /work/input/resources/Parameters-expansion-manifest                                              (00:00.000 / 00:55.676, 614Mb)
     validating Parameters/mii-param-consent-manifest                                                (00:00.000 / 00:55.676, 614Mb)
 .. validate /work/input/includes                                                                    (00:00.033 / 00:55.709, 622Mb)
 .. /work/input/includes                                                                             (00:00.000 / 00:55.710, 622Mb)
 .. validate /work/input/includes/menu                                                               (00:00.000 / 00:55.710, 622Mb)
 .. /work/input/includes/menu                                                                        (00:00.000 / 00:55.710, 622Mb)
 .. validate /work/fsh-generated/includes                                                            (00:00.000 / 00:55.710, 622Mb)
 .. /work/fsh-generated/includes                                                                     (00:00.000 / 00:55.710, 622Mb)
 .. validate /work/fsh-generated/includes/fsh-link-references                                        (00:00.000 / 00:55.711, 622Mb)
 .. /work/fsh-generated/includes/fsh-link-references                                                 (00:00.000 / 00:55.711, 622Mb)
 .. validate /work/input/intro-notes                                                                 (00:00.000 / 00:55.711, 622Mb)
 .. /work/input/intro-notes                                                                          (00:00.000 / 00:55.711, 622Mb)
 .. validate /work/input/intro-notes/StructureDefinition-e0e166b4-0f77-478d-9062-de0034d98ce0-intro  (00:00.000 / 00:55.711, 622Mb)
 .. /work/input/intro-notes/StructureDefinition-e0e166b4-0f77-478d-9062-de0034d98ce0-intro           (00:00.000 / 00:55.711, 622Mb)
 .. validate /work/input/intro-notes/StructureDefinition-f675b1e8-9f3f-44e8-bb59-9681f78eb464-intro  (00:00.000 / 00:55.712, 622Mb)
 .. /work/input/intro-notes/StructureDefinition-f675b1e8-9f3f-44e8-bb59-9681f78eb464-intro           (00:00.000 / 00:55.712, 622Mb)
 .. validate /work/input/intro-notes/StructureDefinition-56375452-bfa1-4111-af7c-5b5ba9a1857c-intro  (00:00.000 / 00:55.712, 622Mb)
 .. /work/input/intro-notes/StructureDefinition-56375452-bfa1-4111-af7c-5b5ba9a1857c-intro           (00:00.000 / 00:55.712, 622Mb)
 .. validate /work/input/pagecontent                                                                 (00:00.000 / 00:55.713, 622Mb)
 .. /work/input/pagecontent                                                                          (00:00.000 / 00:55.713, 622Mb)
 .. validate /work/input/pagecontent/logical-models                                                  (00:00.000 / 00:55.713, 622Mb)
 .. /work/input/pagecontent/logical-models                                                           (00:00.000 / 00:55.713, 622Mb)
 .. validate /work/input/pagecontent/examples                                                        (00:00.000 / 00:55.713, 622Mb)
 .. /work/input/pagecontent/examples                                                                 (00:00.000 / 00:55.713, 622Mb)
 .. validate /work/input/pagecontent/value-sets                                                      (00:00.000 / 00:55.714, 622Mb)
 .. /work/input/pagecontent/value-sets                                                               (00:00.000 / 00:55.714, 622Mb)
 .. validate /work/input/pagecontent/uml-diagrams                                                    (00:00.000 / 00:55.714, 622Mb)
 .. /work/input/pagecontent/uml-diagrams                                                             (00:00.000 / 00:55.714, 622Mb)
 .. validate /work/input/pagecontent/frageboegen                                                     (00:00.000 / 00:55.715, 622Mb)
 .. /work/input/pagecontent/frageboegen                                                              (00:00.000 / 00:55.715, 622Mb)
 .. validate /work/input/pagecontent/profiles                                                        (00:00.000 / 00:55.715, 622Mb)
 .. /work/input/pagecontent/profiles                                                                 (00:00.000 / 00:55.715, 622Mb)
 .. validate /work/input/pagecontent/guidance                                                        (00:00.000 / 00:55.715, 622Mb)
 .. /work/input/pagecontent/guidance                                                                 (00:00.000 / 00:55.716, 622Mb)
 .. validate /work/input/pagecontent/implementer-guidance                                            (00:00.000 / 00:55.716, 622Mb)
 .. /work/input/pagecontent/implementer-guidance                                                     (00:00.000 / 00:55.716, 622Mb)
 .. validate /work/input/pagecontent/security-and-privacy                                            (00:00.000 / 00:55.717, 622Mb)
 .. /work/input/pagecontent/security-and-privacy                                                     (00:00.000 / 00:55.717, 622Mb)
 .. validate /work/input/pagecontent/search-parameters                                               (00:00.000 / 00:55.717, 622Mb)
 .. /work/input/pagecontent/search-parameters                                                        (00:00.000 / 00:55.717, 622Mb)
 .. validate /work/input/pagecontent/capability-statements                                           (00:00.000 / 00:55.717, 622Mb)
 .. /work/input/pagecontent/capability-statements                                                    (00:00.000 / 00:55.717, 622Mb)
 .. validate /work/input/pagecontent/ImplementationGuide-mii-ig-consent                              (00:00.000 / 00:55.718, 622Mb)
 .. /work/input/pagecontent/ImplementationGuide-mii-ig-consent                                       (00:00.000 / 00:55.718, 622Mb)
 .. validate /work/input/pagecontent/index                                                           (00:00.000 / 00:55.718, 622Mb)
 .. /work/input/pagecontent/index                                                                    (00:00.000 / 00:55.718, 622Mb)
 .. validate /work/input/pagecontent/version-history                                                 (00:00.000 / 00:55.718, 622Mb)
 .. /work/input/pagecontent/version-history                                                          (00:00.000 / 00:55.718, 622Mb)
 .. validate /work/input/pagecontent/translationinfo                                                 (00:00.000 / 00:55.718, 622Mb)
 .. /work/input/pagecontent/translationinfo                                                          (00:00.000 / 00:55.719, 622Mb)
 .. validate /work/input/pagecontent/changes                                                         (00:00.000 / 00:55.719, 622Mb)
 .. /work/input/pagecontent/changes                                                                  (00:00.000 / 00:55.719, 622Mb)
 .. validate /work/input/pagecontent/downloads                                                       (00:00.000 / 00:55.719, 622Mb)
 .. /work/input/pagecontent/downloads                                                                (00:00.000 / 00:55.719, 622Mb)
 .. validate /work/input/pagecontent/code-systems                                                    (00:00.000 / 00:55.720, 622Mb)
 .. /work/input/pagecontent/code-systems                                                             (00:00.000 / 00:55.720, 622Mb)
 .. validate /work/input/intro-notes                                                                 (00:00.000 / 00:55.720, 622Mb)
 .. /work/input/intro-notes                                                                          (00:00.000 / 00:55.720, 622Mb)
 .. validate /work/input/intro-notes/StructureDefinition-e0e166b4-0f77-478d-9062-de0034d98ce0-intro  (00:00.000 / 00:55.721, 622Mb)
 .. /work/input/intro-notes/StructureDefinition-e0e166b4-0f77-478d-9062-de0034d98ce0-intro           (00:00.000 / 00:55.721, 622Mb)
 .. validate /work/input/intro-notes/StructureDefinition-f675b1e8-9f3f-44e8-bb59-9681f78eb464-intro  (00:00.000 / 00:55.721, 622Mb)
 .. /work/input/intro-notes/StructureDefinition-f675b1e8-9f3f-44e8-bb59-9681f78eb464-intro           (00:00.000 / 00:55.721, 622Mb)
 .. validate /work/input/intro-notes/StructureDefinition-56375452-bfa1-4111-af7c-5b5ba9a1857c-intro  (00:00.000 / 00:55.721, 622Mb)
 .. /work/input/intro-notes/StructureDefinition-56375452-bfa1-4111-af7c-5b5ba9a1857c-intro           (00:00.000 / 00:55.722, 622Mb)
 .. validate /work/template/config                                                                   (00:00.000 / 00:55.722, 622Mb)
 .. /work/template/config                                                                            (00:00.000 / 00:55.722, 622Mb)
 .. validate /work/template/config/_config                                                           (00:00.000 / 00:55.723, 622Mb)
 .. /work/template/config/_config                                                                    (00:00.000 / 00:55.723, 622Mb)
 .. validate /work/input/images                                                                      (00:00.000 / 00:55.723, 622Mb)
 .. /work/input/images                                                                               (00:00.000 / 00:55.723, 622Mb)
 .. validate /work/input/images/MII-KDS_de_Consent                                                   (00:00.000 / 00:55.723, 622Mb)
 .. /work/input/images/MII-KDS_de_Consent                                                            (00:00.000 / 00:55.724, 622Mb)
 .. validate /work/input/images/information-model_UML-Diagramm_MII-spez                              (00:00.000 / 00:55.724, 622Mb)
 .. /work/input/images/information-model_UML-Diagramm_MII-spez                                       (00:00.000 / 00:55.724, 622Mb)
 .. check Profile Examples                                                                           (00:00.000 / 00:55.724, 622Mb)
gen narratives                                                                                       (00:00.000 / 00:55.724, 622Mb)
Processing Provenance Records                                                                        (00:00.000 / 00:55.725, 622Mb)
Generating Translation artifacts                                                                     (00:00.000 / 00:55.725, 622Mb)
Generating Outputs in /work/output                                                                   (00:00.187 / 00:55.913, 651Mb)
Warning @ Unable to read the git branch: detected dubious ownership in repository at '/work'To add an exception for this directory, call:	git config --global --add safe.directory /work
Warning @ Unable to read the git source: detected dubious ownership in repository at '/work'To add an exception for this directory, call:	git config --global --add safe.directory /work
Generate Native Outputs                                                                              (00:00.927 / 00:56.840, 690Mb)
Produce resources for ImplementationGuide/mii-ig-consent                                             (00:00.000 / 00:56.840, 690Mb)
Produce resources for CapabilityStatement/mii-cap-consent-server                                     (00:01.428 / 00:58.269, 727Mb)
Produce resources for CodeSystem/2.16.840.1.113883.3.1937.777.24.5.2--20210423105554                 (00:00.529 / 00:58.798, 732Mb)
Produce resources for CodeSystem/2.16.840.1.113883.3.1937.777.24.5.3--20251211153003                 (00:00.180 / 00:58.979, 734Mb)
Produce resources for CodeSystem/mii-cs-consent-version-modules                                      (00:02.372 / 01:01.351, 761Mb)
Produce resources for Consent/34150a23-b1c8-404f-874f-e042a30435d2                                   (00:00.750 / 01:02.102, 771Mb)
Produce resources for Consent/5143266b-8d60-4b28-8ee9-635140ffa5bb                                   (00:00.876 / 01:02.978, 779Mb)
Produce resources for Consent/89f494a3-cd75-44f5-a78a-581dfdd47a94                                   (00:02.528 / 01:05.507, 802Mb)
Produce resources for Consent/Example-MII-Consent-ResultType-document                                (00:00.628 / 01:06.135, 808Mb)
Produce resources for DocumentReference/8a3d1799-2463-405e-b49c-6a16c8692b01                         (00:00.646 / 01:06.782, 814Mb)
Produce resources for Provenance/55219d12-6245-4de4-8b50-ddf6f16a789b                                (00:00.083 / 01:06.865, 815Mb)
Produce resources for SearchParameter/mii-sp-consent-policyuri                                       (00:00.092 / 01:06.958, 816Mb)
Produce resources for SearchParameter/mii-sp-consent-provisioncode                                   (00:00.077 / 01:07.035, 818Mb)
Produce resources for SearchParameter/mii-sp-consent-provisioncodeperiod                             (00:00.075 / 01:07.111, 819Mb)
Produce resources for SearchParameter/mii-sp-consent-provisioncodetype                               (00:00.108 / 01:07.219, 820Mb)
Produce resources for SearchParameter/mii-sp-consent-provisionperiod                                 (00:00.116 / 01:07.336, 821Mb)
Produce resources for SearchParameter/mii-sp-consent-provisiontype                                   (00:00.079 / 01:07.415, 822Mb)
Produce resources for StructureDefinition/56375452-bfa1-4111-af7c-5b5ba9a1857c                       (00:00.084 / 01:07.500, 824Mb)
Produce resources for StructureDefinition/e0e166b4-0f77-478d-9062-de0034d98ce0                       (00:02.760 / 01:10.261, 863Mb)
Produce resources for StructureDefinition/f675b1e8-9f3f-44e8-bb59-9681f78eb464                       (00:11.866 / 01:22.126, 1003Mb)
Produce resources for ValueSet/2.16.840.1.113883.3.1937.777.24.11.30--20210323234509                 (00:02.971 / 01:25.098, 436Mb)
Produce resources for ValueSet/2.16.840.1.113883.3.1937.777.24.11.36--20230331232804                 (00:00.185 / 01:25.283, 439Mb)
Produce resources for ValueSet/88464c5b-5338-4c2b-9c07-b42fef2ada64                                  (00:00.137 / 01:25.420, 440Mb)
Produce resources for Parameters/mii-param-consent-manifest                                          (00:00.165 / 01:25.585, 442Mb)
Run Template                                                                                         (00:01.694 / 01:27.280, 639Mb)
Template Done                                                                                        (00:05.519 / 01:32.800, 690Mb)
Generate HTML Outputs                                                                                (00:00.210 / 01:33.009, 433Mb)
Produce outputs for ImplementationGuide/mii-ig-consent                                               (00:00.005 / 01:33.015, 433Mb)
Produce outputs for ImplementationGuide/mii-ig-consent                                               (00:00.171 / 01:33.186, 455Mb)
Produce outputs for ImplementationGuide/mii-ig-consent                                               (00:00.117 / 01:33.303, 477Mb)
Produce outputs for CapabilityStatement/mii-cap-consent-server                                       (00:00.083 / 01:33.387, 498Mb)
Produce outputs for CapabilityStatement/mii-cap-consent-server                                       (00:00.053 / 01:33.441, 504Mb)
Produce outputs for CapabilityStatement/mii-cap-consent-server                                       (00:00.016 / 01:33.458, 508Mb)
Produce outputs for CodeSystem/2.16.840.1.113883.3.1937.777.24.5.2--20210423105554                   (00:00.019 / 01:33.477, 511Mb)
Produce outputs for CodeSystem/2.16.840.1.113883.3.1937.777.24.5.2--20210423105554                   (00:00.058 / 01:33.536, 517Mb)
Produce outputs for CodeSystem/2.16.840.1.113883.3.1937.777.24.5.2--20210423105554                   (00:00.040 / 01:33.576, 521Mb)
Produce outputs for CodeSystem/2.16.840.1.113883.3.1937.777.24.5.3--20251211153003                   (00:00.036 / 01:33.613, 526Mb)
Produce outputs for CodeSystem/2.16.840.1.113883.3.1937.777.24.5.3--20251211153003                   (00:00.158 / 01:33.771, 556Mb)
Produce outputs for CodeSystem/2.16.840.1.113883.3.1937.777.24.5.3--20251211153003                   (00:00.156 / 01:33.928, 586Mb)
Produce outputs for CodeSystem/mii-cs-consent-version-modules                                        (00:00.111 / 01:34.039, 614Mb)
Produce outputs for CodeSystem/mii-cs-consent-version-modules                                        (00:00.093 / 01:34.133, 627Mb)
Produce outputs for CodeSystem/mii-cs-consent-version-modules                                        (00:00.075 / 01:34.208, 639Mb)
Produce outputs for Consent/34150a23-b1c8-404f-874f-e042a30435d2                                     (00:00.097 / 01:34.306, 651Mb)
Produce outputs for Consent/34150a23-b1c8-404f-874f-e042a30435d2                                     (00:00.042 / 01:34.348, 659Mb)
Produce outputs for Consent/34150a23-b1c8-404f-874f-e042a30435d2                                     (00:00.019 / 01:34.368, 663Mb)
Produce outputs for Consent/5143266b-8d60-4b28-8ee9-635140ffa5bb                                     (00:00.015 / 01:34.383, 667Mb)
Produce outputs for Consent/5143266b-8d60-4b28-8ee9-635140ffa5bb                                     (00:00.041 / 01:34.424, 693Mb)
Produce outputs for Consent/5143266b-8d60-4b28-8ee9-635140ffa5bb                                     (00:00.048 / 01:34.473, 704Mb)
Produce outputs for Consent/89f494a3-cd75-44f5-a78a-581dfdd47a94                                     (00:00.039 / 01:34.512, 716Mb)
Produce outputs for Consent/89f494a3-cd75-44f5-a78a-581dfdd47a94                                     (00:00.027 / 01:34.540, 722Mb)
Produce outputs for Consent/89f494a3-cd75-44f5-a78a-581dfdd47a94                                     (00:00.016 / 01:34.557, 726Mb)
Produce outputs for Consent/Example-MII-Consent-ResultType-document                                  (00:00.024 / 01:34.582, 729Mb)
Produce outputs for Consent/Example-MII-Consent-ResultType-document                                  (00:00.036 / 01:34.618, 735Mb)
Produce outputs for Consent/Example-MII-Consent-ResultType-document                                  (00:00.013 / 01:34.631, 739Mb)
Produce outputs for DocumentReference/8a3d1799-2463-405e-b49c-6a16c8692b01                           (00:00.012 / 01:34.643, 742Mb)
Produce outputs for DocumentReference/8a3d1799-2463-405e-b49c-6a16c8692b01                           (00:00.013 / 01:34.657, 743Mb)
Produce outputs for DocumentReference/8a3d1799-2463-405e-b49c-6a16c8692b01                           (00:00.011 / 01:34.668, 743Mb)
Produce outputs for Provenance/55219d12-6245-4de4-8b50-ddf6f16a789b                                  (00:00.008 / 01:34.677, 744Mb)
Produce outputs for Provenance/55219d12-6245-4de4-8b50-ddf6f16a789b                                  (00:00.018 / 01:34.696, 746Mb)
Produce outputs for Provenance/55219d12-6245-4de4-8b50-ddf6f16a789b                                  (00:00.019 / 01:34.715, 747Mb)
Produce outputs for SearchParameter/mii-sp-consent-policyuri                                         (00:00.035 / 01:34.750, 748Mb)
Produce outputs for SearchParameter/mii-sp-consent-policyuri                                         (00:00.042 / 01:34.792, 749Mb)
Produce outputs for SearchParameter/mii-sp-consent-policyuri                                         (00:00.013 / 01:34.805, 750Mb)
Produce outputs for SearchParameter/mii-sp-consent-provisioncode                                     (00:00.010 / 01:34.816, 750Mb)
Produce outputs for SearchParameter/mii-sp-consent-provisioncode                                     (00:00.013 / 01:34.829, 751Mb)
Produce outputs for SearchParameter/mii-sp-consent-provisioncode                                     (00:00.009 / 01:34.838, 752Mb)
Produce outputs for SearchParameter/mii-sp-consent-provisioncodeperiod                               (00:00.015 / 01:34.854, 753Mb)
Produce outputs for SearchParameter/mii-sp-consent-provisioncodeperiod                               (00:00.017 / 01:34.871, 754Mb)
Produce outputs for SearchParameter/mii-sp-consent-provisioncodeperiod                               (00:00.009 / 01:34.881, 755Mb)
Produce outputs for SearchParameter/mii-sp-consent-provisioncodetype                                 (00:00.010 / 01:34.892, 756Mb)
Produce outputs for SearchParameter/mii-sp-consent-provisioncodetype                                 (00:00.012 / 01:34.905, 756Mb)
Produce outputs for SearchParameter/mii-sp-consent-provisioncodetype                                 (00:00.010 / 01:34.915, 757Mb)
Produce outputs for SearchParameter/mii-sp-consent-provisionperiod                                   (00:00.011 / 01:34.926, 758Mb)
Produce outputs for SearchParameter/mii-sp-consent-provisionperiod                                   (00:00.035 / 01:34.962, 759Mb)
Produce outputs for SearchParameter/mii-sp-consent-provisionperiod                                   (00:00.012 / 01:34.974, 760Mb)
Produce outputs for SearchParameter/mii-sp-consent-provisiontype                                     (00:00.010 / 01:34.985, 761Mb)
Produce outputs for SearchParameter/mii-sp-consent-provisiontype                                     (00:00.010 / 01:34.995, 762Mb)
Produce outputs for SearchParameter/mii-sp-consent-provisiontype                                     (00:00.009 / 01:35.005, 762Mb)
Produce outputs for StructureDefinition/56375452-bfa1-4111-af7c-5b5ba9a1857c                         (00:00.011 / 01:35.016, 763Mb)
Produce outputs for StructureDefinition/56375452-bfa1-4111-af7c-5b5ba9a1857c                         (00:01.185 / 01:36.202, 444Mb)
Produce outputs for StructureDefinition/56375452-bfa1-4111-af7c-5b5ba9a1857c                         (00:00.288 / 01:36.491, 564Mb)
Produce outputs for StructureDefinition/e0e166b4-0f77-478d-9062-de0034d98ce0                         (00:00.551 / 01:37.043, 685Mb)
Produce outputs for StructureDefinition/e0e166b4-0f77-478d-9062-de0034d98ce0                         (00:01.446 / 01:38.490, 485Mb)
Produce outputs for StructureDefinition/e0e166b4-0f77-478d-9062-de0034d98ce0                         (00:01.135 / 01:39.625, 986Mb)
Produce outputs for StructureDefinition/f675b1e8-9f3f-44e8-bb59-9681f78eb464                         (00:01.310 / 01:40.935, 782Mb)
Produce outputs for StructureDefinition/f675b1e8-9f3f-44e8-bb59-9681f78eb464                         (00:00.361 / 01:41.296, 922Mb)
Produce outputs for StructureDefinition/f675b1e8-9f3f-44e8-bb59-9681f78eb464                         (00:00.220 / 01:41.516, 1Gb)
Produce outputs for ValueSet/2.16.840.1.113883.3.1937.777.24.11.30--20210323234509                   (00:00.432 / 01:41.949, 457Mb)
Produce outputs for ValueSet/2.16.840.1.113883.3.1937.777.24.11.30--20210323234509                   (00:00.137 / 01:42.086, 466Mb)
Produce outputs for ValueSet/2.16.840.1.113883.3.1937.777.24.11.30--20210323234509                   (00:00.060 / 01:42.147, 472Mb)
Produce outputs for ValueSet/2.16.840.1.113883.3.1937.777.24.11.36--20230331232804                   (00:00.038 / 01:42.185, 478Mb)
Produce outputs for ValueSet/2.16.840.1.113883.3.1937.777.24.11.36--20230331232804                   (00:00.092 / 01:42.277, 498Mb)
Produce outputs for ValueSet/2.16.840.1.113883.3.1937.777.24.11.36--20230331232804                   (00:00.082 / 01:42.360, 517Mb)
Produce outputs for ValueSet/88464c5b-5338-4c2b-9c07-b42fef2ada64                                    (00:00.084 / 01:42.444, 538Mb)
Produce outputs for ValueSet/88464c5b-5338-4c2b-9c07-b42fef2ada64                                    (00:00.049 / 01:42.494, 543Mb)
Produce outputs for ValueSet/88464c5b-5338-4c2b-9c07-b42fef2ada64                                    (00:00.041 / 01:42.536, 547Mb)
Produce outputs for Parameters/mii-param-consent-manifest                                            (00:00.035 / 01:42.572, 552Mb)
Produce outputs for Parameters/mii-param-consent-manifest                                            (00:00.029 / 01:42.602, 554Mb)
Produce outputs for Parameters/mii-param-consent-manifest                                            (00:00.016 / 01:42.618, 556Mb)
Generate Spreadsheets                                                                                (00:00.062 / 01:42.681, 564Mb)
Generate Summaries                                                                                   (00:01.060 / 01:43.743, 1Gb)
Generating Summary Outputs (de)                                                                      (00:00.003 / 01:43.746, 1Gb)
Generating Summary Outputs (en)                                                                      (00:10.585 / 01:54.331, 870Mb)
DB Cumulative Time invested: 00:00:00.161
Sending Usage Stats to Server                                                                        (00:07.689 / 02:02.021, 1Gb)
## Memory (MB): Use = 1298, Free = 37, Total = 1336, Max = 4096                                      (00:00.012 / 02:02.033, 1Gb)
Reclaiming memory...                                                                                 (00:00.000 / 02:02.033, 1Gb)
Generating combined package                                                                          (00:00.006 / 02:02.039, 1Gb)
Error generating combined package: /work/output/package.tgz (No such file or directory)              (00:00.012 / 02:02.052, 1Gb)
## Memory (MB): Use = 419, Free = 916, Total = 1336, Max = 4096                                      (00:00.271 / 02:02.323, 420Mb)
Run jekyll: jekyll build --destination "/work/output" (in folder /work/temp/pages)                   (00:00.005 / 02:02.329, 421Mb)
Troubleshooting Note: usual cases for Jekyll to fail are:                                            (00:00.000 / 02:02.329, 421Mb)
* A failure to produce a fragment that is already logged in the output above                         (00:00.000 / 02:02.330, 421Mb)
* A reference to a manually edited file that hasn't been provided                                    (00:00.000 / 02:02.330, 421Mb)
Jekyll: Source: /work/temp/pages                                                                     (00:00.339 / 02:02.670, 425Mb)
Jekyll: Generating...                                                                                (00:00.001 / 02:02.671, 425Mb)
Jekyll: done in 3.993 seconds.                                                                       (00:03.991 / 02:06.663, 426Mb)
[39m
[0;39m[39mInstalling de.medizininformatikinitiative.kerndatensatz.consent#dev
[0;39m[39m done.
[0;39m[39m loaded @ /home/publisher/.fhir/packages/de.medizininformatikinitiative.kerndatensatz.consent#dev
[0;39mChecking Output HTML                                                                                 (00:01.879 / 02:08.542, 792Mb)
AI format for /work/output/de - % reduction = 98
AI format for /work/output/en - % reduction = 98
CheckHTML: List files                                                                                (00:01.346 / 02:09.889, 1010Mb)
found 2464 files                                                                                     (00:00.085 / 02:09.974, 1011Mb)
Loading Files                                                                                        (00:00.000 / 02:09.974, 1011Mb)
Load /work/output/tbl_bck01111.png                                                                   (00:00.000 / 02:09.974, 1011Mb)
Load /work/output/StructureDefinition-f675b1e8-9f3f-44e8-bb59-9681f78eb464.xlsx                      (00:00.006 / 02:09.981, 1011Mb)
Load /work/output/Consent-5143266b-8d60-4b28-8ee9-635140ffa5bb.json                                  (00:00.000 / 02:09.981, 1011Mb)
Load /work/output/icon_page_n_i.gif                                                                  (00:00.000 / 02:09.982, 1011Mb)
Load /work/output/tbl_bck0111.png                                                                    (00:00.000 / 02:09.982, 1011Mb)
Load /work/output/SearchParameter-mii-sp-consent-provisiontype.json.html                             (00:00.000 / 02:09.983, 1011Mb)
Load /work/output/tbl_bck11100.png                                                                   (00:00.001 / 02:09.984, 1011Mb)
Load /work/output/tbl_bck03510.png                                                                   (00:00.000 / 02:09.985, 1011Mb)
Load /work/output/ValueSet-2.16.840.1.113883.3.1937.777.24.11.36--20230331232804.xml.html            (00:00.000 / 02:09.985, 1011Mb)
Load /work/output/tbl_bck1025.png                                                                    (00:00.001 / 02:09.986, 1011Mb)
Load /work/output/icon-administration.png                                                            (00:00.000 / 02:09.987, 1011Mb)
Load /work/output/tbl_bck150.png                                                                     (00:00.000 / 02:09.987, 1011Mb)
Load /work/output/tbl_bck144.png                                                                     (00:00.000 / 02:09.987, 1011Mb)
Load /work/output/llms.txt                                                                           (00:00.000 / 02:09.988, 1011Mb)
Load /work/output/translationinfo.html                                                               (00:00.000 / 02:09.988, 1011Mb)
Load /work/output/tbl_bck0000111101.png                                                              (00:00.000 / 02:09.989, 1011Mb)
Load /work/output/searchform.html                                                                    (00:00.000 / 02:09.989, 1011Mb)
Load /work/output/SearchParameter-mii-sp-consent-provisioncodeperiod.change.history.html             (00:00.002 / 02:09.992, 1012Mb)
Load /work/output/tbl_bck1001010.png                                                                 (00:00.001 / 02:09.993, 1012Mb)
Load /work/output/tbl_bck0515.png                                                                    (00:00.000 / 02:09.993, 1012Mb)
Load /work/output/icon-fhir-16-grey.png                                                              (00:00.000 / 02:09.994, 1012Mb)
Load /work/output/CodeSystem-2.16.840.1.113883.3.1937.777.24.5.3--20251211153003.xlsx                (00:00.000 / 02:09.994, 1012Mb)
Load /work/output/tbl_bck1011001.png                                                                 (00:00.000 / 02:09.995, 1012Mb)
Load /work/output/tbl_bck1111000.png                                                                 (00:00.000 / 02:09.995, 1012Mb)
Load /work/output/CodeSystem-2.16.840.1.113883.3.1937.777.24.5.3--20251211153003.html                (00:00.000 / 02:09.995, 1012Mb)
Load /work/output/tbl_bck1011000.png                                                                 (00:00.001 / 02:09.997, 1013Mb)
Load /work/output/tbl_bck1352.png                                                                    (00:00.000 / 02:09.997, 1013Mb)
Load /work/output/StructureDefinition-e0e166b4-0f77-478d-9062-de0034d98ce0-testing.html              (00:00.000 / 02:09.997, 1013Mb)
Load /work/output/ValueSet-2.16.840.1.113883.3.1937.777.24.11.30--20210323234509-testing.html        (00:00.000 / 02:09.998, 1013Mb)
Load /work/output/icon-qi-help.png                                                                   (00:00.000 / 02:09.999, 1013Mb)
Load /work/output/icon_profile.png                                                                   (00:00.000 / 02:09.999, 1013Mb)
Load /work/output/tbl_bck025.png                                                                     (00:00.000 / 02:09.999, 1013Mb)
Load /work/output/tbl_bck0500.png                                                                    (00:00.000 / 02:10.000, 1013Mb)
Load /work/output/tbl_bck1150.png                                                                    (00:00.000 / 02:10.000, 1013Mb)
Load /work/output/StructureDefinition-e0e166b4-0f77-478d-9062-de0034d98ce0-mappings.html             (00:00.000 / 02:10.000, 1013Mb)
Load /work/output/tbl_bck0000111100.png                                                              (00:00.000 / 02:10.001, 1013Mb)
Load /work/output/SearchParameter-mii-sp-consent-provisioncode.json                                  (00:00.000 / 02:10.001, 1013Mb)
Load /work/output/tbl_bck151.png                                                                     (00:00.000 / 02:10.002, 1013Mb)
Load /work/output/icon_page_n.gif                                                                    (00:00.000 / 02:10.002, 1013Mb)
Load /work/output/icon-fhir-16.png                                                                   (00:00.000 / 02:10.003, 1013Mb)
Load /work/output/tbl_bck1024.png                                                                    (00:00.000 / 02:10.003, 1013Mb)
Load /work/output/tbl_bck125241.png                                                                  (00:00.000 / 02:10.003, 1013Mb)
Load /work/output/external.png                                                                       (00:00.000 / 02:10.004, 1013Mb)
Load /work/output/definitions.json.zip                                                               (00:00.000 / 02:10.004, 1013Mb)
Load /work/output/tbl_bck11101.png                                                                   (00:00.000 / 02:10.004, 1013Mb)
Load /work/output/SearchParameter-mii-sp-consent-provisionperiod.xml                                 (00:00.000 / 02:10.004, 1013Mb)
Load /work/output/tbl_bck0110.png                                                                    (00:00.000 / 02:10.005, 1014Mb)
Load /work/output/de.medizininformatikinitiative.kerndatensatz.consent.en.manifest.json              (00:00.000 / 02:10.006, 1014Mb)
Load /work/output/tbl_bck1540.png                                                                    (00:00.000 / 02:10.006, 1014Mb)
Load /work/output/artifacts.html                                                                     (00:00.000 / 02:10.007, 1014Mb)
Load /work/output/tbl_bck13500.png                                                                   (00:00.001 / 02:10.008, 1014Mb)
Load /work/output/StructureDefinition-f675b1e8-9f3f-44e8-bb59-9681f78eb464.html                      (00:00.000 / 02:10.009, 1014Mb)
Load /work/output/tbl_bck01110.png                                                                   (00:00.001 / 02:10.010, 1014Mb)
Load /work/output/tbl_bck0350250.png                                                                 (00:00.000 / 02:10.011, 1014Mb)
Load /work/output/tbl_bck0250250.png                                                                 (00:00.000 / 02:10.011, 1014Mb)
Load /work/output/CodeSystem-2.16.840.1.113883.3.1937.777.24.5.2--20210423105554.json.html           (00:00.000 / 02:10.011, 1014Mb)
Load /work/output/icon_reference.png                                                                 (00:00.003 / 02:10.015, 1014Mb)
Load /work/output/tbl_bck0112.png                                                                    (00:00.000 / 02:10.015, 1014Mb)
Load /work/output/tbl_bck03513.png                                                                   (00:00.000 / 02:10.015, 1014Mb)
Load /work/output/CodeSystem-mii-cs-consent-version-modules.xlsx                                     (00:00.000 / 02:10.016, 1014Mb)
Load /work/output/tbl_bck100000.png                                                                  (00:00.000 / 02:10.016, 1014Mb)
Load /work/output/tbl_bck000000.png                                                                  (00:00.000 / 02:10.016, 1014Mb)
.Load /work/output/ImplementationGuide-mii-ig-consent.json                                            (00:00.000 / 02:10.017, 1014Mb)
Load /work/output/tbl_bck000011110000.png                                                            (00:00.000 / 02:10.017, 1014Mb)
Load /work/output/tbl_vjoin-closed.png                                                               (00:00.000 / 02:10.017, 1014Mb)
Load /work/output/CodeSystem-mii-cs-consent-version-modules-testing.html                             (00:00.000 / 02:10.018, 1014Mb)
Load /work/output/tbl_bck1152.png                                                                    (00:00.000 / 02:10.019, 1014Mb)
Load /work/output/tbl_bck0111101.png                                                                 (00:00.000 / 02:10.019, 1014Mb)
Load /work/output/SearchParameter-mii-sp-consent-provisioncode.xml                                   (00:00.000 / 02:10.019, 1014Mb)
Load /work/output/tbl_bck033.png                                                                     (00:00.000 / 02:10.020, 1015Mb)
Load /work/output/Consent-34150a23-b1c8-404f-874f-e042a30435d2.change.history.html                   (00:00.000 / 02:10.020, 1015Mb)
Load /work/output/Consent-Example-MII-Consent-ResultType-document.change.history.html                (00:00.000 / 02:10.021, 1015Mb)
Load /work/output/prism.js                                                                           (00:00.000 / 02:10.022, 1015Mb)
Load /work/output/tbl_bck1350.png                                                                    (00:00.000 / 02:10.023, 1015Mb)
Load /work/output/tbl_bck00001111110.png                                                             (00:00.000 / 02:10.023, 1015Mb)
Load /work/output/tbl_bck00001111111.png                                                             (00:00.000 / 02:10.024, 1015Mb)
Load /work/output/tbl_bck1351.png                                                                    (00:00.000 / 02:10.024, 1015Mb)
Load /work/output/mustsupport.png                                                                    (00:00.000 / 02:10.024, 1015Mb)
Load /work/output/icon_vd_col.png                                                                    (00:00.000 / 02:10.025, 1015Mb)
Load /work/output/tbl_bck0111100.png                                                                 (00:00.000 / 02:10.025, 1015Mb)
Load /work/output/tbl_bck035125.png                                                                  (00:00.000 / 02:10.025, 1015Mb)
Load /work/output/StructureDefinition-f675b1e8-9f3f-44e8-bb59-9681f78eb464-testing.html              (00:00.000 / 02:10.026, 1015Mb)
Load /work/output/tbl_bck03300.png                                                                   (00:00.001 / 02:10.027, 1015Mb)
Load /work/output/tbl_bck152.png                                                                     (00:00.000 / 02:10.028, 1015Mb)
Load /work/output/CodeSystem-mii-cs-consent-version-modules.html                                     (00:00.000 / 02:10.028, 1015Mb)
Load /work/output/SearchParameter-mii-sp-consent-provisiontype.xml.html                              (00:00.001 / 02:10.030, 1015Mb)
Load /work/output/tbl_bck000001.png                                                                  (00:00.002 / 02:10.032, 1016Mb)
Load /work/output/tbl_bck03512.png                                                                   (00:00.000 / 02:10.033, 1016Mb)
Load /work/output/icon_vd_select.png                                                                 (00:00.001 / 02:10.034, 1016Mb)
Load /work/output/tbl_bck1543.png                                                                    (00:00.000 / 02:10.035, 1016Mb)
Load /work/output/usage-stats.json                                                                   (00:00.000 / 02:10.035, 1016Mb)
Load /work/output/SearchParameter-mii-sp-consent-provisiontype.html                                  (00:00.000 / 02:10.036, 1016Mb)
Load /work/output/guidance.html                                                                      (00:00.001 / 02:10.037, 1016Mb)
Load /work/output/tbl_bck110010.png                                                                  (00:00.000 / 02:10.038, 1016Mb)
Load /work/output/icon-toc.png                                                                       (00:00.000 / 02:10.038, 1016Mb)
Load /work/output/value-sets.html                                                                    (00:00.000 / 02:10.039, 1016Mb)
Load /work/output/tbl_bck110000.png                                                                  (00:00.000 / 02:10.039, 1016Mb)
Load /work/output/DocumentReference-8a3d1799-2463-405e-b49c-6a16c8692b01.json                        (00:00.000 / 02:10.040, 1016Mb)
Load /work/output/CodeSystem-2.16.840.1.113883.3.1937.777.24.5.3--20251211153003.xml.html            (00:00.000 / 02:10.040, 1016Mb)
Load /work/output/icon_page_n_o.gif                                                                  (00:00.000 / 02:10.041, 1016Mb)
Load /work/output/tbl_bck000011.png                                                                  (00:00.000 / 02:10.041, 1016Mb)
Load /work/output/implementer-guidance.html                                                          (00:00.000 / 02:10.042, 1016Mb)
Load /work/output/tbl_bck125252.png                                                                  (00:00.001 / 02:10.043, 1016Mb)
Load /work/output/ValueSet-2.16.840.1.113883.3.1937.777.24.11.30--20210323234509.json                (00:00.000 / 02:10.043, 1016Mb)
Load /work/output/icon-fhir-128.png                                                                  (00:00.000 / 02:10.044, 1016Mb)
Load /work/output/tbl_bck03310.png                                                                   (00:00.000 / 02:10.044, 1016Mb)
Load /work/output/index.html                                                                         (00:00.000 / 02:10.044, 1016Mb)
Load /work/output/tbl_bck0111110.png                                                                 (00:00.000 / 02:10.045, 1016Mb)
Load /work/output/tbl_vjoin.png                                                                      (00:00.000 / 02:10.045, 1016Mb)
Load /work/output/Consent-Example-MII-Consent-ResultType-document.json.html                          (00:00.000 / 02:10.046, 1016Mb)
Load /work/output/StructureDefinition-e0e166b4-0f77-478d-9062-de0034d98ce0-intro.md                  (00:00.000 / 02:10.046, 1017Mb)
Load /work/output/tbl_bck00001111101.png                                                             (00:00.000 / 02:10.047, 1017Mb)
Load /work/output/StructureDefinition-56375452-bfa1-4111-af7c-5b5ba9a1857c.xlsx                      (00:00.000 / 02:10.047, 1017Mb)
Load /work/output/tbl_vjoin_end_slice.png                                                            (00:00.000 / 02:10.048, 1017Mb)
Load /work/output/tbl_bck1341.png                                                                    (00:00.000 / 02:10.048, 1017Mb)
Load /work/output/tbl_bck1340.png                                                                    (00:00.000 / 02:10.049, 1017Mb)
Load /work/output/StructureDefinition-56375452-bfa1-4111-af7c-5b5ba9a1857c.html                      (00:00.000 / 02:10.049, 1017Mb)
Load /work/output/tbl_bck025125.png                                                                  (00:00.000 / 02:10.050, 1017Mb)
Load /work/output/icon-q-text.png                                                                    (00:00.000 / 02:10.050, 1017Mb)
Load /work/output/tbl_bck00001111100.png                                                             (00:00.000 / 02:10.050, 1017Mb)
Load /work/output/CapabilityStatement-mii-cap-consent-server.json.html                               (00:00.000 / 02:10.050, 1017Mb)
Load /work/output/SearchParameter-mii-sp-consent-provisiontype.xml                                   (00:00.000 / 02:10.051, 1017Mb)
Load /work/output/icon-q-display.png                                                                 (00:00.000 / 02:10.052, 1017Mb)
.Load /work/output/icon-fhir-1024.png                                                                 (00:00.000 / 02:10.052, 1017Mb)
Load /work/output/package.tgz                                                                        (00:00.000 / 02:10.052, 1017Mb)
Load /work/output/tbl_bck0512.png                                                                    (00:00.000 / 02:10.053, 1017Mb)
Load /work/output/tbl_bck000011110010.png                                                            (00:00.000 / 02:10.053, 1017Mb)
Load /work/output/tbl_bck143.png                                                                     (00:00.000 / 02:10.053, 1018Mb)
Load /work/output/tbl_bck03503.png                                                                   (00:00.000 / 02:10.053, 1018Mb)
Load /work/output/StructureDefinition-56375452-bfa1-4111-af7c-5b5ba9a1857c-definitions.html          (00:00.000 / 02:10.054, 1018Mb)
Load /work/output/tbl_bck100010.png                                                                  (00:00.000 / 02:10.054, 1018Mb)
Load /work/output/tbl_bck000010.png                                                                  (00:00.000 / 02:10.055, 1018Mb)
Load /work/output/tbl_bck1552.png                                                                    (00:00.000 / 02:10.055, 1018Mb)
Load /work/output/SearchParameter-mii-sp-consent-provisionperiod.change.history.html                 (00:00.000 / 02:10.055, 1018Mb)
Load /work/output/icon_element.gif                                                                   (00:00.000 / 02:10.056, 1018Mb)
Load /work/output/SearchParameter-mii-sp-consent-provisiontype.change.history.html                   (00:00.000 / 02:10.056, 1018Mb)
Load /work/output/tbl_bck0350240.png                                                                 (00:00.000 / 02:10.057, 1018Mb)
Load /work/output/tbl_bck13512.png                                                                   (00:00.000 / 02:10.057, 1018Mb)
Load /work/output/tbl_bck0250240.png                                                                 (00:00.000 / 02:10.057, 1018Mb)
Load /work/output/Consent-89f494a3-cd75-44f5-a78a-581dfdd47a94.change.history.html                   (00:00.000 / 02:10.057, 1018Mb)
Load /work/output/tbl_bck13510.png                                                                   (00:00.000 / 02:10.058, 1018Mb)
Load /work/output/SearchParameter-mii-sp-consent-provisioncode-testing.html                          (00:00.000 / 02:10.058, 1018Mb)
Load /work/output/tbl_bck01100.png                                                                   (00:00.006 / 02:10.065, 1018Mb)
Load /work/output/StructureDefinition-e0e166b4-0f77-478d-9062-de0034d98ce0-examples.html             (00:00.000 / 02:10.065, 1018Mb)
Load /work/output/SearchParameter-mii-sp-consent-policyuri-testing.html                              (00:00.001 / 02:10.066, 1018Mb)
Load /work/output/tbl_bck0100.png                                                                    (00:00.000 / 02:10.067, 1019Mb)
Load /work/output/tbl_bck1550.png                                                                    (00:00.000 / 02:10.067, 1019Mb)
Load /work/output/tbl_bck12424.png                                                                   (00:00.000 / 02:10.068, 1019Mb)
Load /work/output/tbl_bck11111.png                                                                   (00:00.000 / 02:10.068, 1019Mb)
Load /work/output/CodeSystem-mii-cs-consent-version-modules.xml.html                                 (00:00.000 / 02:10.068, 1019Mb)
Load /work/output/tbl_bck155.png                                                                     (00:00.000 / 02:10.069, 1019Mb)
Load /work/output/tbl_bck141.png                                                                     (00:00.000 / 02:10.069, 1019Mb)
Load /work/output/Parameters-mii-param-consent-manifest.xml                                          (00:00.000 / 02:10.069, 1019Mb)
Load /work/output/tbl_bck0000111110.png                                                              (00:00.000 / 02:10.070, 1020Mb)
Load /work/output/Consent-34150a23-b1c8-404f-874f-e042a30435d2.html                                  (00:00.000 / 02:10.071, 1020Mb)
Load /work/output/Consent-89f494a3-cd75-44f5-a78a-581dfdd47a94.html                                  (00:00.000 / 02:10.071, 1020Mb)
Load /work/output/tbl_bck035.png                                                                     (00:00.000 / 02:10.072, 1020Mb)
Load /work/output/tbl_bck1001001.png                                                                 (00:00.000 / 02:10.072, 1020Mb)
Load /work/output/tbl_bck0510.png                                                                    (00:00.000 / 02:10.072, 1020Mb)
Load /work/output/tbl_bck1140.png                                                                    (00:00.000 / 02:10.073, 1020Mb)
Load /work/output/tbl_bck1111010.png                                                                 (00:00.000 / 02:10.073, 1020Mb)
Load /work/output/package.r4.manifest.json                                                           (00:00.000 / 02:10.073, 1020Mb)
Load /work/output/tbl_bck1011010.png                                                                 (00:00.000 / 02:10.073, 1020Mb)
Load /work/output/tbl_bck1424.png                                                                    (00:00.000 / 02:10.074, 1020Mb)
Load /work/output/icon-resource.png                                                                  (00:00.000 / 02:10.074, 1020Mb)
Load /work/output/icon_text.png                                                                      (00:00.000 / 02:10.074, 1020Mb)
Load /work/output/examples.xml.zip                                                                   (00:00.000 / 02:10.074, 1020Mb)
Load /work/output/toc.html                                                                           (00:00.000 / 02:10.074, 1020Mb)
Load /work/output/SearchParameter-mii-sp-consent-provisioncodeperiod.xml                             (00:00.000 / 02:10.075, 1020Mb)
Load /work/output/Consent-34150a23-b1c8-404f-874f-e042a30435d2.xml                                   (00:00.003 / 02:10.079, 1021Mb)
Load /work/output/Provenance-55219d12-6245-4de4-8b50-ddf6f16a789b.html                               (00:00.003 / 02:10.083, 1Gb)
Load /work/output/icon-type-operation.png                                                            (00:00.000 / 02:10.084, 1Gb)
Load /work/output/tbl_vjoin_slicer.png                                                               (00:00.000 / 02:10.084, 1Gb)
Load /work/output/icon_bundle.png                                                                    (00:00.000 / 02:10.084, 1Gb)
Load /work/output/tbl_bck1001000.png                                                                 (00:00.000 / 02:10.085, 1Gb)
Load /work/output/tbl_bck0505.png                                                                    (00:00.000 / 02:10.085, 1Gb)
Load /work/output/Consent-5143266b-8d60-4b28-8ee9-635140ffa5bb.xml                                   (00:00.000 / 02:10.086, 1Gb)
Load /work/output/StructureDefinition-e0e166b4-0f77-478d-9062-de0034d98ce0-definitions.html          (00:00.011 / 02:10.097, 1Gb)
Load /work/output/tbl_vjoin_end_slicer-closed.png                                                    (00:00.000 / 02:10.098, 1Gb)
Load /work/output/tbl_bck0000111111.png                                                              (00:00.000 / 02:10.099, 1Gb)
Load /work/output/tbl_bck125250.png                                                                  (00:00.000 / 02:10.099, 1Gb)
Load /work/output/tbl_bck140.png                                                                     (00:00.000 / 02:10.099, 1Gb)
Load /work/output/changes.html                                                                       (00:00.000 / 02:10.099, 1Gb)
Load /work/output/icon-qi-subject.png                                                                (00:00.000 / 02:10.100, 1Gb)
.Load /work/output/tbl_bck11110.png                                                                   (00:00.000 / 02:10.100, 1Gb)
Load /work/output/StructureDefinition-56375452-bfa1-4111-af7c-5b5ba9a1857c.profile.history.html      (00:00.000 / 02:10.101, 1Gb)
Load /work/output/ValueSet-88464c5b-5338-4c2b-9c07-b42fef2ada64.json                                 (00:00.000 / 02:10.102, 1Gb)
Load /work/output/tbl_bck03500.png                                                                   (00:00.000 / 02:10.102, 1Gb)
Load /work/output/ValueSet-88464c5b-5338-4c2b-9c07-b42fef2ada64.xml.html                             (00:00.000 / 02:10.102, 1Gb)
Load /work/output/icon_extension_complex.png                                                         (00:00.000 / 02:10.103, 1Gb)
Load /work/output/lock.png                                                                           (00:00.000 / 02:10.103, 1Gb)
Load /work/output/ValueSet-2.16.840.1.113883.3.1937.777.24.11.30--20210323234509.xml.html            (00:00.000 / 02:10.103, 1Gb)
Load /work/output/tbl_bck0101.png                                                                    (00:00.000 / 02:10.104, 1Gb)
Load /work/output/mii-cap-consent-server.openapi.json                                                (00:00.000 / 02:10.104, 1Gb)
Load /work/output/tbl_bck01101.png                                                                   (00:00.000 / 02:10.105, 1Gb)
Load /work/output/SearchParameter-mii-sp-consent-policyuri.change.history.html                       (00:00.000 / 02:10.105, 1Gb)
Load /work/output/tbl_vjoin_slicer-closed.png                                                        (00:00.000 / 02:10.106, 1Gb)
Load /work/output/SearchParameter-mii-sp-consent-provisioncodeperiod.html                            (00:00.000 / 02:10.106, 1Gb)
Load /work/output/CodeSystem-2.16.840.1.113883.3.1937.777.24.5.3--20251211153003.change.history.html (00:00.000 / 02:10.107, 1Gb)
Load /work/output/tbl_bck011110000.png                                                               (00:00.000 / 02:10.107, 1Gb)
Load /work/output/tbl_bck1250.png                                                                    (00:00.000 / 02:10.108, 1Gb)
Load /work/output/tbl_bck00001111010.png                                                             (00:00.000 / 02:10.108, 1Gb)
Load /work/output/tbl_bck133.png                                                                     (00:00.000 / 02:10.108, 1Gb)
Load /work/output/StructureDefinition-f675b1e8-9f3f-44e8-bb59-9681f78eb464.csv                       (00:00.000 / 02:10.109, 1Gb)
Load /work/output/icon-fhir-48.png                                                                   (00:00.000 / 02:10.109, 1Gb)
Load /work/output/icon-q-date.png                                                                    (00:00.000 / 02:10.109, 1Gb)
Load /work/output/CapabilityStatement-mii-cap-consent-server.json                                    (00:00.000 / 02:10.109, 1Gb)
Load /work/output/tbl_bck100100.png                                                                  (00:00.000 / 02:10.110, 1Gb)
Load /work/output/DocumentReference-8a3d1799-2463-405e-b49c-6a16c8692b01.xml.html                    (00:00.000 / 02:10.110, 1Gb)
Load /work/output/tbl_bck000100.png                                                                  (00:00.000 / 02:10.111, 1Gb)
Load /work/output/tree-filter.png                                                                    (00:00.000 / 02:10.111, 1Gb)
Load /work/output/Parameters-mii-param-consent-manifest.html                                         (00:00.000 / 02:10.111, 1Gb)
Load /work/output/tbl_bck1330.png                                                                    (00:00.000 / 02:10.112, 1Gb)
Load /work/output/icon-not-selected.png                                                              (00:00.000 / 02:10.112, 1Gb)
Load /work/output/icon_choice.gif                                                                    (00:00.000 / 02:10.113, 1Gb)
Load /work/output/tbl_bck010110.png                                                                  (00:00.000 / 02:10.113, 1Gb)
Load /work/output/icon_page-child.gif                                                                (00:00.000 / 02:10.113, 1Gb)
Load /work/output/tbl_bck110110.png                                                                  (00:00.000 / 02:10.113, 1Gb)
Load /work/output/StructureDefinition-56375452-bfa1-4111-af7c-5b5ba9a1857c-testing.html              (00:00.000 / 02:10.114, 1Gb)
Load /work/output/DocumentReference-8a3d1799-2463-405e-b49c-6a16c8692b01.xml                         (00:00.000 / 02:10.114, 1Gb)
Load /work/output/Consent-34150a23-b1c8-404f-874f-e042a30435d2.xml.html                              (00:00.000 / 02:10.115, 1Gb)
Load /work/output/tbl_vjoin_end_slicer-open.png                                                      (00:00.000 / 02:10.116, 1Gb)
Load /work/output/icon-change-remove.png                                                             (00:00.000 / 02:10.116, 1Gb)
Load /work/output/link.svg                                                                           (00:00.000 / 02:10.116, 1Gb)
Load /work/output/tbl_bck100101.png                                                                  (00:00.000 / 02:10.117, 1Gb)
Load /work/output/icon_modifier_extension_simple.png                                                 (00:00.000 / 02:10.117, 1Gb)
Load /work/output/StructureDefinition-f675b1e8-9f3f-44e8-bb59-9681f78eb464-definitions.html          (00:00.000 / 02:10.117, 1Gb)
Load /work/output/tbl_bck035025.png                                                                  (00:00.000 / 02:10.118, 1Gb)
Load /work/output/tbl_bck10240.png                                                                   (00:00.000 / 02:10.118, 1Gb)
Load /work/output/logical-models.html                                                                (00:00.000 / 02:10.118, 1Gb)
Load /work/output/StructureDefinition-56375452-bfa1-4111-af7c-5b5ba9a1857c.profile.json.html         (00:00.000 / 02:10.119, 1Gb)
Load /work/output/StructureDefinition-f675b1e8-9f3f-44e8-bb59-9681f78eb464.profile.json.html         (00:00.000 / 02:10.119, 1Gb)
Load /work/output/tbl_bck1251.png                                                                    (00:00.000 / 02:10.120, 1Gb)
Load /work/output/icon-qi-vertical.png                                                               (00:00.000 / 02:10.120, 1Gb)
Load /work/output/ValueSet-2.16.840.1.113883.3.1937.777.24.11.36--20230331232804.json                (00:00.000 / 02:10.121, 1Gb)
Load /work/output/Provenance-55219d12-6245-4de4-8b50-ddf6f16a789b.change.history.html                (00:00.000 / 02:10.122, 1Gb)
Load /work/output/tbl_bck1253.png                                                                    (00:00.000 / 02:10.123, 1Gb)
Load /work/output/icon-change-edit.png                                                               (00:00.000 / 02:10.123, 1Gb)
Load /work/output/url-literals.json                                                                  (00:00.000 / 02:10.123, 1Gb)
Load /work/output/tbl_bck000011110.png                                                               (00:00.000 / 02:10.124, 1Gb)
Load /work/output/Provenance-55219d12-6245-4de4-8b50-ddf6f16a789b.xml.html                           (00:00.000 / 02:10.124, 1Gb)
Load /work/output/tbl_bck0000111001.png                                                              (00:00.000 / 02:10.125, 1Gb)
Load /work/output/tbl_bck0000111110110.png                                                           (00:00.000 / 02:10.125, 1Gb)
Load /work/output/de.medizininformatikinitiative.kerndatensatz.consent.en.tgz                        (00:00.000 / 02:10.125, 1Gb)
Load /work/output/Consent-89f494a3-cd75-44f5-a78a-581dfdd47a94.xml.html                              (00:00.000 / 02:10.125, 1Gb)
.Load /work/output/tbl_bck124.png                                                                     (00:00.000 / 02:10.126, 1Gb)
Load /work/output/tbl_bck130.png                                                                     (00:00.000 / 02:10.127, 1Gb)
Load /work/output/tbl_bck11000.png                                                                   (00:00.000 / 02:10.127, 1Gb)
Load /work/output/tbl_bck03410.png                                                                   (00:00.000 / 02:10.127, 1Gb)
Load /work/output/tbl_bck12535.png                                                                   (00:00.000 / 02:10.128, 1Gb)
Load /work/output/tbl_bck125340.png                                                                  (00:00.000 / 02:10.128, 1Gb)
Load /work/output/tbl_bck1125.png                                                                    (00:00.000 / 02:10.128, 1Gb)
Load /work/output/tbl_bck050.png                                                                     (00:00.000 / 02:10.129, 1Gb)
Load /work/output/tbl_bck01011.png                                                                   (00:00.000 / 02:10.129, 1Gb)
Load /work/output/tbl_vjoin_end_slicer.png                                                           (00:00.000 / 02:10.130, 1Gb)
Load /work/output/CapabilityStatement-mii-cap-consent-server-testing.html                            (00:00.000 / 02:10.130, 1Gb)
Load /work/output/tbl-open.png                                                                       (00:00.001 / 02:10.131, 1Gb)
Load /work/output/tbl_bck0011.png                                                                    (00:00.000 / 02:10.131, 1Gb)
Load /work/output/SearchParameter-mii-sp-consent-provisionperiod.json.html                           (00:00.000 / 02:10.132, 1Gb)
Load /work/output/tbl_bck0010.png                                                                    (00:00.001 / 02:10.133, 1Gb)
Load /work/output/icon-qi-hidden.png                                                                 (00:00.000 / 02:10.133, 1Gb)
Load /work/output/tbl_bck13400.png                                                                   (00:00.000 / 02:10.134, 1Gb)
Load /work/output/tbl_bck01010.png                                                                   (00:00.000 / 02:10.134, 1Gb)
Load /work/output/Consent-Example-MII-Consent-ResultType-document.html                               (00:00.000 / 02:10.134, 1Gb)
Load /work/output/icon-warning.png                                                                   (00:00.000 / 02:10.135, 1Gb)
Load /work/output/tbl_bck051.png                                                                     (00:00.000 / 02:10.135, 1Gb)
Load /work/output/tbl_bck1124.png                                                                    (00:00.000 / 02:10.136, 1Gb)
Load /work/output/SearchParameter-mii-sp-consent-provisionperiod.json                                (00:00.000 / 02:10.136, 1Gb)
Load /work/output/SearchParameter-mii-sp-consent-provisioncodetype.xml                               (00:00.000 / 02:10.136, 1Gb)
Load /work/output/tbl_vjoin_slice-open.png                                                           (00:00.001 / 02:10.138, 1Gb)
Load /work/output/tbl_bck11001.png                                                                   (00:00.000 / 02:10.138, 1Gb)
Load /work/output/uml-diagrams.html                                                                  (00:00.000 / 02:10.139, 1Gb)
Load /work/output/tbl_bck125.png                                                                     (00:00.001 / 02:10.140, 1Gb)
Load /work/output/tbl_bck0400.png                                                                    (00:00.000 / 02:10.140, 1Gb)
Load /work/output/tbl_bck1050.png                                                                    (00:00.000 / 02:10.140, 1Gb)
Load /work/output/validator.pack                                                                     (00:00.000 / 02:10.141, 1Gb)
Load /work/output/tbl_bck0000111000.png                                                              (00:00.000 / 02:10.141, 1Gb)
Load /work/output/tbl_vjoin-open.png                                                                 (00:00.000 / 02:10.141, 1Gb)
Load /work/output/icon_vd_view.png                                                                   (00:00.000 / 02:10.141, 1Gb)
Load /work/output/StructureDefinition-f675b1e8-9f3f-44e8-bb59-9681f78eb464-intro.md                  (00:00.000 / 02:10.142, 1Gb)
Load /work/output/icon_datatype.gif                                                                  (00:00.000 / 02:10.142, 1Gb)
Load /work/output/tbl_bck000011111.png                                                               (00:00.000 / 02:10.142, 1Gb)
Load /work/output/alert.jpg                                                                          (00:00.000 / 02:10.142, 1Gb)
Load /work/output/StructureDefinition-e0e166b4-0f77-478d-9062-de0034d98ce0.csv                       (00:00.000 / 02:10.143, 1Gb)
Load /work/output/tbl_vjoin_end_slice-open.png                                                       (00:00.000 / 02:10.143, 1Gb)
Load /work/output/tbl_bck1011100.png                                                                 (00:00.000 / 02:10.143, 1Gb)
Load /work/output/tbl_bck1252.png                                                                    (00:00.000 / 02:10.143, 1Gb)
Load /work/output/Consent-5143266b-8d60-4b28-8ee9-635140ffa5bb.json.html                             (00:00.000 / 02:10.143, 1Gb)
Load /work/output/Parameters-mii-param-consent-manifest.json.html                                    (00:00.000 / 02:10.144, 1Gb)
Load /work/output/tbl_bck1011110.png                                                                 (00:00.000 / 02:10.145, 1Gb)
Load /work/output/icon_slice.png                                                                     (00:00.000 / 02:10.145, 1Gb)
Load /work/output/tbl_bck0000111010.png                                                              (00:00.000 / 02:10.146, 1Gb)
Load /work/output/schematrons.zip                                                                    (00:00.000 / 02:10.146, 1Gb)
Load /work/output/icon-directory.gif                                                                 (00:00.000 / 02:10.146, 1Gb)
Load /work/output/tbl_bck000011101.png                                                               (00:00.000 / 02:10.146, 1Gb)
Load /work/output/icon-q-datetime.png                                                                (00:00.000 / 02:10.147, 1Gb)
Load /work/output/DocumentReference-8a3d1799-2463-405e-b49c-6a16c8692b01.json.html                   (00:00.000 / 02:10.147, 1Gb)
Load /work/output/tbl_bck135.png                                                                     (00:00.000 / 02:10.148, 1Gb)
Load /work/output/tbl_bck0410.png                                                                    (00:00.000 / 02:10.148, 1Gb)
Load /work/output/tbl_bck1040.png                                                                    (00:00.000 / 02:10.148, 1Gb)
Load /work/output/codesystem-ref-all-list.csv                                                        (00:00.000 / 02:10.148, 1Gb)
Load /work/output/tbl_bck11011.png                                                                   (00:00.000 / 02:10.149, 1Gb)
Load /work/output/tbl_bck041.png                                                                     (00:00.000 / 02:10.149, 1Gb)
Load /work/output/CodeSystem-2.16.840.1.113883.3.1937.777.24.5.2--20210423105554-testing.html        (00:00.000 / 02:10.149, 1Gb)
Load /work/output/SearchParameter-mii-sp-consent-provisioncodetype.json                              (00:00.000 / 02:10.150, 1Gb)
Load /work/output/tbl_bck13410.png                                                                   (00:00.000 / 02:10.150, 1Gb)
.Load /work/output/tbl_bck01000.png                                                                   (00:00.000 / 02:10.150, 1Gb)
Load /work/output/icon-q-item.png                                                                    (00:00.000 / 02:10.150, 1Gb)
Load /work/output/tbl_bck0000.png                                                                    (00:00.000 / 02:10.150, 1Gb)
Load /work/output/tbl_bck0001.png                                                                    (00:00.000 / 02:10.151, 1Gb)
Load /work/output/tbl_bck125350.png                                                                  (00:00.000 / 02:10.151, 1Gb)
Load /work/output/tbl_bck040.png                                                                     (00:00.000 / 02:10.151, 1Gb)
Load /work/output/StructureDefinition-e0e166b4-0f77-478d-9062-de0034d98ce0.profile.history.html      (00:00.000 / 02:10.152, 1Gb)
Load /work/output/valueset-list.json                                                                 (00:00.000 / 02:10.152, 1Gb)
Load /work/output/tbl_bck11010.png                                                                   (00:00.000 / 02:10.152, 1Gb)
Load /work/output/tbl_bck03400.png                                                                   (00:00.000 / 02:10.153, 1Gb)
Load /work/output/tbl_bck12525.png                                                                   (00:00.000 / 02:10.153, 1Gb)
Load /work/output/tbl_bck0000111110100.png                                                           (00:00.000 / 02:10.153, 1Gb)
Load /work/output/tbl_bck134.png                                                                     (00:00.000 / 02:10.153, 1Gb)
Load /work/output/all-profiles.csv                                                                   (00:00.000 / 02:10.154, 1Gb)
Load /work/output/tbl_bck120.png                                                                     (00:00.000 / 02:10.154, 1Gb)
Load /work/output/tbl_bck000011100.png                                                               (00:00.000 / 02:10.154, 1Gb)
Load /work/output/tbl_bck0000111011.png                                                              (00:00.000 / 02:10.154, 1Gb)
Load /work/output/ValueSet-2.16.840.1.113883.3.1937.777.24.11.30--20210323234509.xml                 (00:00.000 / 02:10.155, 1Gb)
Load /work/output/SearchParameter-mii-sp-consent-provisioncode.change.history.html                   (00:00.001 / 02:10.156, 1Gb)
Load /work/output/icon_primitive.png                                                                 (00:00.000 / 02:10.157, 1Gb)
Load /work/output/tbl_bck1243.png                                                                    (00:00.000 / 02:10.157, 1Gb)
Load /work/output/cc0.png                                                                            (00:00.000 / 02:10.157, 1Gb)
Load /work/output/definitions.xml.zip                                                                (00:00.000 / 02:10.157, 1Gb)
Load /work/output/tbl_vjoin_end_slice-closed.png                                                     (00:00.000 / 02:10.158, 1Gb)
Load /work/output/icon-q-open-choice.png                                                             (00:00.000 / 02:10.158, 1Gb)
Load /work/output/target.png                                                                         (00:00.000 / 02:10.158, 1Gb)
Load /work/output/tbl_bck00001111001.png                                                             (00:00.000 / 02:10.158, 1Gb)
Load /work/output/icon_q_root.gif                                                                    (00:00.000 / 02:10.159, 1Gb)
Load /work/output/tbl_bck1241.png                                                                    (00:00.000 / 02:10.159, 1Gb)
Load /work/output/tbl_bck10250.png                                                                   (00:00.000 / 02:10.159, 1Gb)
Load /work/output/icon-q-quantity.png                                                                (00:00.000 / 02:10.159, 1Gb)
Load /work/output/information.png                                                                    (00:00.000 / 02:10.159, 1Gb)
Load /work/output/CodeSystem-2.16.840.1.113883.3.1937.777.24.5.2--20210423105554.xlsx                (00:00.000 / 02:10.160, 1Gb)
Load /work/output/CodeSystem-mii-cs-consent-version-modules.json.html                                (00:00.000 / 02:10.160, 1Gb)
Load /work/output/tbl_vjoin_end-open.png                                                             (00:00.000 / 02:10.161, 1Gb)
Load /work/output/tbl_bck125352.png                                                                  (00:00.000 / 02:10.161, 1Gb)
Load /work/output/tbl_bck010100.png                                                                  (00:00.000 / 02:10.161, 1Gb)
Load /work/output/ValueSet-88464c5b-5338-4c2b-9c07-b42fef2ada64-testing.html                         (00:00.000 / 02:10.161, 1Gb)
Load /work/output/tbl_bck110100.png                                                                  (00:00.000 / 02:10.162, 1Gb)
Load /work/output/icon-qi-security.bmp                                                               (00:00.000 / 02:10.162, 1Gb)
Load /work/output/SearchParameter-mii-sp-consent-policyuri.html                                      (00:00.000 / 02:10.163, 1Gb)
Load /work/output/tbl_vjoin_end-closed.png                                                           (00:00.000 / 02:10.163, 1Gb)
Load /work/output/tbl_bck1320.png                                                                    (00:00.000 / 02:10.164, 1Gb)
Load /work/output/icon-include.png                                                                   (00:00.000 / 02:10.164, 1Gb)
Load /work/output/CodeSystem-mii-cs-consent-version-modules.xml                                      (00:00.000 / 02:10.164, 1Gb)
Load /work/output/tbl_bck100110.png                                                                  (00:00.003 / 02:10.168, 1Gb)
Load /work/output/ValueSet-2.16.840.1.113883.3.1937.777.24.11.30--20210323234509.json.html           (00:00.000 / 02:10.168, 1Gb)
Load /work/output/CodeSystem-2.16.840.1.113883.3.1937.777.24.5.2--20210423105554.html                (00:00.000 / 02:10.169, 1Gb)
Load /work/output/tbl_bck000110.png                                                                  (00:00.000 / 02:10.170, 1Gb)
Load /work/output/icon-fhir-64.png                                                                   (00:00.000 / 02:10.170, 1Gb)
Load /work/output/icon_reuse.png                                                                     (00:00.005 / 02:10.176, 1Gb)
Load /work/output/tbl_bck1240.png                                                                    (00:00.000 / 02:10.176, 1Gb)
Load /work/output/tbl_bck025025.png                                                                  (00:00.000 / 02:10.177, 1Gb)
Load /work/output/icon_extension_simple.png                                                          (00:00.000 / 02:10.177, 1Gb)
Load /work/output/StructureDefinition-e0e166b4-0f77-478d-9062-de0034d98ce0.profile.json.html         (00:00.000 / 02:10.177, 1Gb)
Load /work/output/StructureDefinition-e0e166b4-0f77-478d-9062-de0034d98ce0.json                      (00:00.000 / 02:10.178, 1Gb)
Load /work/output/StructureDefinition-56375452-bfa1-4111-af7c-5b5ba9a1857c.csv                       (00:00.000 / 02:10.178, 1Gb)
Load /work/output/icon-q-decimal.png                                                                 (00:00.000 / 02:10.178, 1Gb)
Load /work/output/tbl_bck011110010.png                                                               (00:00.000 / 02:10.178, 1Gb)
Load /work/output/icon_vd_foreach.png                                                                (00:00.000 / 02:10.179, 1Gb)
Load /work/output/valueset-list.csv                                                                  (00:00.000 / 02:10.179, 1Gb)
.Load /work/output/icon-q-boolean.png                                                                 (00:00.000 / 02:10.179, 1Gb)
Load /work/output/downloads.html                                                                     (00:00.000 / 02:10.179, 1Gb)
Load /work/output/tbl_bck025000.png                                                                  (00:00.000 / 02:10.180, 1Gb)
Load /work/output/CodeSystem-2.16.840.1.113883.3.1937.777.24.5.2--20210423105554.json                (00:00.000 / 02:10.180, 1Gb)
Load /work/output/frageboegen.html                                                                   (00:00.000 / 02:10.180, 1Gb)
Load /work/output/tbl_bck0110100.png                                                                 (00:00.000 / 02:10.181, 1Gb)
Load /work/output/icon_page.gif                                                                      (00:00.000 / 02:10.181, 1Gb)
Load /work/output/Consent-Example-MII-Consent-ResultType-document.xml                                (00:00.000 / 02:10.181, 1Gb)
Load /work/output/tbl_bck1.png                                                                       (00:00.002 / 02:10.184, 1Gb)
Load /work/output/tbl_bck0000111.png                                                                 (00:00.000 / 02:10.184, 1Gb)
Load /work/output/tbl_bck112.png                                                                     (00:00.000 / 02:10.184, 1Gb)
Load /work/output/tbl_bck0351.png                                                                    (00:00.000 / 02:10.185, 1Gb)
Load /work/output/tbl_bck111010.png                                                                  (00:00.000 / 02:10.185, 1Gb)
Load /work/output/tbl_bck011010.png                                                                  (00:00.000 / 02:10.185, 1Gb)
Load /work/output/StructureDefinition-56375452-bfa1-4111-af7c-5b5ba9a1857c-intro.md                  (00:00.000 / 02:10.185, 1Gb)
Load /work/output/icon-qi-optional.png                                                               (00:00.000 / 02:10.186, 1Gb)
Load /work/output/tbl_vjoin_slice-closed.png                                                         (00:00.000 / 02:10.186, 1Gb)
Load /work/output/StructureDefinition-e0e166b4-0f77-478d-9062-de0034d98ce0.html                      (00:00.000 / 02:10.186, 1Gb)
Load /work/output/SearchParameter-mii-sp-consent-provisioncodetype.xml.html                          (00:00.000 / 02:10.187, 1Gb)
Load /work/output/StructureDefinition-e0e166b4-0f77-478d-9062-de0034d98ce0.xml                       (00:00.000 / 02:10.187, 1Gb)
Load /work/output/tbl_bck001001.png                                                                  (00:00.074 / 02:10.262, 1Gb)
Load /work/output/tbl_bck02512.png                                                                   (00:00.000 / 02:10.262, 1Gb)
Load /work/output/SearchParameter-mii-sp-consent-provisiontype-testing.html                          (00:00.000 / 02:10.263, 1Gb)
Load /work/output/examples.json.zip                                                                  (00:00.001 / 02:10.264, 1Gb)
Load /work/output/DocumentReference-8a3d1799-2463-405e-b49c-6a16c8692b01.change.history.html         (00:00.000 / 02:10.264, 1Gb)
Load /work/output/codesystem-ref-list.csv                                                            (00:00.000 / 02:10.265, 1Gb)
Load /work/output/tbl_bck02513.png                                                                   (00:00.000 / 02:10.265, 1Gb)
Load /work/output/SearchParameter-mii-sp-consent-provisioncodetype.json.html                         (00:00.000 / 02:10.266, 1Gb)
Load /work/output/tbl_bck001000.png                                                                  (00:00.000 / 02:10.267, 1Gb)
Load /work/output/icon-qi-observation.png                                                            (00:00.000 / 02:10.267, 1Gb)
Load /work/output/tbl_bck101000.png                                                                  (00:00.000 / 02:10.267, 1Gb)
Load /work/output/StructureDefinition-e0e166b4-0f77-478d-9062-de0034d98ce0.xlsx                      (00:00.000 / 02:10.267, 1Gb)
Load /work/output/ValueSet-2.16.840.1.113883.3.1937.777.24.11.36--20230331232804.json.html           (00:00.000 / 02:10.268, 1Gb)
Load /work/output/tbl_bck1112.png                                                                    (00:00.000 / 02:10.268, 1Gb)
Load /work/output/tbl_vjoin_slicer-open.png                                                          (00:00.000 / 02:10.269, 1Gb)
Load /work/output/tbl_bck00112.png                                                                   (00:00.000 / 02:10.269, 1Gb)
Load /work/output/tbl_bck0251250.png                                                                 (00:00.000 / 02:10.269, 1Gb)
Load /work/output/tbl_bck0351250.png                                                                 (00:00.000 / 02:10.269, 1Gb)
Load /work/output/tbl_bck011011.png                                                                  (00:00.000 / 02:10.270, 1Gb)
Load /work/output/CapabilityStatement-mii-cap-consent-server.xml.html                                (00:00.000 / 02:10.270, 1Gb)
Load /work/output/tbl_bck113.png                                                                     (00:00.000 / 02:10.271, 1Gb)
Load /work/output/tbl_bck0000110.png                                                                 (00:00.000 / 02:10.271, 1Gb)
Load /work/output/tbl_bck0350.png                                                                    (00:00.000 / 02:10.272, 1Gb)
Load /work/output/tbl_bck10010000.png                                                                (00:00.000 / 02:10.272, 1Gb)
Load /work/output/tbl_bck00001110110.png                                                             (00:00.000 / 02:10.272, 1Gb)
Load /work/output/tbl_bck10110000.png                                                                (00:00.000 / 02:10.272, 1Gb)
Load /work/output/SearchParameter-mii-sp-consent-policyuri.json                                      (00:00.000 / 02:10.273, 1Gb)
Load /work/output/tbl_bck0.png                                                                       (00:00.000 / 02:10.273, 1Gb)
Load /work/output/codesystem-ref-all-list.json                                                       (00:00.000 / 02:10.273, 1Gb)
Load /work/output/codesystem-list.csv                                                                (00:00.000 / 02:10.273, 1Gb)
Load /work/output/tbl_bck00001001.png                                                                (00:00.000 / 02:10.274, 1Gb)
Load /work/output/icon-change-add.png                                                                (00:00.000 / 02:10.274, 1Gb)
Load /work/output/tbl_bck000011111000.png                                                            (00:00.000 / 02:10.274, 1Gb)
Load /work/output/codesystem-ref-list.json                                                           (00:00.000 / 02:10.274, 1Gb)
Load /work/output/icon-page.png                                                                      (00:00.000 / 02:10.274, 1Gb)
Load /work/output/tbl_bck1500.png                                                                    (00:00.000 / 02:10.275, 1Gb)
Load /work/output/valueset-ref-all-list.csv                                                          (00:00.000 / 02:10.275, 1Gb)
Load /work/output/ValueSet-88464c5b-5338-4c2b-9c07-b42fef2ada64.json.html                            (00:00.000 / 02:10.275, 1Gb)
Load /work/output/SearchParameter-mii-sp-consent-provisioncodetype-testing.html                      (00:00.000 / 02:10.276, 1Gb)
Load /work/output/profiles.html                                                                      (00:00.000 / 02:10.277, 1Gb)
Load /work/output/StructureDefinition-f675b1e8-9f3f-44e8-bb59-9681f78eb464.profile.xml.html          (00:00.000 / 02:10.277, 1Gb)
.Load /work/output/tbl_bck105.png                                                                     (00:00.000 / 02:10.278, 1Gb)
Load /work/output/tbl_bck01101100.png                                                                (00:00.000 / 02:10.278, 1Gb)
Load /work/output/tbl_bck111.png                                                                     (00:00.000 / 02:10.279, 1Gb)
Load /work/output/tbl_vline_slice.png                                                                (00:00.000 / 02:10.279, 1Gb)
Load /work/output/valueset-ref-all-list.json                                                         (00:00.000 / 02:10.279, 1Gb)
Load /work/output/tbl_bck05040.png                                                                   (00:00.000 / 02:10.279, 1Gb)
Load /work/output/tbl_bck0251252.png                                                                 (00:00.000 / 02:10.280, 1Gb)
Load /work/output/tbl_bck00110.png                                                                   (00:00.000 / 02:10.280, 1Gb)
Load /work/output/tbl_bck12500.png                                                                   (00:00.000 / 02:10.280, 1Gb)
Load /work/output/tbl_bck0351252.png                                                                 (00:00.000 / 02:10.280, 1Gb)
Load /work/output/icon_fixed.gif                                                                     (00:00.000 / 02:10.280, 1Gb)
Load /work/output/tbl_bck1110.png                                                                    (00:00.000 / 02:10.281, 1Gb)
Load /work/output/security-and-privacy.html                                                          (00:00.000 / 02:10.281, 1Gb)
Load /work/output/expansions.json                                                                    (00:00.000 / 02:10.281, 1Gb)
Load /work/output/tbl_bck10101.png                                                                   (00:00.000 / 02:10.282, 1Gb)
Load /work/output/SearchParameter-mii-sp-consent-policyuri.xml.html                                  (00:00.000 / 02:10.282, 1Gb)
Load /work/output/StructureDefinition-56375452-bfa1-4111-af7c-5b5ba9a1857c.sch                       (00:00.000 / 02:10.283, 1Gb)
Load /work/output/package.r4.tgz                                                                     (00:00.000 / 02:10.283, 1Gb)
Load /work/output/SearchParameter-mii-sp-consent-provisioncodeperiod.json.html                       (00:00.000 / 02:10.283, 1Gb)
Load /work/output/help.png                                                                           (00:00.000 / 02:10.284, 1Gb)
Load /work/output/StructureDefinition-f675b1e8-9f3f-44e8-bb59-9681f78eb464.xml                       (00:00.000 / 02:10.284, 1Gb)
Load /work/output/tbl_bck02510.png                                                                   (00:00.017 / 02:10.302, 1Gb)
Load /work/output/modifier.png                                                                       (00:00.000 / 02:10.302, 1Gb)
Load /work/output/tbl_bck10100.png                                                                   (00:00.000 / 02:10.302, 1Gb)
Load /work/output/icon-key.png                                                                       (00:00.000 / 02:10.302, 1Gb)
Load /work/output/tbl_bck15050.png                                                                   (00:00.000 / 02:10.303, 1Gb)
Load /work/output/icon-q-integer.png                                                                 (00:00.000 / 02:10.303, 1Gb)
Load /work/output/tbl_bck1111.png                                                                    (00:00.000 / 02:10.303, 1Gb)
Load /work/output/StructureDefinition-56375452-bfa1-4111-af7c-5b5ba9a1857c-examples.html             (00:00.000 / 02:10.304, 1Gb)
Load /work/output/tbl_bck00111.png                                                                   (00:00.001 / 02:10.305, 1Gb)
Load /work/output/Consent-89f494a3-cd75-44f5-a78a-581dfdd47a94.xml                                   (00:00.000 / 02:10.305, 1Gb)
Load /work/output/tbl_bck110.png                                                                     (00:00.005 / 02:10.311, 1Gb)
Load /work/output/tbl_bck104.png                                                                     (00:00.001 / 02:10.312, 1Gb)
Load /work/output/SearchParameter-mii-sp-consent-provisioncodeperiod.xml.html                        (00:00.000 / 02:10.313, 1Gb)
Load /work/output/package.r4b.tgz                                                                    (00:00.000 / 02:10.314, 1Gb)
Load /work/output/tbl_bck1515.png                                                                    (00:00.000 / 02:10.314, 1Gb)
Load /work/output/CodeSystem-2.16.840.1.113883.3.1937.777.24.5.2--20210423105554.xml                 (00:00.000 / 02:10.315, 1Gb)
Load /work/output/tbl-closed.png                                                                     (00:00.001 / 02:10.316, 1Gb)
Load /work/output/tbl_bck000010010.png                                                               (00:00.000 / 02:10.316, 1Gb)
Load /work/output/SearchParameter-mii-sp-consent-provisioncodetype.html                              (00:00.000 / 02:10.316, 1Gb)
Load /work/output/icon-dictionary.png                                                                (00:00.000 / 02:10.317, 1Gb)
Load /work/output/de.medizininformatikinitiative.kerndatensatz.consent.de.manifest.json              (00:00.000 / 02:10.318, 1Gb)
Load /work/output/Consent-Example-MII-Consent-ResultType-document.json                               (00:00.000 / 02:10.318, 1Gb)
Load /work/output/tbl_bck000010000.png                                                               (00:00.000 / 02:10.319, 1Gb)
Load /work/output/SearchParameter-mii-sp-consent-provisionperiod.html                                (00:00.001 / 02:10.320, 1Gb)
Load /work/output/StructureDefinition-56375452-bfa1-4111-af7c-5b5ba9a1857c-mappings.html             (00:00.000 / 02:10.321, 1Gb)
Load /work/output/tbl_bck1505.png                                                                    (00:00.000 / 02:10.322, 1Gb)
Load /work/output/tbl_bck100.png                                                                     (00:00.000 / 02:10.322, 1Gb)
Load /work/output/tbl_bck12511.png                                                                   (00:00.000 / 02:10.322, 1Gb)
Load /work/output/tbl_bck00101.png                                                                   (00:00.000 / 02:10.323, 1Gb)
Load /work/output/SearchParameter-mii-sp-consent-provisionperiod.xml.html                            (00:00.000 / 02:10.323, 1Gb)
Load /work/output/StructureDefinition-56375452-bfa1-4111-af7c-5b5ba9a1857c.xml                       (00:00.000 / 02:10.324, 1Gb)
Load /work/output/icon-list.gif                                                                      (00:00.015 / 02:10.339, 1Gb)
Load /work/output/tbl_bck1101.png                                                                    (00:00.000 / 02:10.340, 1Gb)
Load /work/output/fhir-table-scripts.js                                                              (00:00.000 / 02:10.340, 1Gb)
Load /work/output/tbl_bck02500.png                                                                   (00:00.000 / 02:10.341, 1Gb)
Load /work/output/tbl_bck10110.png                                                                   (00:00.000 / 02:10.341, 1Gb)
Load /work/output/package.db                                                                         (00:00.000 / 02:10.341, 1Gb)
Load /work/output/tbl_bck15040.png                                                                   (00:00.000 / 02:10.342, 1Gb)
Load /work/output/icon_extension.png                                                                 (00:00.000 / 02:10.342, 1Gb)
Load /work/output/icon-implementation.png                                                            (00:00.000 / 02:10.342, 1Gb)
.Load /work/output/icon_entry_blue.png                                                                (00:00.000 / 02:10.343, 1Gb)
Load /work/output/icon-q-coding.png                                                                  (00:00.000 / 02:10.343, 1Gb)
Load /work/output/tbl_bck10111.png                                                                   (00:00.000 / 02:10.343, 1Gb)
Load /work/output/tbl_bck02501.png                                                                   (00:00.000 / 02:10.344, 1Gb)
Load /work/output/tbl_bck1100.png                                                                    (00:00.000 / 02:10.344, 1Gb)
Load /work/output/CodeSystem-2.16.840.1.113883.3.1937.777.24.5.2--20210423105554.xml.html            (00:00.000 / 02:10.344, 1Gb)
Load /work/output/CapabilityStatement-mii-cap-consent-server.change.history.html                     (00:00.001 / 02:10.345, 1Gb)
Load /work/output/tbl_bck05050.png                                                                   (00:00.000 / 02:10.346, 1Gb)
Load /work/output/SearchParameter-mii-sp-consent-policyuri.json.html                                 (00:00.000 / 02:10.347, 1Gb)
Load /work/output/StructureDefinition-f675b1e8-9f3f-44e8-bb59-9681f78eb464.sch                       (00:00.000 / 02:10.348, 1Gb)
Load /work/output/tbl_bck00100.png                                                                   (00:00.000 / 02:10.348, 1Gb)
Load /work/output/ValueSet-2.16.840.1.113883.3.1937.777.24.11.36--20230331232804.xml                 (00:00.000 / 02:10.348, 1Gb)
Load /work/output/CodeSystem-2.16.840.1.113883.3.1937.777.24.5.3--20251211153003-testing.html        (00:00.001 / 02:10.350, 1Gb)
Load /work/output/tbl_bck12510.png                                                                   (00:00.000 / 02:10.350, 1Gb)
Load /work/output/tbl_bck115.png                                                                     (00:00.000 / 02:10.351, 1Gb)
Load /work/output/icon-documentation.png                                                             (00:00.000 / 02:10.351, 1Gb)
Load /work/output/tbl_bck01101110.png                                                                (00:00.000 / 02:10.351, 1Gb)
Load /work/output/tbl_bck101.png                                                                     (00:00.000 / 02:10.351, 1Gb)
Load /work/output/icon-selected.png                                                                  (00:00.000 / 02:10.352, 1Gb)
Load /work/output/icon-example.png                                                                   (00:00.000 / 02:10.352, 1Gb)
Load /work/output/ValueSet-88464c5b-5338-4c2b-9c07-b42fef2ada64.xml                                  (00:00.000 / 02:10.352, 1Gb)
Load /work/output/tbl_bck1510.png                                                                    (00:00.000 / 02:10.353, 1Gb)
Load /work/output/tbl_bck0140.png                                                                    (00:00.000 / 02:10.353, 1Gb)
Load /work/output/prism.css                                                                          (00:00.000 / 02:10.354, 1Gb)
Load /work/output/ImplementationGuide-mii-ig-consent.xml                                             (00:00.000 / 02:10.354, 1Gb)
Load /work/output/icon-qi-readonly.png                                                               (00:00.022 / 02:10.376, 1Gb)
Load /work/output/tbl_bck000011111010.png                                                            (00:00.000 / 02:10.377, 1Gb)
Load /work/output/SearchParameter-mii-sp-consent-provisioncodeperiod-testing.html                    (00:00.000 / 02:10.377, 1Gb)
Load /work/output/canonicals.json                                                                    (00:00.002 / 02:10.379, 1Gb)
Load /work/output/tbl_bck0110111.png                                                                 (00:00.001 / 02:10.381, 1Gb)
Load /work/output/icon-object-box.png                                                                (00:00.000 / 02:10.381, 1Gb)
Load /work/output/tbl_bck1512.png                                                                    (00:00.001 / 02:10.383, 1Gb)
Load /work/output/tbl_vjoin_slice.png                                                                (00:00.001 / 02:10.384, 1Gb)
Load /work/output/Parameters-mii-param-consent-manifest.change.history.html                          (00:00.003 / 02:10.388, 1Gb)
Load /work/output/icon-q-group.png                                                                   (00:00.004 / 02:10.393, 1Gb)
Load /work/output/de.medizininformatikinitiative.kerndatensatz.consent.de.tgz                        (00:00.000 / 02:10.393, 1Gb)
Load /work/output/tbl_bck103.png                                                                     (00:00.000 / 02:10.394, 1Gb)
Load /work/output/tbl_bck0000100.png                                                                 (00:00.000 / 02:10.394, 1Gb)
Load /work/output/tbl_bck0340.png                                                                    (00:00.000 / 02:10.395, 1Gb)
Load /work/output/tbl_bck10010010.png                                                                (00:00.000 / 02:10.395, 1Gb)
Load /work/output/Consent-Example-MII-Consent-ResultType-document.xml.html                           (00:00.000 / 02:10.395, 1Gb)
Load /work/output/tbl_bck00001110100.png                                                             (00:00.000 / 02:10.396, 1Gb)
Load /work/output/tbl_bck10110010.png                                                                (00:00.000 / 02:10.397, 1Gb)
Load /work/output/SearchParameter-mii-sp-consent-policyuri.xml                                       (00:00.000 / 02:10.397, 1Gb)
Load /work/output/tbl_bck0251240.png                                                                 (00:00.000 / 02:10.398, 1Gb)
Load /work/output/tbl_bck0351240.png                                                                 (00:00.000 / 02:10.398, 1Gb)
Load /work/output/tbl_bck12512.png                                                                   (00:00.000 / 02:10.398, 1Gb)
Load /work/output/tbl_bck011001.png                                                                  (00:00.000 / 02:10.399, 1Gb)
Load /work/output/new.png                                                                            (00:00.000 / 02:10.399, 1Gb)
Load /work/output/ValueSet-2.16.840.1.113883.3.1937.777.24.11.36--20230331232804.html                (00:00.000 / 02:10.399, 1Gb)
Load /work/output/StructureDefinition-e0e166b4-0f77-478d-9062-de0034d98ce0.sch                       (00:00.000 / 02:10.400, 1Gb)
Load /work/output/tbl_bck02503.png                                                                   (00:00.002 / 02:10.402, 1Gb)
Load /work/output/tbl_bck001010.png                                                                  (00:00.000 / 02:10.402, 1Gb)
Load /work/output/tbl_bck101010.png                                                                  (00:00.000 / 02:10.403, 1Gb)
Load /work/output/icon-qi-instructions.png                                                           (00:00.000 / 02:10.403, 1Gb)
Load /work/output/icon-clinical.png                                                                  (00:00.000 / 02:10.404, 1Gb)
Load /work/output/SearchParameter-mii-sp-consent-provisioncodeperiod.json                            (00:00.000 / 02:10.404, 1Gb)
Load /work/output/de/tbl_bck01111.png                                                                (00:00.000 / 02:10.404, 1Gb)
Load /work/output/de/Consent-5143266b-8d60-4b28-8ee9-635140ffa5bb.json                               (00:00.000 / 02:10.405, 1Gb)
Load /work/output/de/icon_page_n_i.gif                                                               (00:00.000 / 02:10.405, 1Gb)
Load /work/output/de/tbl_bck0111.png                                                                 (00:00.000 / 02:10.405, 1Gb)
.Load /work/output/de/SearchParameter-mii-sp-consent-provisiontype.json.html                          (00:00.000 / 02:10.406, 1Gb)
Load /work/output/de/logical-models.md                                                               (00:00.013 / 02:10.419, 1Gb)
Load /work/output/de/tbl_bck11100.png                                                                (00:00.000 / 02:10.420, 1Gb)
Load /work/output/de/tbl_bck03510.png                                                                (00:00.000 / 02:10.421, 1Gb)
Load /work/output/de/ValueSet-2.16.840.1.113883.3.1937.777.24.11.36--20230331232804.xml.html         (00:00.000 / 02:10.421, 1Gb)
Load /work/output/de/tbl_bck1025.png                                                                 (00:00.008 / 02:10.430, 1Gb)
Load /work/output/de/icon-administration.png                                                         (00:00.000 / 02:10.430, 1Gb)
Load /work/output/de/tbl_bck150.png                                                                  (00:00.000 / 02:10.431, 1Gb)
Load /work/output/de/tbl_bck144.png                                                                  (00:00.000 / 02:10.431, 1Gb)
Load /work/output/de/llms.txt                                                                        (00:00.000 / 02:10.432, 1Gb)
Load /work/output/de/translationinfo.html                                                            (00:00.000 / 02:10.432, 1Gb)
Load /work/output/de/tbl_bck0000111101.png                                                           (00:00.008 / 02:10.441, 1Gb)
Load /work/output/de/searchform.html                                                                 (00:00.000 / 02:10.442, 1Gb)
Load /work/output/de/SearchParameter-mii-sp-consent-provisioncodeperiod.change.history.html          (00:00.002 / 02:10.444, 1Gb)
Load /work/output/de/tbl_bck1001010.png                                                              (00:00.012 / 02:10.456, 1Gb)
Load /work/output/de/tbl_bck0515.png                                                                 (00:00.000 / 02:10.457, 1Gb)
Load /work/output/de/icon-fhir-16-grey.png                                                           (00:00.000 / 02:10.457, 1Gb)
Load /work/output/de/tbl_bck1011001.png                                                              (00:00.000 / 02:10.458, 1Gb)
Load /work/output/de/tbl_bck1111000.png                                                              (00:00.000 / 02:10.458, 1Gb)
Load /work/output/de/CodeSystem-2.16.840.1.113883.3.1937.777.24.5.3--20251211153003.html             (00:00.000 / 02:10.459, 1Gb)
Load /work/output/de/tbl_bck1011000.png                                                              (00:00.021 / 02:10.480, 1Gb)
Load /work/output/de/tbl_bck1352.png                                                                 (00:00.001 / 02:10.482, 1Gb)
Load /work/output/de/StructureDefinition-e0e166b4-0f77-478d-9062-de0034d98ce0-testing.html           (00:00.001 / 02:10.483, 1Gb)
Load /work/output/de/ValueSet-2.16.840.1.113883.3.1937.777.24.11.30--20210323234509-testing.html     (00:00.008 / 02:10.491, 1Gb)
Load /work/output/de/examples.md                                                                     (00:00.004 / 02:10.496, 1Gb)
Load /work/output/de/icon-qi-help.png                                                                (00:00.000 / 02:10.496, 1Gb)
Load /work/output/de/icon_profile.png                                                                (00:00.000 / 02:10.497, 1Gb)
Load /work/output/de/tbl_bck025.png                                                                  (00:00.000 / 02:10.497, 1Gb)
Load /work/output/de/tbl_bck0500.png                                                                 (00:00.000 / 02:10.497, 1Gb)
Load /work/output/de/tbl_bck1150.png                                                                 (00:00.000 / 02:10.497, 1Gb)
Load /work/output/de/StructureDefinition-e0e166b4-0f77-478d-9062-de0034d98ce0-mappings.html          (00:00.000 / 02:10.498, 1Gb)
Load /work/output/de/tbl_bck0000111100.png                                                           (00:00.119 / 02:10.617, 465Mb)
Load /work/output/de/SearchParameter-mii-sp-consent-provisioncode.json                               (00:00.000 / 02:10.618, 465Mb)
Load /work/output/de/tbl_bck151.png                                                                  (00:00.000 / 02:10.619, 465Mb)
Load /work/output/de/icon_page_n.gif                                                                 (00:00.000 / 02:10.619, 465Mb)
Load /work/output/de/icon-fhir-16.png                                                                (00:00.001 / 02:10.620, 465Mb)
Load /work/output/de/tbl_bck1024.png                                                                 (00:00.000 / 02:10.621, 465Mb)
Load /work/output/de/tbl_bck125241.png                                                               (00:00.000 / 02:10.621, 465Mb)
Load /work/output/de/SearchParameter-mii-sp-consent-policyuri.md                                     (00:00.000 / 02:10.622, 465Mb)
Load /work/output/de/external.png                                                                    (00:00.000 / 02:10.623, 465Mb)
Load /work/output/de/tbl_bck11101.png                                                                (00:00.000 / 02:10.623, 465Mb)
Load /work/output/de/SearchParameter-mii-sp-consent-provisionperiod.xml                              (00:00.000 / 02:10.623, 465Mb)
Load /work/output/de/tbl_bck0110.png                                                                 (00:00.000 / 02:10.624, 465Mb)
Load /work/output/de/tbl_bck1540.png                                                                 (00:00.000 / 02:10.624, 465Mb)
Load /work/output/de/artifacts.html                                                                  (00:00.000 / 02:10.625, 465Mb)
Load /work/output/de/tbl_bck13500.png                                                                (00:00.017 / 02:10.642, 474Mb)
Load /work/output/de/StructureDefinition-f675b1e8-9f3f-44e8-bb59-9681f78eb464.html                   (00:00.000 / 02:10.643, 474Mb)
Load /work/output/de/tbl_bck01110.png                                                                (00:00.204 / 02:10.848, 619Mb)
Load /work/output/de/tbl_bck0350250.png                                                              (00:00.000 / 02:10.848, 619Mb)
Load /work/output/de/tbl_bck0250250.png                                                              (00:00.000 / 02:10.849, 619Mb)
Load /work/output/de/SearchParameter-mii-sp-consent-provisionperiod.md                               (00:00.000 / 02:10.849, 619Mb)
Load /work/output/de/CodeSystem-2.16.840.1.113883.3.1937.777.24.5.2--20210423105554.json.html        (00:00.000 / 02:10.850, 619Mb)
Load /work/output/de/icon_reference.png                                                              (00:00.008 / 02:10.858, 626Mb)
Load /work/output/de/tbl_bck0112.png                                                                 (00:00.001 / 02:10.860, 626Mb)
Load /work/output/de/tbl_bck03513.png                                                                (00:00.000 / 02:10.860, 626Mb)
Load /work/output/de/tbl_bck100000.png                                                               (00:00.000 / 02:10.861, 626Mb)
Load /work/output/de/tbl_bck000000.png                                                               (00:00.000 / 02:10.861, 626Mb)
Load /work/output/de/ai.zip                                                                          (00:00.000 / 02:10.862, 626Mb)
Load /work/output/de/ImplementationGuide-mii-ig-consent.json                                         (00:00.000 / 02:10.863, 626Mb)
Load /work/output/de/tbl_bck000011110000.png                                                         (00:00.038 / 02:10.901, 626Mb)
Load /work/output/de/tbl_vjoin-closed.png                                                            (00:00.000 / 02:10.902, 626Mb)
.Load /work/output/de/CodeSystem-mii-cs-consent-version-modules-testing.html                          (00:00.000 / 02:10.902, 626Mb)
Load /work/output/de/tbl_bck1152.png                                                                 (00:00.009 / 02:10.912, 631Mb)
Load /work/output/de/SearchParameter-mii-sp-consent-provisioncodetype.md                             (00:00.000 / 02:10.912, 631Mb)
Load /work/output/de/tbl_bck0111101.png                                                              (00:00.000 / 02:10.913, 631Mb)
Load /work/output/de/SearchParameter-mii-sp-consent-provisioncode.xml                                (00:00.000 / 02:10.913, 631Mb)
Load /work/output/de/tbl_bck033.png                                                                  (00:00.000 / 02:10.914, 631Mb)
Load /work/output/de/Consent-34150a23-b1c8-404f-874f-e042a30435d2.change.history.html                (00:00.000 / 02:10.914, 631Mb)
Load /work/output/de/Consent-Example-MII-Consent-ResultType-document.change.history.html             (00:00.005 / 02:10.920, 635Mb)
Load /work/output/de/prism.js                                                                        (00:00.005 / 02:10.925, 640Mb)
Load /work/output/de/tbl_bck1350.png                                                                 (00:00.000 / 02:10.925, 640Mb)
Load /work/output/de/tbl_bck00001111110.png                                                          (00:00.000 / 02:10.926, 640Mb)
Load /work/output/de/tbl_bck00001111111.png                                                          (00:00.000 / 02:10.926, 640Mb)
Load /work/output/de/value-sets.md                                                                   (00:00.000 / 02:10.927, 640Mb)
Load /work/output/de/tbl_bck1351.png                                                                 (00:00.000 / 02:10.927, 640Mb)
Load /work/output/de/mustsupport.png                                                                 (00:00.000 / 02:10.928, 640Mb)
Load /work/output/de/icon_vd_col.png                                                                 (00:00.000 / 02:10.928, 640Mb)
Load /work/output/de/tbl_bck0111100.png                                                              (00:00.000 / 02:10.929, 640Mb)
Load /work/output/de/tbl_bck035125.png                                                               (00:00.000 / 02:10.929, 640Mb)
Load /work/output/de/StructureDefinition-f675b1e8-9f3f-44e8-bb59-9681f78eb464-testing.html           (00:00.000 / 02:10.929, 640Mb)
Load /work/output/de/tbl_bck03300.png                                                                (00:00.008 / 02:10.938, 645Mb)
Load /work/output/de/tbl_bck152.png                                                                  (00:00.000 / 02:10.938, 645Mb)
Load /work/output/de/CodeSystem-mii-cs-consent-version-modules.html                                  (00:00.000 / 02:10.938, 645Mb)
Load /work/output/de/SearchParameter-mii-sp-consent-provisiontype.xml.html                           (00:00.007 / 02:10.946, 652Mb)
Load /work/output/de/ValueSet-88464c5b-5338-4c2b-9c07-b42fef2ada64.md                                (00:00.006 / 02:10.952, 658Mb)
Load /work/output/de/tbl_bck000001.png                                                               (00:00.000 / 02:10.953, 658Mb)
Load /work/output/de/tbl_bck03512.png                                                                (00:00.000 / 02:10.954, 658Mb)
Load /work/output/de/icon_vd_select.png                                                              (00:00.000 / 02:10.954, 658Mb)
Load /work/output/de/tbl_bck1543.png                                                                 (00:00.000 / 02:10.955, 658Mb)
Load /work/output/de/SearchParameter-mii-sp-consent-provisiontype.html                               (00:00.000 / 02:10.955, 658Mb)
Load /work/output/de/guidance.html                                                                   (00:00.010 / 02:10.966, 663Mb)
Load /work/output/de/tbl_bck110010.png                                                               (00:00.010 / 02:10.976, 668Mb)
Load /work/output/de/icon-toc.png                                                                    (00:00.000 / 02:10.976, 668Mb)
Load /work/output/de/value-sets.html                                                                 (00:00.000 / 02:10.977, 668Mb)
Load /work/output/de/tbl_bck110000.png                                                               (00:00.009 / 02:10.987, 673Mb)
Load /work/output/de/DocumentReference-8a3d1799-2463-405e-b49c-6a16c8692b01.json                     (00:00.000 / 02:10.987, 673Mb)
Load /work/output/de/CodeSystem-2.16.840.1.113883.3.1937.777.24.5.3--20251211153003.xml.html         (00:00.000 / 02:10.987, 673Mb)
Load /work/output/de/icon_page_n_o.gif                                                               (00:00.057 / 02:11.045, 721Mb)
Load /work/output/de/tbl_bck000011.png                                                               (00:00.000 / 02:11.045, 721Mb)
Load /work/output/de/implementer-guidance.html                                                       (00:00.000 / 02:11.046, 721Mb)
Load /work/output/de/tbl_bck125252.png                                                               (00:00.008 / 02:11.055, 728Mb)
Load /work/output/de/uml-diagrams.md                                                                 (00:00.000 / 02:11.055, 728Mb)
Load /work/output/de/ValueSet-2.16.840.1.113883.3.1937.777.24.11.30--20210323234509.json             (00:00.000 / 02:11.055, 728Mb)
Load /work/output/de/icon-fhir-128.png                                                               (00:00.000 / 02:11.056, 728Mb)
Load /work/output/de/tbl_bck03310.png                                                                (00:00.000 / 02:11.056, 728Mb)
Load /work/output/de/index.html                                                                      (00:00.000 / 02:11.056, 728Mb)
Load /work/output/de/tbl_bck0111110.png                                                              (00:00.005 / 02:11.062, 734Mb)
Load /work/output/de/frageboegen.md                                                                  (00:00.000 / 02:11.062, 734Mb)
Load /work/output/de/tbl_vjoin.png                                                                   (00:00.000 / 02:11.062, 734Mb)
Load /work/output/de/Consent-Example-MII-Consent-ResultType-document.json.html                       (00:00.000 / 02:11.063, 734Mb)
Load /work/output/de/StructureDefinition-e0e166b4-0f77-478d-9062-de0034d98ce0-intro.md               (00:00.013 / 02:11.076, 744Mb)
Load /work/output/de/tbl_bck00001111101.png                                                          (00:00.000 / 02:11.076, 744Mb)
Load /work/output/de/tbl_vjoin_end_slice.png                                                         (00:00.000 / 02:11.077, 744Mb)
Load /work/output/de/tbl_bck1341.png                                                                 (00:00.000 / 02:11.077, 744Mb)
Load /work/output/de/tbl_bck1340.png                                                                 (00:00.000 / 02:11.077, 744Mb)
Load /work/output/de/StructureDefinition-56375452-bfa1-4111-af7c-5b5ba9a1857c.html                   (00:00.000 / 02:11.078, 744Mb)
Load /work/output/de/tbl_bck025125.png                                                               (00:00.146 / 02:11.225, 865Mb)
Load /work/output/de/CodeSystem-2.16.840.1.113883.3.1937.777.24.5.3--20251211153003.md               (00:00.000 / 02:11.225, 865Mb)
Load /work/output/de/icon-q-text.png                                                                 (00:00.000 / 02:11.226, 865Mb)
Load /work/output/de/tbl_bck00001111100.png                                                          (00:00.000 / 02:11.226, 865Mb)
Load /work/output/de/CapabilityStatement-mii-cap-consent-server.json.html                            (00:00.000 / 02:11.226, 865Mb)
Load /work/output/de/SearchParameter-mii-sp-consent-provisiontype.xml                                (00:00.012 / 02:11.239, 874Mb)
.Load /work/output/de/icon-q-display.png                                                              (00:00.000 / 02:11.240, 875Mb)
Load /work/output/de/icon-fhir-1024.png                                                              (00:00.000 / 02:11.240, 875Mb)
Load /work/output/de/tbl_bck0512.png                                                                 (00:00.000 / 02:11.241, 875Mb)
Load /work/output/de/StructureDefinition-56375452-bfa1-4111-af7c-5b5ba9a1857c.md                     (00:00.000 / 02:11.241, 875Mb)
Load /work/output/de/tbl_bck000011110010.png                                                         (00:00.000 / 02:11.241, 875Mb)
Load /work/output/de/tbl_bck143.png                                                                  (00:00.000 / 02:11.242, 875Mb)
Load /work/output/de/Consent-34150a23-b1c8-404f-874f-e042a30435d2.md                                 (00:00.000 / 02:11.242, 875Mb)
Load /work/output/de/tbl_bck03503.png                                                                (00:00.000 / 02:11.242, 875Mb)
Load /work/output/de/StructureDefinition-56375452-bfa1-4111-af7c-5b5ba9a1857c-definitions.html       (00:00.000 / 02:11.242, 875Mb)
Load /work/output/de/tbl_bck100010.png                                                               (00:00.063 / 02:11.306, 935Mb)
Load /work/output/de/tbl_bck000010.png                                                               (00:00.003 / 02:11.309, 935Mb)
Load /work/output/de/tbl_bck1552.png                                                                 (00:00.000 / 02:11.310, 935Mb)
Load /work/output/de/SearchParameter-mii-sp-consent-provisionperiod.change.history.html              (00:00.000 / 02:11.310, 935Mb)
Load /work/output/de/icon_element.gif                                                                (00:00.004 / 02:11.315, 939Mb)
Load /work/output/de/SearchParameter-mii-sp-consent-provisiontype.change.history.html                (00:00.000 / 02:11.316, 939Mb)
Load /work/output/de/tbl_bck0350240.png                                                              (00:00.011 / 02:11.328, 944Mb)
Load /work/output/de/tbl_bck13512.png                                                                (00:00.001 / 02:11.329, 944Mb)
Load /work/output/de/tbl_bck0250240.png                                                              (00:00.000 / 02:11.330, 944Mb)
Load /work/output/de/Consent-89f494a3-cd75-44f5-a78a-581dfdd47a94.change.history.html                (00:00.000 / 02:11.330, 944Mb)
Load /work/output/de/tbl_bck13510.png                                                                (00:00.008 / 02:11.339, 948Mb)
Load /work/output/de/SearchParameter-mii-sp-consent-provisioncode-testing.html                       (00:00.000 / 02:11.339, 948Mb)
Load /work/output/de/tbl_bck01100.png                                                                (00:00.006 / 02:11.345, 952Mb)
Load /work/output/de/StructureDefinition-e0e166b4-0f77-478d-9062-de0034d98ce0-examples.html          (00:00.000 / 02:11.346, 952Mb)
Load /work/output/de/SearchParameter-mii-sp-consent-policyuri-testing.html                           (00:00.007 / 02:11.353, 957Mb)
Load /work/output/de/tbl_bck0100.png                                                                 (00:00.005 / 02:11.359, 962Mb)
Load /work/output/de/tbl_bck1550.png                                                                 (00:00.000 / 02:11.359, 962Mb)
Load /work/output/de/ValueSet-2.16.840.1.113883.3.1937.777.24.11.30--20210323234509.md               (00:00.000 / 02:11.359, 962Mb)
Load /work/output/de/tbl_bck12424.png                                                                (00:00.000 / 02:11.360, 962Mb)
Load /work/output/de/tbl_bck11111.png                                                                (00:00.000 / 02:11.360, 962Mb)
Load /work/output/de/CodeSystem-mii-cs-consent-version-modules.xml.html                              (00:00.000 / 02:11.361, 962Mb)
Load /work/output/de/tbl_bck155.png                                                                  (00:00.041 / 02:11.403, 988Mb)
Load /work/output/de/tbl_bck141.png                                                                  (00:00.001 / 02:11.404, 988Mb)
Load /work/output/de/Parameters-mii-param-consent-manifest.xml                                       (00:00.000 / 02:11.405, 988Mb)
Load /work/output/de/tbl_bck0000111110.png                                                           (00:00.003 / 02:11.408, 989Mb)
Load /work/output/de/Consent-34150a23-b1c8-404f-874f-e042a30435d2.html                               (00:00.000 / 02:11.408, 989Mb)
Load /work/output/de/Consent-89f494a3-cd75-44f5-a78a-581dfdd47a94.html                               (00:00.010 / 02:11.419, 997Mb)
Load /work/output/de/tbl_bck035.png                                                                  (00:00.008 / 02:11.427, 1004Mb)
Load /work/output/de/tbl_bck1001001.png                                                              (00:00.000 / 02:11.428, 1004Mb)
Load /work/output/de/tbl_bck0510.png                                                                 (00:00.000 / 02:11.428, 1004Mb)
Load /work/output/de/tbl_bck1140.png                                                                 (00:00.000 / 02:11.428, 1004Mb)
Load /work/output/de/CodeSystem-mii-cs-consent-version-modules.md                                    (00:00.000 / 02:11.429, 1004Mb)
Load /work/output/de/tbl_bck1111010.png                                                              (00:00.000 / 02:11.429, 1004Mb)
Load /work/output/de/tbl_bck1011010.png                                                              (00:00.000 / 02:11.429, 1004Mb)
Load /work/output/de/tbl_bck1424.png                                                                 (00:00.000 / 02:11.430, 1004Mb)
Load /work/output/de/icon-resource.png                                                               (00:00.000 / 02:11.430, 1004Mb)
Load /work/output/de/icon_text.png                                                                   (00:00.000 / 02:11.430, 1004Mb)
Load /work/output/de/toc.html                                                                        (00:00.000 / 02:11.431, 1004Mb)
Load /work/output/de/SearchParameter-mii-sp-consent-provisioncodeperiod.xml                          (00:00.014 / 02:11.446, 1015Mb)
Load /work/output/de/Consent-34150a23-b1c8-404f-874f-e042a30435d2.xml                                (00:00.000 / 02:11.447, 1015Mb)
Load /work/output/de/Provenance-55219d12-6245-4de4-8b50-ddf6f16a789b.html                            (00:00.002 / 02:11.449, 1018Mb)
Load /work/output/de/icon-type-operation.png                                                         (00:00.010 / 02:11.460, 1022Mb)
Load /work/output/de/tbl_vjoin_slicer.png                                                            (00:00.000 / 02:11.460, 1022Mb)
Load /work/output/de/icon_bundle.png                                                                 (00:00.000 / 02:11.461, 1022Mb)
Load /work/output/de/tbl_bck1001000.png                                                              (00:00.000 / 02:11.461, 1022Mb)
Load /work/output/de/tbl_bck0505.png                                                                 (00:00.000 / 02:11.461, 1022Mb)
Load /work/output/de/Consent-5143266b-8d60-4b28-8ee9-635140ffa5bb.xml                                (00:00.000 / 02:11.462, 1022Mb)
Load /work/output/de/StructureDefinition-e0e166b4-0f77-478d-9062-de0034d98ce0-definitions.html       (00:00.009 / 02:11.471, 1Gb)
Load /work/output/de/tbl_vjoin_end_slicer-closed.png                                                 (00:00.361 / 02:11.832, 455Mb)
Load /work/output/de/tbl_bck0000111111.png                                                           (00:00.001 / 02:11.834, 455Mb)
Load /work/output/de/tbl_bck125250.png                                                               (00:00.000 / 02:11.835, 455Mb)
Load /work/output/de/tbl_bck140.png                                                                  (00:00.000 / 02:11.836, 455Mb)
.Load /work/output/de/changes.html                                                                    (00:00.000 / 02:11.836, 455Mb)
Load /work/output/de/icon-qi-subject.png                                                             (00:00.006 / 02:11.843, 462Mb)
Load /work/output/de/tbl_bck11110.png                                                                (00:00.000 / 02:11.844, 462Mb)
Load /work/output/de/StructureDefinition-56375452-bfa1-4111-af7c-5b5ba9a1857c.profile.history.html   (00:00.000 / 02:11.844, 462Mb)
Load /work/output/de/ValueSet-88464c5b-5338-4c2b-9c07-b42fef2ada64.json                              (00:00.007 / 02:11.852, 466Mb)
Load /work/output/de/tbl_bck03500.png                                                                (00:00.000 / 02:11.853, 466Mb)
Load /work/output/de/ValueSet-88464c5b-5338-4c2b-9c07-b42fef2ada64.xml.html                          (00:00.000 / 02:11.854, 466Mb)
Load /work/output/de/icon_extension_complex.png                                                      (00:00.009 / 02:11.863, 473Mb)
Load /work/output/de/lock.png                                                                        (00:00.000 / 02:11.864, 473Mb)
Load /work/output/de/ValueSet-2.16.840.1.113883.3.1937.777.24.11.30--20210323234509.xml.html         (00:00.000 / 02:11.864, 473Mb)
Load /work/output/de/tbl_bck0101.png                                                                 (00:00.011 / 02:11.875, 483Mb)
Load /work/output/de/tbl_bck01101.png                                                                (00:00.000 / 02:11.876, 483Mb)
Load /work/output/de/SearchParameter-mii-sp-consent-policyuri.change.history.html                    (00:00.000 / 02:11.876, 483Mb)
Load /work/output/de/tbl_vjoin_slicer-closed.png                                                     (00:00.004 / 02:11.881, 488Mb)
Load /work/output/de/SearchParameter-mii-sp-consent-provisioncodeperiod.html                         (00:00.000 / 02:11.882, 488Mb)
Load /work/output/de/CodeSystem-2.16.840.1.113883.3.1937.777.24.5.3--20251211153003.change.history.html (00:00.009 / 02:11.891, 493Mb)
Load /work/output/de/tbl_bck011110000.png                                                            (00:00.005 / 02:11.897, 497Mb)
Load /work/output/de/tbl_bck1250.png                                                                 (00:00.000 / 02:11.898, 497Mb)
Load /work/output/de/tbl_bck00001111010.png                                                          (00:00.001 / 02:11.899, 497Mb)
Load /work/output/de/tbl_bck133.png                                                                  (00:00.000 / 02:11.900, 497Mb)
Load /work/output/de/icon-fhir-48.png                                                                (00:00.000 / 02:11.901, 497Mb)
Load /work/output/de/icon-q-date.png                                                                 (00:00.000 / 02:11.902, 497Mb)
Load /work/output/de/CapabilityStatement-mii-cap-consent-server.json                                 (00:00.000 / 02:11.902, 497Mb)
Load /work/output/de/tbl_bck100100.png                                                               (00:00.000 / 02:11.903, 497Mb)
Load /work/output/de/DocumentReference-8a3d1799-2463-405e-b49c-6a16c8692b01.xml.html                 (00:00.002 / 02:11.905, 497Mb)
Load /work/output/de/tbl_bck000100.png                                                               (00:00.007 / 02:11.912, 503Mb)
Load /work/output/de/profiles.md                                                                     (00:00.001 / 02:11.913, 503Mb)
Load /work/output/de/tree-filter.png                                                                 (00:00.000 / 02:11.914, 503Mb)
Load /work/output/de/Parameters-mii-param-consent-manifest.html                                      (00:00.004 / 02:11.918, 503Mb)
Load /work/output/de/tbl_bck1330.png                                                                 (00:00.006 / 02:11.924, 509Mb)
Load /work/output/de/icon-not-selected.png                                                           (00:00.000 / 02:11.925, 509Mb)
Load /work/output/de/icon_choice.gif                                                                 (00:00.000 / 02:11.925, 509Mb)
Load /work/output/de/tbl_bck010110.png                                                               (00:00.000 / 02:11.925, 509Mb)
Load /work/output/de/icon_page-child.gif                                                             (00:00.000 / 02:11.926, 509Mb)
Load /work/output/de/tbl_bck110110.png                                                               (00:00.000 / 02:11.926, 509Mb)
Load /work/output/de/StructureDefinition-56375452-bfa1-4111-af7c-5b5ba9a1857c-testing.html           (00:00.001 / 02:11.928, 509Mb)
Load /work/output/de/DocumentReference-8a3d1799-2463-405e-b49c-6a16c8692b01.xml                      (00:00.008 / 02:11.937, 514Mb)
Load /work/output/de/Consent-34150a23-b1c8-404f-874f-e042a30435d2.xml.html                           (00:00.000 / 02:11.938, 514Mb)
Load /work/output/de/tbl_vjoin_end_slicer-open.png                                                   (00:00.015 / 02:11.953, 528Mb)
Load /work/output/de/icon-change-remove.png                                                          (00:00.000 / 02:11.953, 528Mb)
Load /work/output/de/link.svg                                                                        (00:00.000 / 02:11.953, 528Mb)
Load /work/output/de/tbl_bck100101.png                                                               (00:00.000 / 02:11.954, 528Mb)
Load /work/output/de/icon_modifier_extension_simple.png                                              (00:00.000 / 02:11.954, 528Mb)
Load /work/output/de/StructureDefinition-e0e166b4-0f77-478d-9062-de0034d98ce0.md                     (00:00.000 / 02:11.955, 528Mb)
Load /work/output/de/StructureDefinition-f675b1e8-9f3f-44e8-bb59-9681f78eb464-definitions.html       (00:00.000 / 02:11.955, 528Mb)
Load /work/output/de/tbl_bck035025.png                                                               (00:00.082 / 02:12.037, 605Mb)
Load /work/output/de/tbl_bck10240.png                                                                (00:00.000 / 02:12.038, 605Mb)
Load /work/output/de/logical-models.html                                                             (00:00.000 / 02:12.038, 605Mb)
Load /work/output/de/StructureDefinition-56375452-bfa1-4111-af7c-5b5ba9a1857c.profile.json.html      (00:00.004 / 02:12.042, 609Mb)
Load /work/output/de/guidance.md                                                                     (00:00.064 / 02:12.107, 685Mb)
Load /work/output/de/StructureDefinition-f675b1e8-9f3f-44e8-bb59-9681f78eb464.profile.json.html      (00:00.000 / 02:12.108, 685Mb)
Load /work/output/de/tbl_bck1251.png                                                                 (00:00.065 / 02:12.173, 761Mb)
Load /work/output/de/icon-qi-vertical.png                                                            (00:00.000 / 02:12.174, 761Mb)
Load /work/output/de/implementer-guidance.md                                                         (00:00.000 / 02:12.174, 761Mb)
Load /work/output/de/ValueSet-2.16.840.1.113883.3.1937.777.24.11.36--20230331232804.json             (00:00.000 / 02:12.175, 761Mb)
Load /work/output/de/Provenance-55219d12-6245-4de4-8b50-ddf6f16a789b.change.history.html             (00:00.000 / 02:12.175, 761Mb)
Load /work/output/de/tbl_bck1253.png                                                                 (00:00.003 / 02:12.179, 766Mb)
Load /work/output/de/icon-change-edit.png                                                            (00:00.000 / 02:12.179, 766Mb)
Load /work/output/de/tbl_bck000011110.png                                                            (00:00.000 / 02:12.180, 766Mb)
Load /work/output/de/Provenance-55219d12-6245-4de4-8b50-ddf6f16a789b.xml.html                        (00:00.000 / 02:12.180, 766Mb)
Load /work/output/de/tbl_bck0000111001.png                                                           (00:00.004 / 02:12.185, 773Mb)
.Load /work/output/de/tbl_bck0000111110110.png                                                        (00:00.000 / 02:12.185, 773Mb)
Load /work/output/de/Consent-89f494a3-cd75-44f5-a78a-581dfdd47a94.xml.html                           (00:00.000 / 02:12.186, 773Mb)
Load /work/output/de/tbl_bck124.png                                                                  (00:00.008 / 02:12.194, 785Mb)
Load /work/output/de/tbl_bck130.png                                                                  (00:00.000 / 02:12.194, 785Mb)
Load /work/output/de/tbl_bck11000.png                                                                (00:00.000 / 02:12.195, 785Mb)
Load /work/output/de/tbl_bck03410.png                                                                (00:00.000 / 02:12.195, 785Mb)
Load /work/output/de/tbl_bck12535.png                                                                (00:00.000 / 02:12.196, 785Mb)
Load /work/output/de/tbl_bck125340.png                                                               (00:00.000 / 02:12.196, 785Mb)
Load /work/output/de/tbl_bck1125.png                                                                 (00:00.000 / 02:12.196, 785Mb)
Load /work/output/de/tbl_bck050.png                                                                  (00:00.000 / 02:12.196, 785Mb)
Load /work/output/de/tbl_bck01011.png                                                                (00:00.000 / 02:12.197, 785Mb)
Load /work/output/de/tbl_vjoin_end_slicer.png                                                        (00:00.000 / 02:12.197, 785Mb)
Load /work/output/de/CapabilityStatement-mii-cap-consent-server-testing.html                         (00:00.000 / 02:12.197, 785Mb)
Load /work/output/de/tbl-open.png                                                                    (00:00.003 / 02:12.201, 789Mb)
Load /work/output/de/tbl_bck0011.png                                                                 (00:00.000 / 02:12.202, 789Mb)
Load /work/output/de/SearchParameter-mii-sp-consent-provisionperiod.json.html                        (00:00.000 / 02:12.202, 789Mb)
Load /work/output/de/tbl_bck0010.png                                                                 (00:00.004 / 02:12.206, 795Mb)
Load /work/output/de/icon-qi-hidden.png                                                              (00:00.000 / 02:12.207, 795Mb)
Load /work/output/de/tbl_bck13400.png                                                                (00:00.000 / 02:12.207, 795Mb)
Load /work/output/de/tbl_bck01010.png                                                                (00:00.000 / 02:12.207, 795Mb)
Load /work/output/de/Consent-Example-MII-Consent-ResultType-document.html                            (00:00.000 / 02:12.208, 795Mb)
Load /work/output/de/icon-warning.png                                                                (00:00.004 / 02:12.212, 802Mb)
Load /work/output/de/tbl_bck051.png                                                                  (00:00.000 / 02:12.213, 802Mb)
Load /work/output/de/tbl_bck1124.png                                                                 (00:00.000 / 02:12.213, 802Mb)
Load /work/output/de/SearchParameter-mii-sp-consent-provisionperiod.json                             (00:00.000 / 02:12.213, 802Mb)
Load /work/output/de/security-and-privacy.md                                                         (00:00.000 / 02:12.214, 802Mb)
Load /work/output/de/SearchParameter-mii-sp-consent-provisioncodetype.xml                            (00:00.000 / 02:12.214, 802Mb)
Load /work/output/de/tbl_vjoin_slice-open.png                                                        (00:00.000 / 02:12.214, 802Mb)
Load /work/output/de/tbl_bck11001.png                                                                (00:00.000 / 02:12.215, 802Mb)
Load /work/output/de/uml-diagrams.html                                                               (00:00.000 / 02:12.215, 802Mb)
Load /work/output/de/tbl_bck125.png                                                                  (00:00.004 / 02:12.219, 808Mb)
Load /work/output/de/tbl_bck0400.png                                                                 (00:00.000 / 02:12.220, 808Mb)
Load /work/output/de/tbl_bck1050.png                                                                 (00:00.000 / 02:12.220, 808Mb)
Load /work/output/de/tbl_bck0000111000.png                                                           (00:00.000 / 02:12.221, 808Mb)
Load /work/output/de/tbl_vjoin-open.png                                                              (00:00.000 / 02:12.221, 808Mb)
Load /work/output/de/icon_vd_view.png                                                                (00:00.000 / 02:12.222, 808Mb)
Load /work/output/de/StructureDefinition-f675b1e8-9f3f-44e8-bb59-9681f78eb464-intro.md               (00:00.000 / 02:12.223, 808Mb)
Load /work/output/de/icon_datatype.gif                                                               (00:00.000 / 02:12.223, 808Mb)
Load /work/output/de/tbl_bck000011111.png                                                            (00:00.000 / 02:12.224, 808Mb)
Load /work/output/de/alert.jpg                                                                       (00:00.000 / 02:12.225, 808Mb)
Load /work/output/de/tbl_vjoin_end_slice-open.png                                                    (00:00.000 / 02:12.225, 808Mb)
Load /work/output/de/tbl_bck1011100.png                                                              (00:00.000 / 02:12.225, 808Mb)
Load /work/output/de/tbl_bck1252.png                                                                 (00:00.000 / 02:12.226, 808Mb)
Load /work/output/de/Consent-5143266b-8d60-4b28-8ee9-635140ffa5bb.json.html                          (00:00.000 / 02:12.226, 808Mb)
Load /work/output/de/Parameters-mii-param-consent-manifest.json.html                                 (00:00.017 / 02:12.244, 833Mb)
Load /work/output/de/tbl_bck1011110.png                                                              (00:00.006 / 02:12.250, 840Mb)
Load /work/output/de/icon_slice.png                                                                  (00:00.000 / 02:12.251, 840Mb)
Load /work/output/de/tbl_bck0000111010.png                                                           (00:00.000 / 02:12.251, 840Mb)
Load /work/output/de/icon-directory.gif                                                              (00:00.000 / 02:12.252, 840Mb)
Load /work/output/de/tbl_bck000011101.png                                                            (00:00.000 / 02:12.252, 840Mb)
Load /work/output/de/icon-q-datetime.png                                                             (00:00.000 / 02:12.253, 840Mb)
Load /work/output/de/DocumentReference-8a3d1799-2463-405e-b49c-6a16c8692b01.json.html                (00:00.000 / 02:12.253, 840Mb)
Load /work/output/de/tbl_bck135.png                                                                  (00:00.005 / 02:12.259, 845Mb)
Load /work/output/de/tbl_bck0410.png                                                                 (00:00.000 / 02:12.259, 845Mb)
Load /work/output/de/tbl_bck1040.png                                                                 (00:00.000 / 02:12.260, 845Mb)
Load /work/output/de/tbl_bck11011.png                                                                (00:00.000 / 02:12.261, 845Mb)
Load /work/output/de/tbl_bck041.png                                                                  (00:00.000 / 02:12.261, 845Mb)
Load /work/output/de/CodeSystem-2.16.840.1.113883.3.1937.777.24.5.2--20210423105554-testing.html     (00:00.000 / 02:12.261, 845Mb)
Load /work/output/de/SearchParameter-mii-sp-consent-provisioncodetype.json                           (00:00.003 / 02:12.265, 850Mb)
Load /work/output/de/tbl_bck13410.png                                                                (00:00.000 / 02:12.266, 850Mb)
Load /work/output/de/tbl_bck01000.png                                                                (00:00.000 / 02:12.266, 850Mb)
.Load /work/output/de/icon-q-item.png                                                                 (00:00.000 / 02:12.266, 850Mb)
Load /work/output/de/tbl_bck0000.png                                                                 (00:00.000 / 02:12.266, 850Mb)
Load /work/output/de/tbl_bck0001.png                                                                 (00:00.000 / 02:12.267, 850Mb)
Load /work/output/de/tbl_bck125350.png                                                               (00:00.000 / 02:12.267, 850Mb)
Load /work/output/de/tbl_bck040.png                                                                  (00:00.000 / 02:12.267, 850Mb)
Load /work/output/de/StructureDefinition-e0e166b4-0f77-478d-9062-de0034d98ce0.profile.history.html   (00:00.000 / 02:12.268, 850Mb)
Load /work/output/de/tbl_bck11010.png                                                                (00:00.003 / 02:12.271, 855Mb)
Load /work/output/de/tbl_bck03400.png                                                                (00:00.000 / 02:12.271, 855Mb)
Load /work/output/de/artifacts.md                                                                    (00:00.000 / 02:12.272, 855Mb)
Load /work/output/de/tbl_bck12525.png                                                                (00:00.000 / 02:12.272, 855Mb)
Load /work/output/de/tbl_bck0000111110100.png                                                        (00:00.000 / 02:12.272, 855Mb)
Load /work/output/de/tbl_bck134.png                                                                  (00:00.000 / 02:12.273, 855Mb)
Load /work/output/de/tbl_bck120.png                                                                  (00:00.000 / 02:12.273, 855Mb)
Load /work/output/de/tbl_bck000011100.png                                                            (00:00.000 / 02:12.274, 855Mb)
Load /work/output/de/tbl_bck0000111011.png                                                           (00:00.000 / 02:12.274, 855Mb)
Load /work/output/de/ValueSet-2.16.840.1.113883.3.1937.777.24.11.30--20210323234509.xml              (00:00.000 / 02:12.275, 855Mb)
Load /work/output/de/SearchParameter-mii-sp-consent-provisioncode.change.history.html                (00:00.001 / 02:12.276, 856Mb)
Load /work/output/de/icon_primitive.png                                                              (00:00.004 / 02:12.280, 860Mb)
Load /work/output/de/tbl_bck1243.png                                                                 (00:00.000 / 02:12.280, 860Mb)
Load /work/output/de/cc0.png                                                                         (00:00.000 / 02:12.281, 860Mb)
Load /work/output/de/tbl_vjoin_end_slice-closed.png                                                  (00:00.000 / 02:12.281, 860Mb)
Load /work/output/de/icon-q-open-choice.png                                                          (00:00.000 / 02:12.281, 860Mb)
Load /work/output/de/target.png                                                                      (00:00.000 / 02:12.282, 860Mb)
Load /work/output/de/search-parameters.md                                                            (00:00.000 / 02:12.282, 860Mb)
Load /work/output/de/tbl_bck00001111001.png                                                          (00:00.000 / 02:12.282, 860Mb)
Load /work/output/de/capability-statements.md                                                        (00:00.000 / 02:12.283, 860Mb)
Load /work/output/de/icon_q_root.gif                                                                 (00:00.000 / 02:12.283, 860Mb)
Load /work/output/de/tbl_bck1241.png                                                                 (00:00.000 / 02:12.283, 860Mb)
Load /work/output/de/tbl_bck10250.png                                                                (00:00.000 / 02:12.283, 860Mb)
Load /work/output/de/icon-q-quantity.png                                                             (00:00.000 / 02:12.284, 860Mb)
Load /work/output/de/information.png                                                                 (00:00.000 / 02:12.284, 860Mb)
Load /work/output/de/CodeSystem-mii-cs-consent-version-modules.json.html                             (00:00.000 / 02:12.285, 860Mb)
Load /work/output/de/tbl_vjoin_end-open.png                                                          (00:00.012 / 02:12.297, 878Mb)
Load /work/output/de/tbl_bck125352.png                                                               (00:00.000 / 02:12.297, 878Mb)
Load /work/output/de/tbl_bck010100.png                                                               (00:00.000 / 02:12.297, 878Mb)
Load /work/output/de/ValueSet-88464c5b-5338-4c2b-9c07-b42fef2ada64-testing.html                      (00:00.000 / 02:12.298, 878Mb)
Load /work/output/de/tbl_bck110100.png                                                               (00:00.003 / 02:12.301, 882Mb)
Load /work/output/de/icon-qi-security.bmp                                                            (00:00.000 / 02:12.302, 882Mb)
Load /work/output/de/SearchParameter-mii-sp-consent-policyuri.html                                   (00:00.000 / 02:12.302, 882Mb)
Load /work/output/de/tbl_vjoin_end-closed.png                                                        (00:00.003 / 02:12.306, 887Mb)
Load /work/output/de/tbl_bck1320.png                                                                 (00:00.000 / 02:12.307, 887Mb)
Load /work/output/de/icon-include.png                                                                (00:00.000 / 02:12.307, 887Mb)
Load /work/output/de/CodeSystem-mii-cs-consent-version-modules.xml                                   (00:00.000 / 02:12.307, 887Mb)
Load /work/output/de/tbl_bck100110.png                                                               (00:00.002 / 02:12.310, 890Mb)
Load /work/output/de/ValueSet-2.16.840.1.113883.3.1937.777.24.11.30--20210323234509.json.html        (00:00.000 / 02:12.310, 890Mb)
Load /work/output/de/CodeSystem-2.16.840.1.113883.3.1937.777.24.5.2--20210423105554.html             (00:00.006 / 02:12.317, 898Mb)
Load /work/output/de/tbl_bck000110.png                                                               (00:00.004 / 02:12.321, 903Mb)
Load /work/output/de/icon-fhir-64.png                                                                (00:00.000 / 02:12.321, 903Mb)
Load /work/output/de/icon_reuse.png                                                                  (00:00.000 / 02:12.322, 903Mb)
Load /work/output/de/tbl_bck1240.png                                                                 (00:00.000 / 02:12.323, 903Mb)
Load /work/output/de/Consent-Example-MII-Consent-ResultType-document.md                              (00:00.000 / 02:12.323, 903Mb)
Load /work/output/de/tbl_bck025025.png                                                               (00:00.000 / 02:12.324, 903Mb)
Load /work/output/de/icon_extension_simple.png                                                       (00:00.000 / 02:12.324, 903Mb)
Load /work/output/de/StructureDefinition-e0e166b4-0f77-478d-9062-de0034d98ce0.profile.json.html      (00:00.000 / 02:12.325, 904Mb)
Load /work/output/de/StructureDefinition-e0e166b4-0f77-478d-9062-de0034d98ce0.json                   (00:00.168 / 02:12.493, 1Gb)
Load /work/output/de/icon-q-decimal.png                                                              (00:00.001 / 02:12.494, 1Gb)
Load /work/output/de/tbl_bck011110010.png                                                            (00:00.000 / 02:12.495, 1Gb)
Load /work/output/de/icon_vd_foreach.png                                                             (00:00.000 / 02:12.496, 1Gb)
Load /work/output/de/icon-q-boolean.png                                                              (00:00.000 / 02:12.496, 1Gb)
Load /work/output/de/downloads.html                                                                  (00:00.000 / 02:12.497, 1Gb)
Load /work/output/de/tbl_bck025000.png                                                               (00:00.004 / 02:12.501, 1Gb)
.Load /work/output/de/CodeSystem-2.16.840.1.113883.3.1937.777.24.5.2--20210423105554.json             (00:00.000 / 02:12.502, 1Gb)
Load /work/output/de/frageboegen.html                                                                (00:00.000 / 02:12.502, 1Gb)
Load /work/output/de/tbl_bck0110100.png                                                              (00:00.004 / 02:12.507, 1Gb)
Load /work/output/de/icon_page.gif                                                                   (00:00.000 / 02:12.508, 1Gb)
Load /work/output/de/Consent-Example-MII-Consent-ResultType-document.xml                             (00:00.000 / 02:12.508, 1Gb)
Load /work/output/de/tbl_bck1.png                                                                    (00:00.001 / 02:12.510, 1Gb)
Load /work/output/de/tbl_bck0000111.png                                                              (00:00.000 / 02:12.511, 1Gb)
Load /work/output/de/tbl_bck112.png                                                                  (00:00.000 / 02:12.511, 1Gb)
Load /work/output/de/tbl_bck0351.png                                                                 (00:00.000 / 02:12.511, 1Gb)
Load /work/output/de/tbl_bck111010.png                                                               (00:00.000 / 02:12.512, 1Gb)
Load /work/output/de/tbl_bck011010.png                                                               (00:00.000 / 02:12.513, 1Gb)
Load /work/output/de/StructureDefinition-56375452-bfa1-4111-af7c-5b5ba9a1857c-intro.md               (00:00.000 / 02:12.513, 1Gb)
Load /work/output/de/icon-qi-optional.png                                                            (00:00.000 / 02:12.514, 1Gb)
Load /work/output/de/tbl_vjoin_slice-closed.png                                                      (00:00.000 / 02:12.514, 1Gb)
Load /work/output/de/StructureDefinition-e0e166b4-0f77-478d-9062-de0034d98ce0.html                   (00:00.000 / 02:12.514, 1Gb)
Load /work/output/de/SearchParameter-mii-sp-consent-provisioncodetype.xml.html                       (00:00.314 / 02:12.829, 656Mb)
Load /work/output/de/StructureDefinition-e0e166b4-0f77-478d-9062-de0034d98ce0.xml                    (00:00.007 / 02:12.837, 663Mb)
Load /work/output/de/tbl_bck001001.png                                                               (00:00.050 / 02:12.888, 712Mb)
Load /work/output/de/tbl_bck02512.png                                                                (00:00.001 / 02:12.889, 712Mb)
Load /work/output/de/SearchParameter-mii-sp-consent-provisiontype-testing.html                       (00:00.000 / 02:12.890, 712Mb)
Load /work/output/de/DocumentReference-8a3d1799-2463-405e-b49c-6a16c8692b01.change.history.html      (00:00.009 / 02:12.899, 716Mb)
Load /work/output/de/SearchParameter-mii-sp-consent-provisioncode.md                                 (00:00.010 / 02:12.910, 721Mb)
Load /work/output/de/ImplementationGuide-mii-ig-consent.md                                           (00:00.001 / 02:12.911, 721Mb)
Load /work/output/de/tbl_bck02513.png                                                                (00:00.001 / 02:12.912, 721Mb)
Load /work/output/de/SearchParameter-mii-sp-consent-provisioncodetype.json.html                      (00:00.002 / 02:12.914, 721Mb)
Load /work/output/de/tbl_bck001000.png                                                               (00:00.012 / 02:12.927, 726Mb)
Load /work/output/de/icon-qi-observation.png                                                         (00:00.000 / 02:12.928, 726Mb)
Load /work/output/de/tbl_bck101000.png                                                               (00:00.000 / 02:12.929, 726Mb)
Load /work/output/de/ValueSet-2.16.840.1.113883.3.1937.777.24.11.36--20230331232804.json.html        (00:00.000 / 02:12.929, 726Mb)
Load /work/output/de/tbl_bck1112.png                                                                 (00:00.006 / 02:12.936, 733Mb)
Load /work/output/de/tbl_vjoin_slicer-open.png                                                       (00:00.002 / 02:12.938, 733Mb)
Load /work/output/de/tbl_bck00112.png                                                                (00:00.000 / 02:12.939, 733Mb)
Load /work/output/de/tbl_bck0251250.png                                                              (00:00.000 / 02:12.940, 733Mb)
Load /work/output/de/tbl_bck0351250.png                                                              (00:00.000 / 02:12.940, 733Mb)
Load /work/output/de/tbl_bck011011.png                                                               (00:00.000 / 02:12.941, 733Mb)
Load /work/output/de/CapabilityStatement-mii-cap-consent-server.xml.html                             (00:00.000 / 02:12.942, 733Mb)
Load /work/output/de/tbl_bck113.png                                                                  (00:00.011 / 02:12.953, 743Mb)
Load /work/output/de/tbl_bck0000110.png                                                              (00:00.000 / 02:12.954, 743Mb)
Load /work/output/de/tbl_bck0350.png                                                                 (00:00.000 / 02:12.954, 743Mb)
Load /work/output/de/tbl_bck10010000.png                                                             (00:00.000 / 02:12.955, 743Mb)
Load /work/output/de/tbl_bck00001110110.png                                                          (00:00.000 / 02:12.955, 743Mb)
Load /work/output/de/tbl_bck10110000.png                                                             (00:00.000 / 02:12.956, 743Mb)
Load /work/output/de/SearchParameter-mii-sp-consent-policyuri.json                                   (00:00.000 / 02:12.957, 743Mb)
Load /work/output/de/tbl_bck0.png                                                                    (00:00.000 / 02:12.957, 743Mb)
Load /work/output/de/tbl_bck00001001.png                                                             (00:00.000 / 02:12.958, 743Mb)
Load /work/output/de/icon-change-add.png                                                             (00:00.001 / 02:12.959, 743Mb)
Load /work/output/de/tbl_bck000011111000.png                                                         (00:00.000 / 02:12.960, 743Mb)
Load /work/output/de/SearchParameter-mii-sp-consent-provisioncodeperiod.md                           (00:00.000 / 02:12.960, 744Mb)
Load /work/output/de/icon-page.png                                                                   (00:00.000 / 02:12.961, 744Mb)
Load /work/output/de/tbl_bck1500.png                                                                 (00:00.000 / 02:12.961, 744Mb)
Load /work/output/de/ValueSet-88464c5b-5338-4c2b-9c07-b42fef2ada64.json.html                         (00:00.000 / 02:12.962, 744Mb)
Load /work/output/de/SearchParameter-mii-sp-consent-provisioncodetype-testing.html                   (00:00.006 / 02:12.968, 750Mb)
Load /work/output/de/profiles.html                                                                   (00:00.005 / 02:12.974, 754Mb)
Load /work/output/de/StructureDefinition-f675b1e8-9f3f-44e8-bb59-9681f78eb464.profile.xml.html       (00:00.009 / 02:12.984, 760Mb)
Load /work/output/de/tbl_bck105.png                                                                  (00:00.186 / 02:13.170, 882Mb)
Load /work/output/de/tbl_bck01101100.png                                                             (00:00.001 / 02:13.172, 882Mb)
Load /work/output/de/tbl_bck111.png                                                                  (00:00.000 / 02:13.173, 882Mb)
Load /work/output/de/tbl_vline_slice.png                                                             (00:00.000 / 02:13.173, 882Mb)
Load /work/output/de/tbl_bck05040.png                                                                (00:00.000 / 02:13.174, 882Mb)
Load /work/output/de/tbl_bck0251252.png                                                              (00:00.000 / 02:13.174, 882Mb)
Load /work/output/de/tbl_bck00110.png                                                                (00:00.000 / 02:13.175, 882Mb)
.Load /work/output/de/tbl_bck12500.png                                                                (00:00.000 / 02:13.176, 882Mb)
Load /work/output/de/tbl_bck0351252.png                                                              (00:00.000 / 02:13.176, 882Mb)
Load /work/output/de/icon_fixed.gif                                                                  (00:00.000 / 02:13.177, 882Mb)
Load /work/output/de/tbl_bck1110.png                                                                 (00:00.000 / 02:13.178, 882Mb)
Load /work/output/de/security-and-privacy.html                                                       (00:00.000 / 02:13.178, 882Mb)
Load /work/output/de/tbl_bck10101.png                                                                (00:00.008 / 02:13.187, 887Mb)
Load /work/output/de/SearchParameter-mii-sp-consent-policyuri.xml.html                               (00:00.000 / 02:13.187, 887Mb)
Load /work/output/de/SearchParameter-mii-sp-consent-provisioncodeperiod.json.html                    (00:00.006 / 02:13.194, 893Mb)
Load /work/output/de/help.png                                                                        (00:00.009 / 02:13.203, 899Mb)
Load /work/output/de/StructureDefinition-f675b1e8-9f3f-44e8-bb59-9681f78eb464.xml                    (00:00.000 / 02:13.204, 899Mb)
Load /work/output/de/tbl_bck02510.png                                                                (00:00.018 / 02:13.223, 914Mb)
Load /work/output/de/modifier.png                                                                    (00:00.000 / 02:13.224, 914Mb)
Load /work/output/de/tbl_bck10100.png                                                                (00:00.000 / 02:13.224, 914Mb)
Load /work/output/de/icon-key.png                                                                    (00:00.000 / 02:13.224, 914Mb)
Load /work/output/de/tbl_bck15050.png                                                                (00:00.000 / 02:13.225, 914Mb)
Load /work/output/de/icon-q-integer.png                                                              (00:00.000 / 02:13.225, 914Mb)
Load /work/output/de/tbl_bck1111.png                                                                 (00:00.000 / 02:13.226, 914Mb)
Load /work/output/de/StructureDefinition-56375452-bfa1-4111-af7c-5b5ba9a1857c-examples.html          (00:00.000 / 02:13.226, 914Mb)
Load /work/output/de/tbl_bck00111.png                                                                (00:00.004 / 02:13.231, 918Mb)
Load /work/output/de/Consent-89f494a3-cd75-44f5-a78a-581dfdd47a94.xml                                (00:00.000 / 02:13.231, 918Mb)
Load /work/output/de/SearchParameter-mii-sp-consent-provisiontype.md                                 (00:00.002 / 02:13.233, 920Mb)
Load /work/output/de/tbl_bck110.png                                                                  (00:00.000 / 02:13.233, 920Mb)
Load /work/output/de/tbl_bck104.png                                                                  (00:00.000 / 02:13.234, 920Mb)
Load /work/output/de/SearchParameter-mii-sp-consent-provisioncodeperiod.xml.html                     (00:00.000 / 02:13.234, 920Mb)
Load /work/output/de/index.md                                                                        (00:00.006 / 02:13.241, 927Mb)
Load /work/output/de/tbl_bck1515.png                                                                 (00:00.000 / 02:13.242, 927Mb)
Load /work/output/de/CodeSystem-2.16.840.1.113883.3.1937.777.24.5.2--20210423105554.xml              (00:00.000 / 02:13.242, 927Mb)
Load /work/output/de/tbl-closed.png                                                                  (00:00.002 / 02:13.245, 927Mb)
Load /work/output/de/tbl_bck000010010.png                                                            (00:00.000 / 02:13.246, 927Mb)
Load /work/output/de/version-history.md                                                              (00:00.000 / 02:13.246, 927Mb)
Load /work/output/de/SearchParameter-mii-sp-consent-provisioncodetype.html                           (00:00.000 / 02:13.247, 927Mb)
Load /work/output/de/icon-dictionary.png                                                             (00:00.007 / 02:13.254, 932Mb)
Load /work/output/de/Consent-Example-MII-Consent-ResultType-document.json                            (00:00.000 / 02:13.255, 932Mb)
Load /work/output/de/tbl_bck000010000.png                                                            (00:00.000 / 02:13.255, 932Mb)
Load /work/output/de/SearchParameter-mii-sp-consent-provisionperiod.html                             (00:00.000 / 02:13.256, 932Mb)
Load /work/output/de/StructureDefinition-56375452-bfa1-4111-af7c-5b5ba9a1857c-mappings.html          (00:00.007 / 02:13.264, 937Mb)
Load /work/output/de/tbl_bck1505.png                                                                 (00:00.036 / 02:13.300, 970Mb)
Load /work/output/de/CodeSystem-2.16.840.1.113883.3.1937.777.24.5.2--20210423105554.md               (00:00.000 / 02:13.300, 970Mb)
Load /work/output/de/tbl_bck100.png                                                                  (00:00.000 / 02:13.301, 970Mb)
Load /work/output/de/tbl_bck12511.png                                                                (00:00.000 / 02:13.301, 970Mb)
Load /work/output/de/tbl_bck00101.png                                                                (00:00.000 / 02:13.301, 970Mb)
Load /work/output/de/translationinfo.md                                                              (00:00.000 / 02:13.302, 970Mb)
Load /work/output/de/SearchParameter-mii-sp-consent-provisionperiod.xml.html                         (00:00.000 / 02:13.302, 970Mb)
Load /work/output/de/StructureDefinition-56375452-bfa1-4111-af7c-5b5ba9a1857c.xml                    (00:00.006 / 02:13.309, 977Mb)
Load /work/output/de/icon-list.gif                                                                   (00:00.021 / 02:13.330, 991Mb)
Load /work/output/de/tbl_bck1101.png                                                                 (00:00.000 / 02:13.330, 991Mb)
Load /work/output/de/fhir-table-scripts.js                                                           (00:00.000 / 02:13.331, 991Mb)
Load /work/output/de/tbl_bck02500.png                                                                (00:00.000 / 02:13.331, 991Mb)
Load /work/output/de/tbl_bck10110.png                                                                (00:00.000 / 02:13.332, 991Mb)
Load /work/output/de/tbl_bck15040.png                                                                (00:00.000 / 02:13.332, 991Mb)
Load /work/output/de/icon_extension.png                                                              (00:00.000 / 02:13.333, 991Mb)
Load /work/output/de/icon-implementation.png                                                         (00:00.000 / 02:13.333, 991Mb)
Load /work/output/de/icon_entry_blue.png                                                             (00:00.000 / 02:13.334, 991Mb)
Load /work/output/de/icon-q-coding.png                                                               (00:00.000 / 02:13.334, 991Mb)
Load /work/output/de/tbl_bck10111.png                                                                (00:00.000 / 02:13.334, 991Mb)
Load /work/output/de/tbl_bck02501.png                                                                (00:00.000 / 02:13.335, 991Mb)
Load /work/output/de/tbl_bck1100.png                                                                 (00:00.000 / 02:13.335, 991Mb)
Load /work/output/de/CodeSystem-2.16.840.1.113883.3.1937.777.24.5.2--20210423105554.xml.html         (00:00.000 / 02:13.336, 991Mb)
Load /work/output/de/CapabilityStatement-mii-cap-consent-server.change.history.html                  (00:00.010 / 02:13.346, 1000Mb)
Load /work/output/de/tbl_bck05050.png                                                                (00:00.006 / 02:13.352, 1004Mb)
Load /work/output/de/CapabilityStatement-mii-cap-consent-server.md                                   (00:00.000 / 02:13.352, 1004Mb)
.Load /work/output/de/SearchParameter-mii-sp-consent-policyuri.json.html                              (00:00.000 / 02:13.353, 1004Mb)
Load /work/output/de/tbl_bck00100.png                                                                (00:00.005 / 02:13.359, 1010Mb)
Load /work/output/de/ValueSet-2.16.840.1.113883.3.1937.777.24.11.36--20230331232804.xml              (00:00.000 / 02:13.359, 1010Mb)
Load /work/output/de/CodeSystem-2.16.840.1.113883.3.1937.777.24.5.3--20251211153003-testing.html     (00:00.000 / 02:13.360, 1010Mb)
Load /work/output/de/tbl_bck12510.png                                                                (00:00.004 / 02:13.365, 1015Mb)
Load /work/output/de/tbl_bck115.png                                                                  (00:00.000 / 02:13.365, 1015Mb)
Load /work/output/de/icon-documentation.png                                                          (00:00.000 / 02:13.366, 1015Mb)
Load /work/output/de/tbl_bck01101110.png                                                             (00:00.000 / 02:13.366, 1015Mb)
Load /work/output/de/tbl_bck101.png                                                                  (00:00.000 / 02:13.367, 1015Mb)
Load /work/output/de/icon-selected.png                                                               (00:00.000 / 02:13.367, 1015Mb)
Load /work/output/de/icon-example.png                                                                (00:00.000 / 02:13.367, 1015Mb)
Load /work/output/de/ValueSet-88464c5b-5338-4c2b-9c07-b42fef2ada64.xml                               (00:00.000 / 02:13.368, 1015Mb)
Load /work/output/de/tbl_bck1510.png                                                                 (00:00.000 / 02:13.368, 1015Mb)
Load /work/output/de/tbl_bck0140.png                                                                 (00:00.000 / 02:13.369, 1015Mb)
Load /work/output/de/prism.css                                                                       (00:00.000 / 02:13.369, 1015Mb)
Load /work/output/de/ImplementationGuide-mii-ig-consent.xml                                          (00:00.000 / 02:13.370, 1016Mb)
Load /work/output/de/icon-qi-readonly.png                                                            (00:00.005 / 02:13.375, 1022Mb)
Load /work/output/de/Consent-5143266b-8d60-4b28-8ee9-635140ffa5bb.md                                 (00:00.000 / 02:13.376, 1022Mb)
Load /work/output/de/tbl_bck000011111010.png                                                         (00:00.000 / 02:13.376, 1022Mb)
Load /work/output/de/SearchParameter-mii-sp-consent-provisioncodeperiod-testing.html                 (00:00.000 / 02:13.376, 1022Mb)
Load /work/output/de/tbl_bck0110111.png                                                              (00:00.010 / 02:13.387, 1Gb)
Load /work/output/de/icon-object-box.png                                                             (00:00.000 / 02:13.387, 1Gb)
Load /work/output/de/tbl_bck1512.png                                                                 (00:00.000 / 02:13.388, 1Gb)
Load /work/output/de/tbl_vjoin_slice.png                                                             (00:00.000 / 02:13.388, 1Gb)
Load /work/output/de/Parameters-mii-param-consent-manifest.change.history.html                       (00:00.000 / 02:13.389, 1Gb)
Load /work/output/de/icon-q-group.png                                                                (00:00.004 / 02:13.394, 1Gb)
Load /work/output/de/tbl_bck103.png                                                                  (00:00.000 / 02:13.394, 1Gb)
Load /work/output/de/tbl_bck0000100.png                                                              (00:00.000 / 02:13.395, 1Gb)
Load /work/output/de/tbl_bck0340.png                                                                 (00:00.000 / 02:13.395, 1Gb)
Load /work/output/de/tbl_bck10010010.png                                                             (00:00.000 / 02:13.396, 1Gb)
Load /work/output/de/Consent-Example-MII-Consent-ResultType-document.xml.html                        (00:00.000 / 02:13.396, 1Gb)
Load /work/output/de/tbl_bck00001110100.png                                                          (00:00.013 / 02:13.410, 1Gb)
Load /work/output/de/tbl_bck10110010.png                                                             (00:00.000 / 02:13.410, 1Gb)
Load /work/output/de/SearchParameter-mii-sp-consent-policyuri.xml                                    (00:00.000 / 02:13.411, 1Gb)
Load /work/output/de/tbl_bck0251240.png                                                              (00:00.000 / 02:13.411, 1Gb)
Load /work/output/de/tbl_bck0351240.png                                                              (00:00.000 / 02:13.412, 1Gb)
Load /work/output/de/tbl_bck12512.png                                                                (00:00.000 / 02:13.412, 1Gb)
Load /work/output/de/tbl_bck011001.png                                                               (00:00.000 / 02:13.413, 1Gb)
Load /work/output/de/new.png                                                                         (00:00.000 / 02:13.413, 1Gb)
Load /work/output/de/ValueSet-2.16.840.1.113883.3.1937.777.24.11.36--20230331232804.html             (00:00.000 / 02:13.414, 1Gb)
Load /work/output/de/tbl_bck02503.png                                                                (00:00.043 / 02:13.457, 1Gb)
Load /work/output/de/tbl_bck001010.png                                                               (00:00.000 / 02:13.458, 1Gb)
Load /work/output/de/tbl_bck101010.png                                                               (00:00.000 / 02:13.458, 1Gb)
Load /work/output/de/icon-qi-instructions.png                                                        (00:00.000 / 02:13.459, 1Gb)
Load /work/output/de/changes.md                                                                      (00:00.000 / 02:13.459, 1Gb)
Load /work/output/de/icon-clinical.png                                                               (00:00.000 / 02:13.459, 1Gb)
Load /work/output/de/SearchParameter-mii-sp-consent-provisioncodeperiod.json                         (00:00.000 / 02:13.460, 1Gb)
Load /work/output/de/tbl_bck111000.png                                                               (00:00.000 / 02:13.460, 1Gb)
Load /work/output/de/tbl_bck011000.png                                                               (00:00.000 / 02:13.460, 1Gb)
Load /work/output/de/Parameters-mii-param-consent-manifest.json                                      (00:00.000 / 02:13.461, 1Gb)
Load /work/output/de/tbl_bck0000101.png                                                              (00:00.000 / 02:13.461, 1Gb)
Load /work/output/de/tbl_bck0341.png                                                                 (00:00.000 / 02:13.461, 1Gb)
Load /work/output/de/StructureDefinition-f675b1e8-9f3f-44e8-bb59-9681f78eb464.md                     (00:00.000 / 02:13.462, 1Gb)
Load /work/output/de/DocumentReference-8a3d1799-2463-405e-b49c-6a16c8692b01.md                       (00:00.000 / 02:13.462, 1Gb)
Load /work/output/de/examples.html                                                                   (00:00.000 / 02:13.462, 1Gb)
Load /work/output/de/ValueSet-2.16.840.1.113883.3.1937.777.24.11.36--20230331232804-testing.html     (00:00.011 / 02:13.474, 1Gb)
Load /work/output/de/tbl_bck00001010.png                                                             (00:00.012 / 02:13.486, 1Gb)
Load /work/output/de/tbl_bck025010.png                                                               (00:00.001 / 02:13.487, 1Gb)
Load /work/output/de/CapabilityStatement-mii-cap-consent-server.html                                 (00:00.000 / 02:13.488, 1Gb)
Load /work/output/de/tbl_bck0110110.png                                                              (00:00.025 / 02:13.513, 1Gb)
Load /work/output/de/tbl_bck000011111011.png                                                         (00:00.000 / 02:13.514, 1Gb)
.Load /work/output/de/Consent-34150a23-b1c8-404f-874f-e042a30435d2.json.html                          (00:00.000 / 02:13.515, 1Gb)
Load /work/output/de/tbl_bck10001.png                                                                (00:00.020 / 02:13.535, 1Gb)
Load /work/output/de/Consent-89f494a3-cd75-44f5-a78a-581dfdd47a94.json.html                          (00:00.000 / 02:13.536, 1Gb)
Load /work/output/de/tbl_bck05140.png                                                                (00:00.010 / 02:13.547, 1Gb)
Load /work/output/de/tbl_bck00010.png                                                                (00:00.000 / 02:13.547, 1Gb)
Load /work/output/de/tbl_bck12400.png                                                                (00:00.000 / 02:13.548, 1Gb)
Load /work/output/de/tbl_bck1010.png                                                                 (00:00.000 / 02:13.548, 1Gb)
Load /work/output/de/Provenance-55219d12-6245-4de4-8b50-ddf6f16a789b.json                            (00:00.000 / 02:13.548, 1Gb)
Load /work/output/de/ValueSet-88464c5b-5338-4c2b-9c07-b42fef2ada64.change.history.html               (00:00.000 / 02:13.549, 1Gb)
Load /work/output/de/icon-q-choice.png                                                               (00:00.008 / 02:13.557, 1Gb)
Load /work/output/de/tbl_bck01252.png                                                                (00:00.000 / 02:13.558, 1Gb)
Load /work/output/de/tbl_bck1252412.png                                                              (00:00.000 / 02:13.558, 1Gb)
Load /work/output/de/icon_group.png                                                                  (00:00.000 / 02:13.559, 1Gb)
Load /work/output/de/StructureDefinition-f675b1e8-9f3f-44e8-bb59-9681f78eb464.profile.history.html   (00:00.000 / 02:13.559, 1Gb)
Load /work/output/de/tbl_bck011.png                                                                  (00:00.004 / 02:13.564, 1Gb)
Load /work/output/de/CapabilityStatement-mii-cap-consent-server.xml                                  (00:00.000 / 02:13.564, 1Gb)
Load /work/output/de/ValueSet-88464c5b-5338-4c2b-9c07-b42fef2ada64.html                              (00:00.002 / 02:13.567, 1Gb)
Load /work/output/de/tbl_bck1400.png                                                                 (00:00.012 / 02:13.579, 1Gb)
Load /work/output/de/icon_vd_union.png                                                               (00:00.000 / 02:13.580, 1Gb)
Load /work/output/de/capability-statements.html                                                      (00:00.000 / 02:13.580, 1Gb)
Load /work/output/de/tbl_bck01111010.png                                                             (00:00.017 / 02:13.597, 1Gb)
Load /work/output/de/tbl_bck03.png                                                                   (00:00.001 / 02:13.599, 1Gb)
Load /work/output/de/icon_latest.png                                                                 (00:00.000 / 02:13.599, 1Gb)
Load /work/output/de/code-systems.html                                                               (00:00.000 / 02:13.600, 1Gb)
Load /work/output/de/tbl_bck010.png                                                                  (00:00.027 / 02:13.628, 1Gb)
Load /work/output/de/SearchParameter-mii-sp-consent-provisionperiod-testing.html                     (00:00.001 / 02:13.629, 1Gb)
Load /work/output/de/icon-q-attachment.png                                                           (00:00.012 / 02:13.642, 1Gb)
Load /work/output/de/tbl_spacer.png                                                                  (00:00.000 / 02:13.643, 1Gb)
Load /work/output/de/MII-KDS_de_Consent.jpg                                                          (00:00.001 / 02:13.644, 1Gb)
Load /work/output/de/StructureDefinition-f675b1e8-9f3f-44e8-bb59-9681f78eb464-mappings.html          (00:00.002 / 02:13.646, 1Gb)
Load /work/output/de/tbl_bck1011.png                                                                 (00:00.041 / 02:13.688, 1Gb)
Load /work/output/de/tbl_bck00011.png                                                                (00:00.000 / 02:13.688, 1Gb)
Load /work/output/de/icon-fhir-720.png                                                               (00:00.000 / 02:13.689, 1Gb)
Load /work/output/de/tbl_bck0125.png                                                                 (00:00.000 / 02:13.689, 1Gb)
Load /work/output/de/Consent-34150a23-b1c8-404f-874f-e042a30435d2.json                               (00:00.000 / 02:13.690, 1Gb)
Load /work/output/de/Consent-89f494a3-cd75-44f5-a78a-581dfdd47a94.json                               (00:00.000 / 02:13.690, 1Gb)
Load /work/output/de/icon-q-reference.png                                                            (00:00.000 / 02:13.691, 1Gb)
Load /work/output/de/tbl_bck02410.png                                                                (00:00.000 / 02:13.691, 1Gb)
Load /work/output/de/tbl_bck10000.png                                                                (00:00.000 / 02:13.692, 1Gb)
Load /work/output/de/tbl_bck15150.png                                                                (00:00.000 / 02:13.692, 1Gb)
Load /work/output/de/tbl_bck101101.png                                                               (00:00.000 / 02:13.693, 1Gb)
Load /work/output/de/tbl_bck15152.png                                                                (00:00.000 / 02:13.693, 1Gb)
Load /work/output/de/icon_page_n_c.gif                                                               (00:00.000 / 02:13.694, 1Gb)
Load /work/output/de/tbl_bck111110.png                                                               (00:00.000 / 02:13.694, 1Gb)
Load /work/output/de/StructureDefinition-56375452-bfa1-4111-af7c-5b5ba9a1857c.json                   (00:00.000 / 02:13.694, 1Gb)
Load /work/output/de/Provenance-55219d12-6245-4de4-8b50-ddf6f16a789b.md                              (00:00.000 / 02:13.695, 1Gb)
Load /work/output/de/tbl_bck011110.png                                                               (00:00.000 / 02:13.695, 1Gb)
Load /work/output/de/Consent-5143266b-8d60-4b28-8ee9-635140ffa5bb.change.history.html                (00:00.000 / 02:13.696, 1Gb)
Load /work/output/de/downloads.md                                                                    (00:00.007 / 02:13.703, 1Gb)
Load /work/output/de/tbl_bck0331.png                                                                 (00:00.000 / 02:13.704, 1Gb)
Load /work/output/de/summary.png                                                                     (00:00.000 / 02:13.704, 1Gb)
Load /work/output/de/tbl_bck0251.png                                                                 (00:00.000 / 02:13.705, 1Gb)
Load /work/output/de/tbl_bck012.png                                                                  (00:00.000 / 02:13.705, 1Gb)
Load /work/output/de/icon-q-url.png                                                                  (00:00.000 / 02:13.705, 1Gb)
Load /work/output/de/version-history.html                                                            (00:00.000 / 02:13.706, 1Gb)
Load /work/output/de/tbl_bck11240.png                                                                (00:00.005 / 02:13.711, 1Gb)
Load /work/output/de/tbl_bck125100.png                                                               (00:00.000 / 02:13.712, 1Gb)
Load /work/output/de/tbl_bck01.png                                                                   (00:00.000 / 02:13.712, 1Gb)
Load /work/output/de/tbl_bck15.png                                                                   (00:00.000 / 02:13.713, 1Gb)
Load /work/output/de/icon-error.gif                                                                  (00:00.000 / 02:13.713, 1Gb)
Load /work/output/de/tbl_bck00001100.png                                                             (00:00.001 / 02:13.715, 1Gb)
.Load /work/output/de/tbl_bck0010000.png                                                              (00:00.001 / 02:13.716, 1Gb)
Load /work/output/de/tbl_bck0110000.png                                                              (00:00.000 / 02:13.717, 1Gb)
Load /work/output/de/Consent-89f494a3-cd75-44f5-a78a-581dfdd47a94.md                                 (00:00.000 / 02:13.717, 1Gb)
Load /work/output/de/tbl_bck14.png                                                                   (00:00.000 / 02:13.717, 1Gb)
Load /work/output/de/tbl_bck00.png                                                                   (00:00.000 / 02:13.718, 1Gb)
Load /work/output/de/tbl_bck000011111100.png                                                         (00:00.000 / 02:13.718, 1Gb)
Load /work/output/de/DocumentReference-8a3d1799-2463-405e-b49c-6a16c8692b01.html                     (00:00.000 / 02:13.718, 1Gb)
Load /work/output/de/CodeSystem-2.16.840.1.113883.3.1937.777.24.5.3--20251211153003.xml              (00:00.004 / 02:13.723, 1Gb)
Load /work/output/de/tbl_bck0250.png                                                                 (00:00.011 / 02:13.735, 1Gb)
Load /work/output/de/tbl_bck0000010.png                                                              (00:00.000 / 02:13.735, 1Gb)
Load /work/output/de/tbl_bck013.png                                                                  (00:00.000 / 02:13.736, 1Gb)
Load /work/output/de/tbl_bck00001110010.png                                                          (00:00.000 / 02:13.737, 1Gb)
Load /work/output/de/tbl_bck1252410.png                                                              (00:00.000 / 02:13.737, 1Gb)
Load /work/output/de/tbl_bck01250.png                                                                (00:00.000 / 02:13.738, 1Gb)
Load /work/output/de/tbl_bck0330.png                                                                 (00:00.000 / 02:13.738, 1Gb)
Load /work/output/de/icon-infrastructure.png                                                         (00:00.000 / 02:13.739, 1Gb)
Load /work/output/de/icon-qi-security.png                                                            (00:00.000 / 02:13.739, 1Gb)
Load /work/output/de/tbl_bck011111.png                                                               (00:00.000 / 02:13.740, 1Gb)
Load /work/output/de/SearchParameter-mii-sp-consent-provisioncode.xml.html                           (00:00.000 / 02:13.740, 1Gb)
Load /work/output/de/ValueSet-2.16.840.1.113883.3.1937.777.24.11.30--20210323234509.html             (00:00.009 / 02:13.749, 1Gb)
Load /work/output/de/tbl_bck001100.png                                                               (00:00.007 / 02:13.756, 1Gb)
Load /work/output/de/tbl_bck101100.png                                                               (00:00.000 / 02:13.757, 1Gb)
Load /work/output/de/tbl_bck001110.png                                                               (00:00.000 / 02:13.757, 1Gb)
Load /work/output/de/assets/css/xml.css                                                              (00:00.000 / 02:13.758, 1Gb)
Load /work/output/de/assets/css/jquery-ui.theme.min.css                                              (00:00.000 / 02:13.758, 1Gb)
Load /work/output/de/assets/css/cqf.css                                                              (00:00.000 / 02:13.759, 1Gb)
Load /work/output/de/assets/css/mii.css                                                              (00:00.000 / 02:13.759, 1Gb)
Load /work/output/de/assets/css/hl7.css                                                              (00:00.000 / 02:13.759, 1Gb)
Load /work/output/de/assets/css/bootstrap-fhir.css                                                   (00:00.000 / 02:13.760, 1Gb)
Load /work/output/de/assets/css/prism-fhirpath.css                                                   (00:00.000 / 02:13.760, 1Gb)
Load /work/output/de/assets/css/jquery-ui.css                                                        (00:00.000 / 02:13.761, 1Gb)
Load /work/output/de/assets/css/num-diz.css                                                          (00:00.000 / 02:13.761, 1Gb)
Load /work/output/de/assets/css/bootstrap-glyphicons.css                                             (00:00.000 / 02:13.762, 1Gb)
Load /work/output/de/assets/css/template-base.css                                                    (00:00.000 / 02:13.763, 1Gb)
Load /work/output/de/assets/css/prism.css                                                            (00:00.000 / 02:13.763, 1Gb)
Load /work/output/de/assets/css/jquery-ui.structure.min.css                                          (00:00.000 / 02:13.763, 1Gb)
Load /work/output/de/assets/css/pygments-manni.css                                                   (00:00.000 / 02:13.764, 1Gb)
Load /work/output/de/assets/css/project.css                                                          (00:00.000 / 02:13.764, 1Gb)
Load /work/output/de/assets/css/bootstrap-accessibility.css                                          (00:00.000 / 02:13.764, 1Gb)
Load /work/output/de/assets/images/logo-num-diz-de.svg                                               (00:00.000 / 02:13.765, 1Gb)
Load /work/output/de/assets/images/icon_arrow_up.png                                                 (00:00.019 / 02:13.785, 1Gb)
Load /work/output/de/assets/images/deu.svg                                                           (00:00.001 / 02:13.786, 1Gb)
Load /work/output/de/assets/images/external.png                                                      (00:00.001 / 02:13.787, 1Gb)
Load /work/output/de/assets/images/fhir-logo-www.png                                                 (00:00.000 / 02:13.787, 1Gb)
Load /work/output/de/assets/images/download.png                                                      (00:00.000 / 02:13.788, 1Gb)
Load /work/output/de/assets/images/logo-en.svg                                                       (00:00.000 / 02:13.788, 1Gb)
Load /work/output/de/assets/images/link.svg                                                          (00:00.056 / 02:13.845, 430Mb)
Load /work/output/de/assets/images/dragon.png                                                        (00:00.000 / 02:13.845, 430Mb)
Load /work/output/de/assets/images/lang-es.png                                                       (00:00.000 / 02:13.846, 430Mb)
Load /work/output/de/assets/images/lang-de.png                                                       (00:00.000 / 02:13.846, 430Mb)
Load /work/output/de/assets/images/001.svg                                                           (00:00.000 / 02:13.847, 430Mb)
Load /work/output/de/assets/images/target.png                                                        (00:00.002 / 02:13.849, 432Mb)
Load /work/output/de/assets/images/fcp-logo.png                                                      (00:00.000 / 02:13.849, 432Mb)
Load /work/output/de/assets/images/lang-pt.png                                                       (00:00.000 / 02:13.850, 432Mb)
Load /work/output/de/assets/images/search.png                                                        (00:00.000 / 02:13.850, 432Mb)
Load /work/output/de/assets/images/lang-en.png                                                       (00:00.000 / 02:13.850, 432Mb)
Load /work/output/de/assets/images/lang-ja.png                                                       (00:00.000 / 02:13.851, 432Mb)
Load /work/output/de/assets/images/lang-kr.png                                                       (00:00.000 / 02:13.851, 432Mb)
Load /work/output/de/assets/images/logo_ansinew.jpg                                                  (00:00.000 / 02:13.851, 432Mb)
Load /work/output/de/assets/images/logo-de.svg                                                       (00:00.000 / 02:13.852, 432Mb)
Load /work/output/de/assets/images/lang-pt_BR.png                                                    (00:00.012 / 02:13.864, 443Mb)
.Load /work/output/de/assets/images/lang-fr.png                                                       (00:00.000 / 02:13.864, 443Mb)
Load /work/output/de/assets/images/lang-ru.png                                                       (00:00.000 / 02:13.865, 443Mb)
Load /work/output/de/assets/images/lang-ar.png                                                       (00:00.000 / 02:13.865, 443Mb)
Load /work/output/de/assets/images/stripe.png                                                        (00:00.000 / 02:13.866, 443Mb)
Load /work/output/de/assets/images/hl7-logo-header.png                                               (00:00.000 / 02:13.866, 443Mb)
Load /work/output/de/assets/images/logo-num-diz-en.svg                                               (00:00.000 / 02:13.866, 443Mb)
Load /work/output/de/assets/images/lang-nl.png                                                       (00:00.006 / 02:13.873, 450Mb)
Load /work/output/de/assets/images/lang-zh.png                                                       (00:00.000 / 02:13.873, 450Mb)
Load /work/output/de/assets/images/lang-zh-TW.png                                                    (00:00.000 / 02:13.874, 450Mb)
Load /work/output/de/assets/images/icon_arrow_down.png                                               (00:00.000 / 02:13.874, 450Mb)
Load /work/output/de/assets/js/font-size-control.js                                                  (00:00.000 / 02:13.874, 450Mb)
Load /work/output/de/assets/js/html5shiv.js                                                          (00:00.000 / 02:13.875, 450Mb)
Load /work/output/de/assets/js/flags.js                                                              (00:00.000 / 02:13.875, 450Mb)
Load /work/output/de/assets/js/prism.js                                                              (00:00.000 / 02:13.875, 450Mb)
Load /work/output/de/assets/js/mermaid.js                                                            (00:00.000 / 02:13.876, 450Mb)
Load /work/output/de/assets/js/jquery-ui.min.js                                                      (00:00.000 / 02:13.876, 450Mb)
Load /work/output/de/assets/js/clipboard-btn.js                                                      (00:00.000 / 02:13.876, 450Mb)
Load /work/output/de/assets/js/respond.min.js                                                        (00:00.000 / 02:13.877, 450Mb)
Load /work/output/de/assets/js/prism-fhirpath.js                                                     (00:00.000 / 02:13.877, 450Mb)
Load /work/output/de/assets/js/xml.js                                                                (00:00.000 / 02:13.877, 450Mb)
Load /work/output/de/assets/js/window-hash.js                                                        (00:00.000 / 02:13.878, 450Mb)
Load /work/output/de/assets/js/back-to-top.js                                                        (00:00.000 / 02:13.878, 450Mb)
Load /work/output/de/assets/js/clipboard.min.js                                                      (00:00.000 / 02:13.878, 450Mb)
Load /work/output/de/assets/js/bootstrap-accessibility.min.js                                        (00:00.000 / 02:13.879, 450Mb)
Load /work/output/de/assets/js/tabs.js                                                               (00:00.000 / 02:13.879, 451Mb)
Load /work/output/de/assets/js/jquery-3.7.0.min.map                                                  (00:00.000 / 02:13.879, 451Mb)
Load /work/output/de/assets/js/mermaid-init.js                                                       (00:00.000 / 02:13.880, 451Mb)
Load /work/output/de/assets/js/bootstrap.min.js                                                      (00:00.000 / 02:13.880, 451Mb)
Load /work/output/de/assets/js/fhir-table-scripts.js                                                 (00:00.000 / 02:13.880, 451Mb)
Load /work/output/de/assets/js/anchor.min.js                                                         (00:00.000 / 02:13.881, 451Mb)
Load /work/output/de/assets/js/topofpage.js                                                          (00:00.000 / 02:13.881, 451Mb)
Load /work/output/de/assets/js/fhir.js                                                               (00:00.000 / 02:13.881, 451Mb)
Load /work/output/de/assets/js/readme.txt                                                            (00:00.000 / 02:13.881, 451Mb)
Load /work/output/de/assets/js/lang-redirects.js                                                     (00:00.000 / 02:13.882, 451Mb)
Load /work/output/de/assets/js/direction-management.js                                               (00:00.000 / 02:13.882, 451Mb)
Load /work/output/de/assets/js/anchor-hover.js                                                       (00:00.000 / 02:13.882, 451Mb)
Load /work/output/de/assets/js/jquery.js                                                             (00:00.000 / 02:13.882, 451Mb)
Load /work/output/de/assets/fonts/OpenSans-CondBold-webfont.svg                                      (00:00.000 / 02:13.883, 451Mb)
Load /work/output/de/assets/fonts/glyphiconshalflings-regular.otf                                    (00:00.031 / 02:13.914, 477Mb)
Load /work/output/de/assets/fonts/OpenSans-CondLight-webfont.eot                                     (00:00.000 / 02:13.915, 477Mb)
Load /work/output/de/assets/fonts/glyphiconshalflings-regular.eot                                    (00:00.000 / 02:13.916, 477Mb)
Load /work/output/de/assets/fonts/OpenSans-CondLight-webfont.ttf                                     (00:00.000 / 02:13.916, 477Mb)
Load /work/output/de/assets/fonts/glyphiconshalflings-regular.ttf                                    (00:00.000 / 02:13.917, 477Mb)
Load /work/output/de/assets/fonts/OpenSans-CondLight-webfont.woff                                    (00:00.000 / 02:13.918, 477Mb)
Load /work/output/de/assets/fonts/glyphiconshalflings-regular.woff                                   (00:00.000 / 02:13.919, 477Mb)
Load /work/output/de/assets/fonts/OpenSans-CondBold-webfont.ttf                                      (00:00.000 / 02:13.919, 477Mb)
Load /work/output/de/assets/fonts/OpenSans-CondBold-webfont.woff                                     (00:00.000 / 02:13.920, 477Mb)
Load /work/output/de/assets/fonts/OpenSans-CondLight-webfont.svg                                     (00:00.000 / 02:13.921, 477Mb)
Load /work/output/de/assets/fonts/glyphiconshalflings-regular.svg                                    (00:00.035 / 02:13.956, 508Mb)
Load /work/output/de/assets/fonts/OpenSans-CondBold-webfont.eot                                      (00:00.012 / 02:13.968, 518Mb)
Load /work/output/de/assets/ico/icon-fhir-114.png                                                    (00:00.000 / 02:13.969, 518Mb)
Load /work/output/de/assets/ico/icon-fhir-72.png                                                     (00:00.000 / 02:13.969, 518Mb)
Load /work/output/de/assets/ico/icon-fhir-144.png                                                    (00:00.000 / 02:13.970, 518Mb)
Load /work/output/de/assets/ico/favicon.png                                                          (00:00.000 / 02:13.970, 518Mb)
Load /work/output/de/assets/ico/noun_copy to clipboard_1669410.png                                   (00:00.000 / 02:13.970, 518Mb)
Load /work/output/de/assets/ico/icon-fhir-57.png                                                     (00:00.000 / 02:13.971, 518Mb)
Load /work/output/de/tbl_bck101110.png                                                               (00:00.000 / 02:13.971, 518Mb)
Load /work/output/de/Provenance-55219d12-6245-4de4-8b50-ddf6f16a789b.xml                             (00:00.000 / 02:13.971, 518Mb)
Load /work/output/de/CodeSystem-mii-cs-consent-version-modules.change.history.html                   (00:00.000 / 02:13.972, 519Mb)
Load /work/output/de/tbl_bck05152.png                                                                (00:00.004 / 02:13.977, 523Mb)
Load /work/output/de/tbl_bck111101.png                                                               (00:00.000 / 02:13.977, 523Mb)
.Load /work/output/de/tbl_bck0320.png                                                                 (00:00.000 / 02:13.978, 523Mb)
Load /work/output/de/icon-fhir-24.png                                                                (00:00.000 / 02:13.978, 523Mb)
Load /work/output/de/StructureDefinition-e0e166b4-0f77-478d-9062-de0034d98ce0.profile.xml.html       (00:00.000 / 02:13.978, 523Mb)
Load /work/output/de/tbl_bck1252400.png                                                              (00:00.373 / 02:14.351, 890Mb)
Load /work/output/de/tbl_bck01240.png                                                                (00:00.001 / 02:14.353, 890Mb)
Load /work/output/de/icon-q-string.png                                                               (00:00.000 / 02:14.353, 890Mb)
Load /work/output/de/tbl_bck0240.png                                                                 (00:00.000 / 02:14.354, 890Mb)
Load /work/output/de/SearchParameter-mii-sp-consent-provisiontype.json                               (00:00.000 / 02:14.354, 890Mb)
Load /work/output/de/tbl_bck0000000.png                                                              (00:00.000 / 02:14.355, 890Mb)
Load /work/output/de/CodeSystem-2.16.840.1.113883.3.1937.777.24.5.3--20251211153003.json.html        (00:00.000 / 02:14.355, 890Mb)
Load /work/output/de/tbl_bck00001110000.png                                                          (00:00.027 / 02:14.383, 923Mb)
Load /work/output/de/tbl_bck000011111110.png                                                         (00:00.000 / 02:14.383, 923Mb)
Load /work/output/de/CodeSystem-mii-cs-consent-version-modules.json                                  (00:00.000 / 02:14.384, 923Mb)
Load /work/output/de/tbl_bck04.png                                                                   (00:00.000 / 02:14.384, 923Mb)
Load /work/output/de/tbl_bck00001111.png                                                             (00:00.000 / 02:14.385, 923Mb)
Load /work/output/de/tbl_bck10.png                                                                   (00:00.000 / 02:14.385, 923Mb)
Load /work/output/de/SearchParameter-mii-sp-consent-provisioncodetype.change.history.html            (00:00.000 / 02:14.385, 923Mb)
Load /work/output/de/tbl_bck125110.png                                                               (00:00.004 / 02:14.390, 927Mb)
Load /work/output/de/tbl_bck11.png                                                                   (00:00.000 / 02:14.390, 927Mb)
Load /work/output/de/tbl_bck05.png                                                                   (00:00.000 / 02:14.391, 927Mb)
Load /work/output/de/ValueSet-2.16.840.1.113883.3.1937.777.24.11.36--20230331232804.md               (00:00.000 / 02:14.391, 927Mb)
Load /work/output/de/tbl_bck00001110.png                                                             (00:00.000 / 02:14.392, 927Mb)
Load /work/output/de/tbl_bck0010010.png                                                              (00:00.000 / 02:14.392, 927Mb)
Load /work/output/de/search-parameters.html                                                          (00:00.000 / 02:14.392, 927Mb)
Load /work/output/de/tbl_bck0110010.png                                                              (00:00.005 / 02:14.398, 934Mb)
Load /work/output/de/tbl_vline.png                                                                   (00:00.000 / 02:14.399, 934Mb)
Load /work/output/de/tbl_bck11250.png                                                                (00:00.000 / 02:14.399, 934Mb)
Load /work/output/de/Parameters-mii-param-consent-manifest.md                                        (00:00.000 / 02:14.399, 934Mb)
Load /work/output/de/ImplementationGuide-mii-ig-consent.html                                         (00:00.000 / 02:14.400, 934Mb)
Load /work/output/de/Consent-5143266b-8d60-4b28-8ee9-635140ffa5bb.xml.html                           (00:00.012 / 02:14.412, 948Mb)
Load /work/output/de/tbl_bck0241.png                                                                 (00:00.040 / 02:14.453, 979Mb)
Load /work/output/de/icon_slice_item.png                                                             (00:00.000 / 02:14.454, 979Mb)
Load /work/output/de/CodeSystem-2.16.840.1.113883.3.1937.777.24.5.2--20210423105554.change.history.html (00:00.000 / 02:14.454, 979Mb)
Load /work/output/de/tbl_bck111100.png                                                               (00:00.004 / 02:14.459, 984Mb)
Load /work/output/de/ValueSet-2.16.840.1.113883.3.1937.777.24.11.36--20230331232804.change.history.html (00:00.000 / 02:14.459, 984Mb)
Load /work/output/de/tbl_bck011100.png                                                               (00:00.004 / 02:14.464, 988Mb)
Load /work/output/de/code-systems.md                                                                 (00:00.000 / 02:14.464, 988Mb)
Load /work/output/de/icon_page_n_p.gif                                                               (00:00.000 / 02:14.465, 988Mb)
Load /work/output/de/tbl_vjoin_end.png                                                               (00:00.000 / 02:14.465, 988Mb)
Load /work/output/de/tbl_bck101111.png                                                               (00:00.000 / 02:14.466, 988Mb)
Load /work/output/de/Parameters-mii-param-consent-manifest.xml.html                                  (00:00.000 / 02:14.466, 988Mb)
Load /work/output/de/tbl_bck02400.png                                                                (00:00.010 / 02:14.476, 999Mb)
Load /work/output/de/tbl_bck10010.png                                                                (00:00.000 / 02:14.477, 999Mb)
Load /work/output/de/tbl_bck15140.png                                                                (00:00.000 / 02:14.477, 999Mb)
Load /work/output/de/icon_resource.png                                                               (00:00.000 / 02:14.477, 999Mb)
Load /work/output/de/StructureDefinition-56375452-bfa1-4111-af7c-5b5ba9a1857c.profile.xml.html       (00:00.000 / 02:14.478, 999Mb)
Load /work/output/de/tbl_bck00001.png                                                                (00:00.103 / 02:14.581, 1Gb)
Load /work/output/de/CodeSystem-2.16.840.1.113883.3.1937.777.24.5.3--20251211153003.json             (00:00.000 / 02:14.582, 1Gb)
Load /work/output/de/tbl_bck15424.png                                                                (00:00.000 / 02:14.583, 1Gb)
Load /work/output/de/tbl_bck1001.png                                                                 (00:00.000 / 02:14.583, 1Gb)
Load /work/output/de/icon_modifier_extension_complex.png                                             (00:00.000 / 02:14.584, 1Gb)
Load /work/output/de/tbl_bck000.png                                                                  (00:00.000 / 02:14.584, 1Gb)
Load /work/output/de/information-model_UML-Diagramm_MII-spez.png                                     (00:00.000 / 02:14.585, 1Gb)
Load /work/output/de/StructureDefinition-f675b1e8-9f3f-44e8-bb59-9681f78eb464.json                   (00:00.000 / 02:14.585, 1Gb)
Load /work/output/de/SearchParameter-mii-sp-consent-provisioncode.html                               (00:00.000 / 02:14.586, 1Gb)
Load /work/output/de/SearchParameter-mii-sp-consent-provisioncode.json.html                          (00:00.004 / 02:14.590, 1Gb)
Load /work/output/de/tbl_bck11252.png                                                                (00:00.005 / 02:14.596, 1Gb)
Load /work/output/de/ValueSet-2.16.840.1.113883.3.1937.777.24.11.30--20210323234509.change.history.html (00:00.000 / 02:14.596, 1Gb)
Load /work/output/de/tbl_bck13.png                                                                   (00:00.004 / 02:14.601, 1Gb)
Load /work/output/de/StructureDefinition-f675b1e8-9f3f-44e8-bb59-9681f78eb464-examples.html          (00:00.000 / 02:14.602, 1Gb)
Load /work/output/de/tbl_blank.png                                                                   (00:00.005 / 02:14.607, 1Gb)
.Load /work/output/de/tbl_bck1410.png                                                                 (00:00.000 / 02:14.608, 1Gb)
Load /work/output/de/tbl_bck12.png                                                                   (00:00.000 / 02:14.609, 1Gb)
Load /work/output/de/icon-q-time.png                                                                 (00:00.000 / 02:14.609, 1Gb)
Load /work/output/de/tbl_bck01111001.png                                                             (00:00.000 / 02:14.610, 1Gb)
Load /work/output/de/icon-qi-horizontal.png                                                          (00:00.000 / 02:14.610, 1Gb)
Load /work/output/de/tbl_bck015.png                                                                  (00:00.000 / 02:14.610, 1Gb)
Load /work/output/de/tbl_bck001.png                                                                  (00:00.000 / 02:14.611, 1Gb)
Load /work/output/de/fhir.css                                                                        (00:00.000 / 02:14.611, 1Gb)
Load /work/output/de/Consent-5143266b-8d60-4b28-8ee9-635140ffa5bb.html                               (00:00.000 / 02:14.611, 1Gb)
Load /work/output/de/tbl_vline_slicer.png                                                            (00:00.013 / 02:14.625, 1Gb)
Load /work/output/de/Provenance-55219d12-6245-4de4-8b50-ddf6f16a789b.json.html                       (00:00.000 / 02:14.625, 1Gb)
Load /work/output/de/tbl_bck1000.png                                                                 (00:00.005 / 02:14.631, 1Gb)
Load /work/output/de/icon-fhir-32.png                                                                (00:00.000 / 02:14.631, 1Gb)
Load /work/output/de/tbl_bck05150.png                                                                (00:00.000 / 02:14.631, 1Gb)
Load /work/output/de/icon_q_item.png                                                                 (00:00.000 / 02:14.632, 1Gb)
Load /work/output/de/tbl_bck00000.png                                                                (00:00.000 / 02:14.632, 1Gb)
Load /work/output/de/tbl_bck12410.png                                                                (00:00.000 / 02:14.633, 1Gb)
Load /work/output/de/tbl_bck001112.png                                                               (00:00.000 / 02:14.633, 1Gb)
Load /work/output/de/tbl_bck10011.png                                                                (00:00.000 / 02:14.633, 1Gb)
Load /work/output/codesystem-list.json                                                               (00:00.000 / 02:14.634, 1Gb)
Load /work/output/ValueSet-2.16.840.1.113883.3.1937.777.24.11.36--20230331232804.xlsx                (00:00.000 / 02:14.634, 1Gb)
Load /work/output/tbl_bck111000.png                                                                  (00:00.000 / 02:14.634, 1Gb)
Load /work/output/tbl_bck011000.png                                                                  (00:00.000 / 02:14.635, 1Gb)
Load /work/output/Parameters-mii-param-consent-manifest.json                                         (00:00.000 / 02:14.635, 1Gb)
Load /work/output/tbl_bck0000101.png                                                                 (00:00.000 / 02:14.636, 1Gb)
Load /work/output/tbl_bck0341.png                                                                    (00:00.000 / 02:14.636, 1Gb)
Load /work/output/examples.html                                                                      (00:00.000 / 02:14.636, 1Gb)
Load /work/output/ValueSet-2.16.840.1.113883.3.1937.777.24.11.36--20230331232804-testing.html        (00:00.000 / 02:14.637, 1Gb)
Load /work/output/tbl_bck00001010.png                                                                (00:00.000 / 02:14.638, 1Gb)
Load /work/output/tbl_bck025010.png                                                                  (00:00.000 / 02:14.638, 1Gb)
Load /work/output/CapabilityStatement-mii-cap-consent-server.html                                    (00:00.000 / 02:14.639, 1Gb)
Load /work/output/tbl_bck0110110.png                                                                 (00:00.000 / 02:14.639, 1Gb)
Load /work/output/tbl_bck000011111011.png                                                            (00:00.000 / 02:14.640, 1Gb)
Load /work/output/validator-mii-ig-consent.pack                                                      (00:00.000 / 02:14.640, 1Gb)
Load /work/output/package.manifest.json                                                              (00:00.000 / 02:14.640, 1Gb)
Load /work/output/Consent-34150a23-b1c8-404f-874f-e042a30435d2.json.html                             (00:00.000 / 02:14.641, 1Gb)
Load /work/output/tbl_bck10001.png                                                                   (00:00.000 / 02:14.641, 1Gb)
Load /work/output/Consent-89f494a3-cd75-44f5-a78a-581dfdd47a94.json.html                             (00:00.000 / 02:14.642, 1Gb)
Load /work/output/tbl_bck05140.png                                                                   (00:00.000 / 02:14.642, 1Gb)
Load /work/output/tbl_bck00010.png                                                                   (00:00.000 / 02:14.643, 1Gb)
Load /work/output/tbl_bck12400.png                                                                   (00:00.000 / 02:14.643, 1Gb)
Load /work/output/tbl_bck1010.png                                                                    (00:00.000 / 02:14.643, 1Gb)
Load /work/output/Provenance-55219d12-6245-4de4-8b50-ddf6f16a789b.json                               (00:00.000 / 02:14.644, 1Gb)
Load /work/output/ValueSet-88464c5b-5338-4c2b-9c07-b42fef2ada64.change.history.html                  (00:00.000 / 02:14.644, 1Gb)
Load /work/output/expansions.xml                                                                     (00:00.000 / 02:14.645, 1Gb)
Load /work/output/icon-q-choice.png                                                                  (00:00.047 / 02:14.692, 1Gb)
Load /work/output/tbl_bck01252.png                                                                   (00:00.000 / 02:14.693, 1Gb)
Load /work/output/tbl_bck1252412.png                                                                 (00:00.000 / 02:14.693, 1Gb)
Load /work/output/icon_group.png                                                                     (00:00.000 / 02:14.694, 1Gb)
Load /work/output/StructureDefinition-f675b1e8-9f3f-44e8-bb59-9681f78eb464.profile.history.html      (00:00.000 / 02:14.694, 1Gb)
Load /work/output/tbl_bck011.png                                                                     (00:00.000 / 02:14.695, 1Gb)
Load /work/output/CapabilityStatement-mii-cap-consent-server.xml                                     (00:00.000 / 02:14.695, 1Gb)
Load /work/output/ValueSet-88464c5b-5338-4c2b-9c07-b42fef2ada64.html                                 (00:00.001 / 02:14.697, 1Gb)
Load /work/output/tbl_bck1400.png                                                                    (00:00.000 / 02:14.698, 1Gb)
Load /work/output/icon_vd_union.png                                                                  (00:00.000 / 02:14.698, 1Gb)
Load /work/output/capability-statements.html                                                         (00:00.000 / 02:14.699, 1Gb)
Load /work/output/ValueSet-88464c5b-5338-4c2b-9c07-b42fef2ada64.xlsx                                 (00:00.000 / 02:14.700, 1Gb)
Load /work/output/tbl_bck01111010.png                                                                (00:00.000 / 02:14.700, 1Gb)
Load /work/output/tbl_bck03.png                                                                      (00:00.000 / 02:14.700, 1Gb)
Load /work/output/icon_latest.png                                                                    (00:00.000 / 02:14.701, 1Gb)
Load /work/output/code-systems.html                                                                  (00:00.000 / 02:14.701, 1Gb)
.Load /work/output/tbl_bck010.png                                                                     (00:00.000 / 02:14.702, 1Gb)
Load /work/output/SearchParameter-mii-sp-consent-provisionperiod-testing.html                        (00:00.000 / 02:14.702, 1Gb)
Load /work/output/icon-q-attachment.png                                                              (00:00.000 / 02:14.703, 1Gb)
Load /work/output/tbl_spacer.png                                                                     (00:00.000 / 02:14.703, 1Gb)
Load /work/output/MII-KDS_de_Consent.jpg                                                             (00:00.000 / 02:14.703, 1Gb)
Load /work/output/StructureDefinition-f675b1e8-9f3f-44e8-bb59-9681f78eb464-mappings.html             (00:00.000 / 02:14.704, 1Gb)
Load /work/output/tbl_bck1011.png                                                                    (00:00.000 / 02:14.705, 1Gb)
Load /work/output/tbl_bck00011.png                                                                   (00:00.000 / 02:14.705, 1Gb)
Load /work/output/icon-fhir-720.png                                                                  (00:00.000 / 02:14.705, 1Gb)
Load /work/output/tbl_bck0125.png                                                                    (00:00.000 / 02:14.705, 1Gb)
Load /work/output/Consent-34150a23-b1c8-404f-874f-e042a30435d2.json                                  (00:00.000 / 02:14.706, 1Gb)
Load /work/output/Consent-89f494a3-cd75-44f5-a78a-581dfdd47a94.json                                  (00:00.000 / 02:14.706, 1Gb)
Load /work/output/icon-q-reference.png                                                               (00:00.000 / 02:14.706, 1Gb)
Load /work/output/tbl_bck02410.png                                                                   (00:00.000 / 02:14.707, 1Gb)
Load /work/output/tbl_bck10000.png                                                                   (00:00.000 / 02:14.707, 1Gb)
Load /work/output/tbl_bck15150.png                                                                   (00:00.000 / 02:14.707, 1Gb)
Load /work/output/tbl_bck101101.png                                                                  (00:00.000 / 02:14.708, 1Gb)
Load /work/output/tbl_bck15152.png                                                                   (00:00.000 / 02:14.708, 1Gb)
Load /work/output/en/tbl_bck01111.png                                                                (00:00.000 / 02:14.708, 1Gb)
Load /work/output/en/Consent-5143266b-8d60-4b28-8ee9-635140ffa5bb.json                               (00:00.000 / 02:14.709, 1Gb)
Load /work/output/en/icon_page_n_i.gif                                                               (00:00.000 / 02:14.709, 1Gb)
Load /work/output/en/tbl_bck0111.png                                                                 (00:00.000 / 02:14.710, 1Gb)
Load /work/output/en/SearchParameter-mii-sp-consent-provisiontype.json.html                          (00:00.000 / 02:14.710, 1Gb)
Load /work/output/en/logical-models.md                                                               (00:00.004 / 02:14.714, 1Gb)
Load /work/output/en/tbl_bck11100.png                                                                (00:00.000 / 02:14.714, 1Gb)
Load /work/output/en/tbl_bck03510.png                                                                (00:00.000 / 02:14.715, 1Gb)
Load /work/output/en/ValueSet-2.16.840.1.113883.3.1937.777.24.11.36--20230331232804.xml.html         (00:00.000 / 02:14.715, 1Gb)
Load /work/output/en/tbl_bck1025.png                                                                 (00:00.020 / 02:14.736, 429Mb)
Load /work/output/en/icon-administration.png                                                         (00:00.000 / 02:14.736, 429Mb)
Load /work/output/en/tbl_bck150.png                                                                  (00:00.000 / 02:14.737, 429Mb)
Load /work/output/en/tbl_bck144.png                                                                  (00:00.000 / 02:14.738, 429Mb)
Load /work/output/en/llms.txt                                                                        (00:00.000 / 02:14.738, 429Mb)
Load /work/output/en/translationinfo.html                                                            (00:00.000 / 02:14.739, 429Mb)
Load /work/output/en/tbl_bck0000111101.png                                                           (00:00.004 / 02:14.744, 434Mb)
Load /work/output/en/searchform.html                                                                 (00:00.000 / 02:14.744, 434Mb)
Load /work/output/en/SearchParameter-mii-sp-consent-provisioncodeperiod.change.history.html          (00:00.001 / 02:14.746, 435Mb)
Load /work/output/en/tbl_bck1001010.png                                                              (00:00.003 / 02:14.749, 440Mb)
Load /work/output/en/tbl_bck0515.png                                                                 (00:00.000 / 02:14.749, 440Mb)
Load /work/output/en/icon-fhir-16-grey.png                                                           (00:00.000 / 02:14.750, 440Mb)
Load /work/output/en/tbl_bck1011001.png                                                              (00:00.000 / 02:14.750, 440Mb)
Load /work/output/en/tbl_bck1111000.png                                                              (00:00.000 / 02:14.750, 440Mb)
Load /work/output/en/CodeSystem-2.16.840.1.113883.3.1937.777.24.5.3--20251211153003.html             (00:00.000 / 02:14.751, 440Mb)
Load /work/output/en/tbl_bck1011000.png                                                              (00:00.009 / 02:14.760, 455Mb)
Load /work/output/en/tbl_bck1352.png                                                                 (00:00.000 / 02:14.760, 455Mb)
Load /work/output/en/StructureDefinition-e0e166b4-0f77-478d-9062-de0034d98ce0-testing.html           (00:00.000 / 02:14.760, 455Mb)
Load /work/output/en/ValueSet-2.16.840.1.113883.3.1937.777.24.11.30--20210323234509-testing.html     (00:00.003 / 02:14.764, 460Mb)
Load /work/output/en/examples.md                                                                     (00:00.003 / 02:14.768, 465Mb)
Load /work/output/en/icon-qi-help.png                                                                (00:00.000 / 02:14.768, 465Mb)
Load /work/output/en/icon_profile.png                                                                (00:00.000 / 02:14.769, 465Mb)
Load /work/output/en/tbl_bck025.png                                                                  (00:00.000 / 02:14.769, 465Mb)
Load /work/output/en/tbl_bck0500.png                                                                 (00:00.000 / 02:14.769, 465Mb)
Load /work/output/en/tbl_bck1150.png                                                                 (00:00.000 / 02:14.770, 465Mb)
Load /work/output/en/StructureDefinition-e0e166b4-0f77-478d-9062-de0034d98ce0-mappings.html          (00:00.000 / 02:14.770, 465Mb)
Load /work/output/en/tbl_bck0000111100.png                                                           (00:00.062 / 02:14.833, 466Mb)
Load /work/output/en/SearchParameter-mii-sp-consent-provisioncode.json                               (00:00.001 / 02:14.834, 466Mb)
Load /work/output/en/tbl_bck151.png                                                                  (00:00.000 / 02:14.835, 466Mb)
Load /work/output/en/icon_page_n.gif                                                                 (00:00.000 / 02:14.835, 466Mb)
Load /work/output/en/icon-fhir-16.png                                                                (00:00.000 / 02:14.836, 466Mb)
Load /work/output/en/tbl_bck1024.png                                                                 (00:00.000 / 02:14.836, 466Mb)
Load /work/output/en/tbl_bck125241.png                                                               (00:00.000 / 02:14.837, 466Mb)
Load /work/output/en/SearchParameter-mii-sp-consent-policyuri.md                                     (00:00.000 / 02:14.838, 466Mb)
.Load /work/output/en/external.png                                                                    (00:00.000 / 02:14.838, 466Mb)
Load /work/output/en/tbl_bck11101.png                                                                (00:00.000 / 02:14.839, 466Mb)
Load /work/output/en/SearchParameter-mii-sp-consent-provisionperiod.xml                              (00:00.000 / 02:14.839, 466Mb)
Load /work/output/en/tbl_bck0110.png                                                                 (00:00.000 / 02:14.840, 466Mb)
Load /work/output/en/tbl_bck1540.png                                                                 (00:00.000 / 02:14.841, 466Mb)
Load /work/output/en/artifacts.html                                                                  (00:00.000 / 02:14.842, 466Mb)
Load /work/output/en/tbl_bck13500.png                                                                (00:00.008 / 02:14.850, 475Mb)
Load /work/output/en/StructureDefinition-f675b1e8-9f3f-44e8-bb59-9681f78eb464.html                   (00:00.000 / 02:14.850, 475Mb)
Load /work/output/en/tbl_bck01110.png                                                                (00:00.118 / 02:14.969, 620Mb)
Load /work/output/en/tbl_bck0350250.png                                                              (00:00.001 / 02:14.970, 620Mb)
Load /work/output/en/tbl_bck0250250.png                                                              (00:00.000 / 02:14.971, 620Mb)
Load /work/output/en/SearchParameter-mii-sp-consent-provisionperiod.md                               (00:00.000 / 02:14.972, 621Mb)
Load /work/output/en/CodeSystem-2.16.840.1.113883.3.1937.777.24.5.2--20210423105554.json.html        (00:00.000 / 02:14.972, 621Mb)
Load /work/output/en/icon_reference.png                                                              (00:00.007 / 02:14.979, 628Mb)
Load /work/output/en/tbl_bck0112.png                                                                 (00:00.000 / 02:14.980, 628Mb)
Load /work/output/en/tbl_bck03513.png                                                                (00:00.000 / 02:14.981, 628Mb)
Load /work/output/en/tbl_bck100000.png                                                               (00:00.000 / 02:14.981, 628Mb)
Load /work/output/en/tbl_bck000000.png                                                               (00:00.000 / 02:14.982, 628Mb)
Load /work/output/en/ai.zip                                                                          (00:00.001 / 02:14.983, 628Mb)
Load /work/output/en/ImplementationGuide-mii-ig-consent.json                                         (00:00.000 / 02:14.984, 628Mb)
Load /work/output/en/tbl_bck000011110000.png                                                         (00:00.001 / 02:14.986, 628Mb)
Load /work/output/en/tbl_vjoin-closed.png                                                            (00:00.000 / 02:14.986, 628Mb)
Load /work/output/en/CodeSystem-mii-cs-consent-version-modules-testing.html                          (00:00.000 / 02:14.987, 628Mb)
Load /work/output/en/tbl_bck1152.png                                                                 (00:00.005 / 02:14.992, 633Mb)
Load /work/output/en/SearchParameter-mii-sp-consent-provisioncodetype.md                             (00:00.000 / 02:14.992, 633Mb)
Load /work/output/en/tbl_bck0111101.png                                                              (00:00.000 / 02:14.993, 633Mb)
Load /work/output/en/SearchParameter-mii-sp-consent-provisioncode.xml                                (00:00.000 / 02:14.993, 633Mb)
Load /work/output/en/tbl_bck033.png                                                                  (00:00.000 / 02:14.994, 633Mb)
Load /work/output/en/Consent-34150a23-b1c8-404f-874f-e042a30435d2.change.history.html                (00:00.000 / 02:14.994, 633Mb)
Load /work/output/en/Consent-Example-MII-Consent-ResultType-document.change.history.html             (00:00.005 / 02:15.000, 638Mb)
Load /work/output/en/prism.js                                                                        (00:00.007 / 02:15.007, 643Mb)
Load /work/output/en/tbl_bck1350.png                                                                 (00:00.000 / 02:15.008, 643Mb)
Load /work/output/en/tbl_bck00001111110.png                                                          (00:00.000 / 02:15.008, 643Mb)
Load /work/output/en/tbl_bck00001111111.png                                                          (00:00.000 / 02:15.009, 643Mb)
Load /work/output/en/value-sets.md                                                                   (00:00.000 / 02:15.010, 643Mb)
Load /work/output/en/tbl_bck1351.png                                                                 (00:00.000 / 02:15.010, 643Mb)
Load /work/output/en/mustsupport.png                                                                 (00:00.000 / 02:15.010, 643Mb)
Load /work/output/en/icon_vd_col.png                                                                 (00:00.000 / 02:15.011, 643Mb)
Load /work/output/en/tbl_bck0111100.png                                                              (00:00.000 / 02:15.011, 643Mb)
Load /work/output/en/tbl_bck035125.png                                                               (00:00.000 / 02:15.012, 643Mb)
Load /work/output/en/StructureDefinition-f675b1e8-9f3f-44e8-bb59-9681f78eb464-testing.html           (00:00.000 / 02:15.012, 643Mb)
Load /work/output/en/tbl_bck03300.png                                                                (00:00.004 / 02:15.017, 648Mb)
Load /work/output/en/tbl_bck152.png                                                                  (00:00.000 / 02:15.018, 648Mb)
Load /work/output/en/CodeSystem-mii-cs-consent-version-modules.html                                  (00:00.000 / 02:15.018, 648Mb)
Load /work/output/en/SearchParameter-mii-sp-consent-provisiontype.xml.html                           (00:00.007 / 02:15.026, 656Mb)
Load /work/output/en/ValueSet-88464c5b-5338-4c2b-9c07-b42fef2ada64.md                                (00:00.006 / 02:15.032, 662Mb)
Load /work/output/en/tbl_bck000001.png                                                               (00:00.000 / 02:15.032, 662Mb)
Load /work/output/en/tbl_bck03512.png                                                                (00:00.000 / 02:15.033, 662Mb)
Load /work/output/en/icon_vd_select.png                                                              (00:00.000 / 02:15.033, 662Mb)
Load /work/output/en/tbl_bck1543.png                                                                 (00:00.000 / 02:15.034, 662Mb)
Load /work/output/en/SearchParameter-mii-sp-consent-provisiontype.html                               (00:00.000 / 02:15.034, 662Mb)
Load /work/output/en/guidance.html                                                                   (00:00.005 / 02:15.039, 667Mb)
Load /work/output/en/tbl_bck110010.png                                                               (00:00.005 / 02:15.045, 673Mb)
Load /work/output/en/icon-toc.png                                                                    (00:00.000 / 02:15.045, 673Mb)
Load /work/output/en/value-sets.html                                                                 (00:00.000 / 02:15.045, 673Mb)
Load /work/output/en/tbl_bck110000.png                                                               (00:00.004 / 02:15.050, 679Mb)
Load /work/output/en/DocumentReference-8a3d1799-2463-405e-b49c-6a16c8692b01.json                     (00:00.000 / 02:15.051, 679Mb)
Load /work/output/en/CodeSystem-2.16.840.1.113883.3.1937.777.24.5.3--20251211153003.xml.html         (00:00.000 / 02:15.051, 679Mb)
Load /work/output/en/icon_page_n_o.gif                                                               (00:00.066 / 02:15.118, 727Mb)
Load /work/output/en/tbl_bck000011.png                                                               (00:00.001 / 02:15.119, 727Mb)
Load /work/output/en/implementer-guidance.html                                                       (00:00.000 / 02:15.120, 727Mb)
.Load /work/output/en/tbl_bck125252.png                                                               (00:00.008 / 02:15.128, 734Mb)
Load /work/output/en/uml-diagrams.md                                                                 (00:00.000 / 02:15.129, 734Mb)
Load /work/output/en/ValueSet-2.16.840.1.113883.3.1937.777.24.11.30--20210323234509.json             (00:00.000 / 02:15.130, 734Mb)
Load /work/output/en/icon-fhir-128.png                                                               (00:00.000 / 02:15.131, 734Mb)
Load /work/output/en/tbl_bck03310.png                                                                (00:00.000 / 02:15.131, 734Mb)
Load /work/output/en/index.html                                                                      (00:00.000 / 02:15.132, 734Mb)
Load /work/output/en/tbl_bck0111110.png                                                              (00:00.007 / 02:15.140, 740Mb)
Load /work/output/en/frageboegen.md                                                                  (00:00.000 / 02:15.141, 740Mb)
Load /work/output/en/tbl_vjoin.png                                                                   (00:00.000 / 02:15.142, 740Mb)
Load /work/output/en/Consent-Example-MII-Consent-ResultType-document.json.html                       (00:00.000 / 02:15.142, 740Mb)
Load /work/output/en/StructureDefinition-e0e166b4-0f77-478d-9062-de0034d98ce0-intro.md               (00:00.009 / 02:15.151, 751Mb)
Load /work/output/en/tbl_bck00001111101.png                                                          (00:00.000 / 02:15.152, 751Mb)
Load /work/output/en/tbl_vjoin_end_slice.png                                                         (00:00.000 / 02:15.153, 751Mb)
Load /work/output/en/tbl_bck1341.png                                                                 (00:00.000 / 02:15.153, 751Mb)
Load /work/output/en/tbl_bck1340.png                                                                 (00:00.000 / 02:15.153, 751Mb)
Load /work/output/en/StructureDefinition-56375452-bfa1-4111-af7c-5b5ba9a1857c.html                   (00:00.000 / 02:15.154, 751Mb)
Load /work/output/en/tbl_bck025125.png                                                               (00:00.071 / 02:15.225, 872Mb)
Load /work/output/en/CodeSystem-2.16.840.1.113883.3.1937.777.24.5.3--20251211153003.md               (00:00.000 / 02:15.226, 872Mb)
Load /work/output/en/icon-q-text.png                                                                 (00:00.000 / 02:15.226, 872Mb)
Load /work/output/en/tbl_bck00001111100.png                                                          (00:00.000 / 02:15.226, 872Mb)
Load /work/output/en/CapabilityStatement-mii-cap-consent-server.json.html                            (00:00.000 / 02:15.227, 872Mb)
Load /work/output/en/SearchParameter-mii-sp-consent-provisiontype.xml                                (00:00.006 / 02:15.234, 882Mb)
Load /work/output/en/icon-q-display.png                                                              (00:00.000 / 02:15.234, 882Mb)
Load /work/output/en/icon-fhir-1024.png                                                              (00:00.000 / 02:15.235, 882Mb)
Load /work/output/en/tbl_bck0512.png                                                                 (00:00.000 / 02:15.235, 882Mb)
Load /work/output/en/StructureDefinition-56375452-bfa1-4111-af7c-5b5ba9a1857c.md                     (00:00.000 / 02:15.236, 882Mb)
Load /work/output/en/tbl_bck000011110010.png                                                         (00:00.000 / 02:15.236, 882Mb)
Load /work/output/en/tbl_bck143.png                                                                  (00:00.000 / 02:15.236, 882Mb)
Load /work/output/en/Consent-34150a23-b1c8-404f-874f-e042a30435d2.md                                 (00:00.000 / 02:15.237, 882Mb)
Load /work/output/en/tbl_bck03503.png                                                                (00:00.000 / 02:15.237, 882Mb)
Load /work/output/en/StructureDefinition-56375452-bfa1-4111-af7c-5b5ba9a1857c-definitions.html       (00:00.000 / 02:15.237, 882Mb)
Load /work/output/en/tbl_bck100010.png                                                               (00:00.036 / 02:15.274, 943Mb)
Load /work/output/en/tbl_bck000010.png                                                               (00:00.003 / 02:15.278, 943Mb)
Load /work/output/en/tbl_bck1552.png                                                                 (00:00.000 / 02:15.278, 943Mb)
Load /work/output/en/SearchParameter-mii-sp-consent-provisionperiod.change.history.html              (00:00.000 / 02:15.279, 943Mb)
Load /work/output/en/icon_element.gif                                                                (00:00.003 / 02:15.282, 947Mb)
Load /work/output/en/SearchParameter-mii-sp-consent-provisiontype.change.history.html                (00:00.000 / 02:15.283, 947Mb)
Load /work/output/en/tbl_bck0350240.png                                                              (00:00.003 / 02:15.286, 952Mb)
Load /work/output/en/tbl_bck13512.png                                                                (00:00.000 / 02:15.286, 952Mb)
Load /work/output/en/tbl_bck0250240.png                                                              (00:00.000 / 02:15.287, 952Mb)
Load /work/output/en/Consent-89f494a3-cd75-44f5-a78a-581dfdd47a94.change.history.html                (00:00.000 / 02:15.287, 952Mb)
Load /work/output/en/tbl_bck13510.png                                                                (00:00.003 / 02:15.291, 957Mb)
Load /work/output/en/SearchParameter-mii-sp-consent-provisioncode-testing.html                       (00:00.000 / 02:15.291, 957Mb)
Load /work/output/en/tbl_bck01100.png                                                                (00:00.003 / 02:15.295, 962Mb)
Load /work/output/en/StructureDefinition-e0e166b4-0f77-478d-9062-de0034d98ce0-examples.html          (00:00.000 / 02:15.295, 962Mb)
Load /work/output/en/SearchParameter-mii-sp-consent-policyuri-testing.html                           (00:00.003 / 02:15.299, 967Mb)
Load /work/output/en/tbl_bck0100.png                                                                 (00:00.003 / 02:15.303, 972Mb)
Load /work/output/en/tbl_bck1550.png                                                                 (00:00.000 / 02:15.303, 972Mb)
Load /work/output/en/ValueSet-2.16.840.1.113883.3.1937.777.24.11.30--20210323234509.md               (00:00.000 / 02:15.303, 972Mb)
Load /work/output/en/tbl_bck12424.png                                                                (00:00.000 / 02:15.304, 972Mb)
Load /work/output/en/tbl_bck11111.png                                                                (00:00.000 / 02:15.304, 972Mb)
Load /work/output/en/CodeSystem-mii-cs-consent-version-modules.xml.html                              (00:00.000 / 02:15.304, 972Mb)
Load /work/output/en/tbl_bck155.png                                                                  (00:00.016 / 02:15.321, 999Mb)
Load /work/output/en/tbl_bck141.png                                                                  (00:00.000 / 02:15.322, 999Mb)
Load /work/output/en/Parameters-mii-param-consent-manifest.xml                                       (00:00.000 / 02:15.322, 999Mb)
Load /work/output/en/tbl_bck0000111110.png                                                           (00:00.000 / 02:15.323, 1000Mb)
Load /work/output/en/Consent-34150a23-b1c8-404f-874f-e042a30435d2.html                               (00:00.000 / 02:15.323, 1000Mb)
Load /work/output/en/Consent-89f494a3-cd75-44f5-a78a-581dfdd47a94.html                               (00:00.005 / 02:15.329, 1008Mb)
Load /work/output/en/tbl_bck035.png                                                                  (00:00.005 / 02:15.334, 1015Mb)
Load /work/output/en/tbl_bck1001001.png                                                              (00:00.000 / 02:15.335, 1015Mb)
Load /work/output/en/tbl_bck0510.png                                                                 (00:00.000 / 02:15.335, 1015Mb)
.Load /work/output/en/tbl_bck1140.png                                                                 (00:00.000 / 02:15.335, 1015Mb)
Load /work/output/en/CodeSystem-mii-cs-consent-version-modules.md                                    (00:00.000 / 02:15.335, 1015Mb)
Load /work/output/en/tbl_bck1111010.png                                                              (00:00.000 / 02:15.336, 1015Mb)
Load /work/output/en/tbl_bck1011010.png                                                              (00:00.000 / 02:15.336, 1015Mb)
Load /work/output/en/tbl_bck1424.png                                                                 (00:00.000 / 02:15.336, 1015Mb)
Load /work/output/en/icon-resource.png                                                               (00:00.000 / 02:15.337, 1015Mb)
Load /work/output/en/icon_text.png                                                                   (00:00.000 / 02:15.337, 1015Mb)
Load /work/output/en/toc.html                                                                        (00:00.000 / 02:15.337, 1015Mb)
Load /work/output/en/SearchParameter-mii-sp-consent-provisioncodeperiod.xml                          (00:00.007 / 02:15.345, 1Gb)
Load /work/output/en/Consent-34150a23-b1c8-404f-874f-e042a30435d2.xml                                (00:00.000 / 02:15.345, 1Gb)
Load /work/output/en/Provenance-55219d12-6245-4de4-8b50-ddf6f16a789b.html                            (00:00.001 / 02:15.347, 1Gb)
Load /work/output/en/icon-type-operation.png                                                         (00:00.003 / 02:15.351, 1Gb)
Load /work/output/en/tbl_vjoin_slicer.png                                                            (00:00.000 / 02:15.351, 1Gb)
Load /work/output/en/icon_bundle.png                                                                 (00:00.000 / 02:15.351, 1Gb)
Load /work/output/en/tbl_bck1001000.png                                                              (00:00.000 / 02:15.352, 1Gb)
Load /work/output/en/tbl_bck0505.png                                                                 (00:00.000 / 02:15.352, 1Gb)
Load /work/output/en/Consent-5143266b-8d60-4b28-8ee9-635140ffa5bb.xml                                (00:00.000 / 02:15.352, 1Gb)
Load /work/output/en/StructureDefinition-e0e166b4-0f77-478d-9062-de0034d98ce0-definitions.html       (00:00.004 / 02:15.357, 1Gb)
Load /work/output/en/tbl_vjoin_end_slicer-closed.png                                                 (00:00.232 / 02:15.589, 466Mb)
Load /work/output/en/tbl_bck0000111111.png                                                           (00:00.001 / 02:15.590, 466Mb)
Load /work/output/en/tbl_bck125250.png                                                               (00:00.000 / 02:15.591, 466Mb)
Load /work/output/en/tbl_bck140.png                                                                  (00:00.000 / 02:15.591, 466Mb)
Load /work/output/en/changes.html                                                                    (00:00.000 / 02:15.592, 466Mb)
Load /work/output/en/icon-qi-subject.png                                                             (00:00.006 / 02:15.598, 473Mb)
Load /work/output/en/tbl_bck11110.png                                                                (00:00.000 / 02:15.598, 473Mb)
Load /work/output/en/StructureDefinition-56375452-bfa1-4111-af7c-5b5ba9a1857c.profile.history.html   (00:00.000 / 02:15.599, 473Mb)
Load /work/output/en/ValueSet-88464c5b-5338-4c2b-9c07-b42fef2ada64.json                              (00:00.004 / 02:15.603, 478Mb)
Load /work/output/en/tbl_bck03500.png                                                                (00:00.000 / 02:15.604, 478Mb)
Load /work/output/en/ValueSet-88464c5b-5338-4c2b-9c07-b42fef2ada64.xml.html                          (00:00.000 / 02:15.604, 478Mb)
Load /work/output/en/icon_extension_complex.png                                                      (00:00.014 / 02:15.618, 486Mb)
Load /work/output/en/lock.png                                                                        (00:00.000 / 02:15.619, 486Mb)
Load /work/output/en/ValueSet-2.16.840.1.113883.3.1937.777.24.11.30--20210323234509.xml.html         (00:00.000 / 02:15.619, 486Mb)
Load /work/output/en/tbl_bck0101.png                                                                 (00:00.019 / 02:15.638, 496Mb)
Load /work/output/en/tbl_bck01101.png                                                                (00:00.000 / 02:15.639, 496Mb)
Load /work/output/en/SearchParameter-mii-sp-consent-policyuri.change.history.html                    (00:00.000 / 02:15.639, 496Mb)
Load /work/output/en/tbl_vjoin_slicer-closed.png                                                     (00:00.005 / 02:15.645, 500Mb)
Load /work/output/en/SearchParameter-mii-sp-consent-provisioncodeperiod.html                         (00:00.000 / 02:15.646, 501Mb)
Load /work/output/en/CodeSystem-2.16.840.1.113883.3.1937.777.24.5.3--20251211153003.change.history.html (00:00.005 / 02:15.651, 506Mb)
Load /work/output/en/tbl_bck011110000.png                                                            (00:00.004 / 02:15.656, 511Mb)
Load /work/output/en/tbl_bck1250.png                                                                 (00:00.000 / 02:15.656, 511Mb)
Load /work/output/en/tbl_bck00001111010.png                                                          (00:00.000 / 02:15.657, 511Mb)
Load /work/output/en/tbl_bck133.png                                                                  (00:00.000 / 02:15.657, 511Mb)
Load /work/output/en/icon-fhir-48.png                                                                (00:00.000 / 02:15.657, 511Mb)
Load /work/output/en/icon-q-date.png                                                                 (00:00.000 / 02:15.658, 511Mb)
Load /work/output/en/CapabilityStatement-mii-cap-consent-server.json                                 (00:00.000 / 02:15.658, 511Mb)
Load /work/output/en/tbl_bck100100.png                                                               (00:00.000 / 02:15.659, 511Mb)
Load /work/output/en/DocumentReference-8a3d1799-2463-405e-b49c-6a16c8692b01.xml.html                 (00:00.000 / 02:15.659, 511Mb)
Load /work/output/en/tbl_bck000100.png                                                               (00:00.006 / 02:15.666, 517Mb)
Load /work/output/en/profiles.md                                                                     (00:00.000 / 02:15.666, 517Mb)
Load /work/output/en/tree-filter.png                                                                 (00:00.000 / 02:15.667, 517Mb)
Load /work/output/en/Parameters-mii-param-consent-manifest.html                                      (00:00.000 / 02:15.667, 517Mb)
Load /work/output/en/tbl_bck1330.png                                                                 (00:00.006 / 02:15.673, 524Mb)
Load /work/output/en/icon-not-selected.png                                                           (00:00.000 / 02:15.674, 524Mb)
Load /work/output/en/icon_choice.gif                                                                 (00:00.000 / 02:15.674, 524Mb)
Load /work/output/en/tbl_bck010110.png                                                               (00:00.000 / 02:15.674, 524Mb)
Load /work/output/en/icon_page-child.gif                                                             (00:00.000 / 02:15.675, 524Mb)
Load /work/output/en/tbl_bck110110.png                                                               (00:00.000 / 02:15.675, 524Mb)
Load /work/output/en/StructureDefinition-56375452-bfa1-4111-af7c-5b5ba9a1857c-testing.html           (00:00.000 / 02:15.676, 524Mb)
Load /work/output/en/DocumentReference-8a3d1799-2463-405e-b49c-6a16c8692b01.xml                      (00:00.008 / 02:15.684, 529Mb)
Load /work/output/en/Consent-34150a23-b1c8-404f-874f-e042a30435d2.xml.html                           (00:00.000 / 02:15.685, 529Mb)
Load /work/output/en/tbl_vjoin_end_slicer-open.png                                                   (00:00.018 / 02:15.703, 543Mb)
.Load /work/output/en/icon-change-remove.png                                                          (00:00.000 / 02:15.704, 543Mb)
Load /work/output/en/link.svg                                                                        (00:00.000 / 02:15.704, 543Mb)
Load /work/output/en/tbl_bck100101.png                                                               (00:00.000 / 02:15.705, 543Mb)
Load /work/output/en/icon_modifier_extension_simple.png                                              (00:00.000 / 02:15.705, 543Mb)
Load /work/output/en/StructureDefinition-e0e166b4-0f77-478d-9062-de0034d98ce0.md                     (00:00.000 / 02:15.705, 543Mb)
Load /work/output/en/StructureDefinition-f675b1e8-9f3f-44e8-bb59-9681f78eb464-definitions.html       (00:00.000 / 02:15.706, 543Mb)
Load /work/output/en/tbl_bck035025.png                                                               (00:00.118 / 02:15.824, 620Mb)
Load /work/output/en/tbl_bck10240.png                                                                (00:00.001 / 02:15.826, 620Mb)
Load /work/output/en/logical-models.html                                                             (00:00.001 / 02:15.827, 620Mb)
Load /work/output/en/StructureDefinition-56375452-bfa1-4111-af7c-5b5ba9a1857c.profile.json.html      (00:00.024 / 02:15.852, 625Mb)
Load /work/output/en/guidance.md                                                                     (00:00.083 / 02:15.936, 701Mb)
Load /work/output/en/StructureDefinition-f675b1e8-9f3f-44e8-bb59-9681f78eb464.profile.json.html      (00:00.000 / 02:15.937, 701Mb)
Load /work/output/en/tbl_bck1251.png                                                                 (00:00.078 / 02:16.016, 778Mb)
Load /work/output/en/icon-qi-vertical.png                                                            (00:00.000 / 02:16.017, 778Mb)
Load /work/output/en/implementer-guidance.md                                                         (00:00.000 / 02:16.017, 778Mb)
Load /work/output/en/ValueSet-2.16.840.1.113883.3.1937.777.24.11.36--20230331232804.json             (00:00.000 / 02:16.018, 778Mb)
Load /work/output/en/Provenance-55219d12-6245-4de4-8b50-ddf6f16a789b.change.history.html             (00:00.000 / 02:16.018, 778Mb)
Load /work/output/en/tbl_bck1253.png                                                                 (00:00.004 / 02:16.023, 782Mb)
Load /work/output/en/icon-change-edit.png                                                            (00:00.000 / 02:16.023, 782Mb)
Load /work/output/en/tbl_bck000011110.png                                                            (00:00.000 / 02:16.024, 782Mb)
Load /work/output/en/Provenance-55219d12-6245-4de4-8b50-ddf6f16a789b.xml.html                        (00:00.000 / 02:16.024, 782Mb)
Load /work/output/en/tbl_bck0000111001.png                                                           (00:00.006 / 02:16.031, 790Mb)
Load /work/output/en/tbl_bck0000111110110.png                                                        (00:00.000 / 02:16.031, 790Mb)
Load /work/output/en/Consent-89f494a3-cd75-44f5-a78a-581dfdd47a94.xml.html                           (00:00.000 / 02:16.032, 790Mb)
Load /work/output/en/tbl_bck124.png                                                                  (00:00.014 / 02:16.047, 802Mb)
Load /work/output/en/tbl_bck130.png                                                                  (00:00.000 / 02:16.047, 802Mb)
Load /work/output/en/tbl_bck11000.png                                                                (00:00.000 / 02:16.047, 802Mb)
Load /work/output/en/tbl_bck03410.png                                                                (00:00.000 / 02:16.048, 802Mb)
Load /work/output/en/tbl_bck12535.png                                                                (00:00.000 / 02:16.048, 802Mb)
Load /work/output/en/tbl_bck125340.png                                                               (00:00.000 / 02:16.048, 802Mb)
Load /work/output/en/tbl_bck1125.png                                                                 (00:00.000 / 02:16.049, 802Mb)
Load /work/output/en/tbl_bck050.png                                                                  (00:00.000 / 02:16.049, 802Mb)
Load /work/output/en/tbl_bck01011.png                                                                (00:00.000 / 02:16.050, 802Mb)
Load /work/output/en/tbl_vjoin_end_slicer.png                                                        (00:00.000 / 02:16.050, 802Mb)
Load /work/output/en/CapabilityStatement-mii-cap-consent-server-testing.html                         (00:00.000 / 02:16.050, 802Mb)
Load /work/output/en/tbl-open.png                                                                    (00:00.004 / 02:16.055, 807Mb)
Load /work/output/en/tbl_bck0011.png                                                                 (00:00.000 / 02:16.056, 807Mb)
Load /work/output/en/SearchParameter-mii-sp-consent-provisionperiod.json.html                        (00:00.000 / 02:16.056, 807Mb)
Load /work/output/en/tbl_bck0010.png                                                                 (00:00.011 / 02:16.067, 813Mb)
Load /work/output/en/icon-qi-hidden.png                                                              (00:00.000 / 02:16.068, 813Mb)
Load /work/output/en/tbl_bck13400.png                                                                (00:00.000 / 02:16.068, 813Mb)
Load /work/output/en/tbl_bck01010.png                                                                (00:00.000 / 02:16.068, 813Mb)
Load /work/output/en/Consent-Example-MII-Consent-ResultType-document.html                            (00:00.000 / 02:16.069, 813Mb)
Load /work/output/en/icon-warning.png                                                                (00:00.006 / 02:16.076, 820Mb)
Load /work/output/en/tbl_bck051.png                                                                  (00:00.000 / 02:16.076, 820Mb)
Load /work/output/en/tbl_bck1124.png                                                                 (00:00.000 / 02:16.076, 820Mb)
Load /work/output/en/SearchParameter-mii-sp-consent-provisionperiod.json                             (00:00.003 / 02:16.079, 820Mb)
Load /work/output/en/security-and-privacy.md                                                         (00:00.000 / 02:16.080, 820Mb)
Load /work/output/en/SearchParameter-mii-sp-consent-provisioncodetype.xml                            (00:00.000 / 02:16.080, 820Mb)
Load /work/output/en/tbl_vjoin_slice-open.png                                                        (00:00.000 / 02:16.081, 821Mb)
Load /work/output/en/tbl_bck11001.png                                                                (00:00.000 / 02:16.081, 821Mb)
Load /work/output/en/uml-diagrams.html                                                               (00:00.000 / 02:16.082, 821Mb)
Load /work/output/en/tbl_bck125.png                                                                  (00:00.015 / 02:16.097, 826Mb)
Load /work/output/en/tbl_bck0400.png                                                                 (00:00.000 / 02:16.098, 826Mb)
Load /work/output/en/tbl_bck1050.png                                                                 (00:00.000 / 02:16.098, 826Mb)
Load /work/output/en/tbl_bck0000111000.png                                                           (00:00.000 / 02:16.099, 826Mb)
Load /work/output/en/tbl_vjoin-open.png                                                              (00:00.000 / 02:16.099, 826Mb)
Load /work/output/en/icon_vd_view.png                                                                (00:00.000 / 02:16.099, 827Mb)
Load /work/output/en/StructureDefinition-f675b1e8-9f3f-44e8-bb59-9681f78eb464-intro.md               (00:00.000 / 02:16.100, 827Mb)
Load /work/output/en/icon_datatype.gif                                                               (00:00.000 / 02:16.100, 827Mb)
Load /work/output/en/tbl_bck000011111.png                                                            (00:00.000 / 02:16.101, 827Mb)
.Load /work/output/en/alert.jpg                                                                       (00:00.000 / 02:16.101, 827Mb)
Load /work/output/en/tbl_vjoin_end_slice-open.png                                                    (00:00.000 / 02:16.102, 827Mb)
Load /work/output/en/tbl_bck1011100.png                                                              (00:00.000 / 02:16.102, 827Mb)
Load /work/output/en/tbl_bck1252.png                                                                 (00:00.000 / 02:16.102, 827Mb)
Load /work/output/en/Consent-5143266b-8d60-4b28-8ee9-635140ffa5bb.json.html                          (00:00.000 / 02:16.103, 827Mb)
Load /work/output/en/Parameters-mii-param-consent-manifest.json.html                                 (00:00.030 / 02:16.134, 852Mb)
Load /work/output/en/tbl_bck1011110.png                                                              (00:00.015 / 02:16.149, 859Mb)
Load /work/output/en/icon_slice.png                                                                  (00:00.000 / 02:16.150, 860Mb)
Load /work/output/en/tbl_bck0000111010.png                                                           (00:00.000 / 02:16.150, 860Mb)
Load /work/output/en/icon-directory.gif                                                              (00:00.000 / 02:16.151, 860Mb)
Load /work/output/en/tbl_bck000011101.png                                                            (00:00.000 / 02:16.151, 860Mb)
Load /work/output/en/icon-q-datetime.png                                                             (00:00.000 / 02:16.151, 860Mb)
Load /work/output/en/DocumentReference-8a3d1799-2463-405e-b49c-6a16c8692b01.json.html                (00:00.000 / 02:16.152, 860Mb)
Load /work/output/en/tbl_bck135.png                                                                  (00:00.010 / 02:16.162, 865Mb)
Load /work/output/en/tbl_bck0410.png                                                                 (00:00.001 / 02:16.164, 865Mb)
Load /work/output/en/tbl_bck1040.png                                                                 (00:00.000 / 02:16.164, 865Mb)
Load /work/output/en/tbl_bck11011.png                                                                (00:00.000 / 02:16.165, 865Mb)
Load /work/output/en/tbl_bck041.png                                                                  (00:00.000 / 02:16.165, 865Mb)
Load /work/output/en/CodeSystem-2.16.840.1.113883.3.1937.777.24.5.2--20210423105554-testing.html     (00:00.000 / 02:16.166, 865Mb)
Load /work/output/en/SearchParameter-mii-sp-consent-provisioncodetype.json                           (00:00.011 / 02:16.177, 870Mb)
Load /work/output/en/tbl_bck13410.png                                                                (00:00.000 / 02:16.178, 870Mb)
Load /work/output/en/tbl_bck01000.png                                                                (00:00.001 / 02:16.179, 870Mb)
Load /work/output/en/icon-q-item.png                                                                 (00:00.000 / 02:16.180, 870Mb)
Load /work/output/en/tbl_bck0000.png                                                                 (00:00.000 / 02:16.180, 870Mb)
Load /work/output/en/tbl_bck0001.png                                                                 (00:00.000 / 02:16.181, 870Mb)
Load /work/output/en/tbl_bck125350.png                                                               (00:00.000 / 02:16.182, 870Mb)
Load /work/output/en/tbl_bck040.png                                                                  (00:00.000 / 02:16.182, 870Mb)
Load /work/output/en/StructureDefinition-e0e166b4-0f77-478d-9062-de0034d98ce0.profile.history.html   (00:00.000 / 02:16.182, 870Mb)
Load /work/output/en/tbl_bck11010.png                                                                (00:00.013 / 02:16.196, 875Mb)
Load /work/output/en/tbl_bck03400.png                                                                (00:00.000 / 02:16.197, 875Mb)
Load /work/output/en/artifacts.md                                                                    (00:00.000 / 02:16.198, 875Mb)
Load /work/output/en/tbl_bck12525.png                                                                (00:00.000 / 02:16.198, 875Mb)
Load /work/output/en/tbl_bck0000111110100.png                                                        (00:00.000 / 02:16.199, 875Mb)
Load /work/output/en/tbl_bck134.png                                                                  (00:00.000 / 02:16.199, 875Mb)
Load /work/output/en/tbl_bck120.png                                                                  (00:00.000 / 02:16.199, 875Mb)
Load /work/output/en/tbl_bck000011100.png                                                            (00:00.000 / 02:16.200, 875Mb)
Load /work/output/en/tbl_bck0000111011.png                                                           (00:00.001 / 02:16.201, 875Mb)
Load /work/output/en/ValueSet-2.16.840.1.113883.3.1937.777.24.11.30--20210323234509.xml              (00:00.000 / 02:16.202, 875Mb)
Load /work/output/en/SearchParameter-mii-sp-consent-provisioncode.change.history.html                (00:00.001 / 02:16.203, 876Mb)
Load /work/output/en/icon_primitive.png                                                              (00:00.010 / 02:16.214, 881Mb)
Load /work/output/en/tbl_bck1243.png                                                                 (00:00.000 / 02:16.214, 881Mb)
Load /work/output/en/cc0.png                                                                         (00:00.000 / 02:16.215, 881Mb)
Load /work/output/en/tbl_vjoin_end_slice-closed.png                                                  (00:00.000 / 02:16.216, 881Mb)
Load /work/output/en/icon-q-open-choice.png                                                          (00:00.000 / 02:16.216, 881Mb)
Load /work/output/en/target.png                                                                      (00:00.000 / 02:16.216, 881Mb)
Load /work/output/en/search-parameters.md                                                            (00:00.000 / 02:16.217, 881Mb)
Load /work/output/en/tbl_bck00001111001.png                                                          (00:00.000 / 02:16.218, 881Mb)
Load /work/output/en/capability-statements.md                                                        (00:00.000 / 02:16.218, 881Mb)
Load /work/output/en/icon_q_root.gif                                                                 (00:00.000 / 02:16.219, 881Mb)
Load /work/output/en/tbl_bck1241.png                                                                 (00:00.000 / 02:16.219, 881Mb)
Load /work/output/en/tbl_bck10250.png                                                                (00:00.000 / 02:16.220, 881Mb)
Load /work/output/en/icon-q-quantity.png                                                             (00:00.000 / 02:16.220, 881Mb)
Load /work/output/en/information.png                                                                 (00:00.000 / 02:16.221, 881Mb)
Load /work/output/en/CodeSystem-mii-cs-consent-version-modules.json.html                             (00:00.000 / 02:16.221, 881Mb)
Load /work/output/en/tbl_vjoin_end-open.png                                                          (00:00.030 / 02:16.251, 899Mb)
Load /work/output/en/tbl_bck125352.png                                                               (00:00.000 / 02:16.252, 899Mb)
Load /work/output/en/tbl_bck010100.png                                                               (00:00.000 / 02:16.253, 899Mb)
Load /work/output/en/ValueSet-88464c5b-5338-4c2b-9c07-b42fef2ada64-testing.html                      (00:00.000 / 02:16.253, 899Mb)
Load /work/output/en/tbl_bck110100.png                                                               (00:00.008 / 02:16.262, 904Mb)
Load /work/output/en/icon-qi-security.bmp                                                            (00:00.000 / 02:16.263, 904Mb)
Load /work/output/en/SearchParameter-mii-sp-consent-policyuri.html                                   (00:00.000 / 02:16.263, 904Mb)
.Load /work/output/en/tbl_vjoin_end-closed.png                                                        (00:00.005 / 02:16.268, 909Mb)
Load /work/output/en/tbl_bck1320.png                                                                 (00:00.000 / 02:16.269, 909Mb)
Load /work/output/en/icon-include.png                                                                (00:00.000 / 02:16.269, 909Mb)
Load /work/output/en/CodeSystem-mii-cs-consent-version-modules.xml                                   (00:00.000 / 02:16.269, 909Mb)
Load /work/output/en/tbl_bck100110.png                                                               (00:00.006 / 02:16.276, 912Mb)
Load /work/output/en/ValueSet-2.16.840.1.113883.3.1937.777.24.11.30--20210323234509.json.html        (00:00.000 / 02:16.276, 912Mb)
Load /work/output/en/CodeSystem-2.16.840.1.113883.3.1937.777.24.5.2--20210423105554.html             (00:00.007 / 02:16.284, 921Mb)
Load /work/output/en/tbl_bck000110.png                                                               (00:00.008 / 02:16.293, 926Mb)
Load /work/output/en/icon-fhir-64.png                                                                (00:00.000 / 02:16.293, 926Mb)
Load /work/output/en/icon_reuse.png                                                                  (00:00.000 / 02:16.294, 926Mb)
Load /work/output/en/tbl_bck1240.png                                                                 (00:00.000 / 02:16.294, 926Mb)
Load /work/output/en/Consent-Example-MII-Consent-ResultType-document.md                              (00:00.000 / 02:16.294, 926Mb)
Load /work/output/en/tbl_bck025025.png                                                               (00:00.000 / 02:16.295, 926Mb)
Load /work/output/en/icon_extension_simple.png                                                       (00:00.000 / 02:16.295, 926Mb)
Load /work/output/en/StructureDefinition-e0e166b4-0f77-478d-9062-de0034d98ce0.profile.json.html      (00:00.000 / 02:16.295, 926Mb)
Load /work/output/en/StructureDefinition-e0e166b4-0f77-478d-9062-de0034d98ce0.json                   (00:00.373 / 02:16.669, 1Gb)
Load /work/output/en/icon-q-decimal.png                                                              (00:00.001 / 02:16.671, 1Gb)
Load /work/output/en/tbl_bck011110010.png                                                            (00:00.000 / 02:16.672, 1Gb)
Load /work/output/en/icon_vd_foreach.png                                                             (00:00.000 / 02:16.672, 1Gb)
Load /work/output/en/icon-q-boolean.png                                                              (00:00.000 / 02:16.673, 1Gb)
Load /work/output/en/downloads.html                                                                  (00:00.000 / 02:16.673, 1Gb)
Load /work/output/en/tbl_bck025000.png                                                               (00:00.006 / 02:16.680, 1Gb)
Load /work/output/en/CodeSystem-2.16.840.1.113883.3.1937.777.24.5.2--20210423105554.json             (00:00.000 / 02:16.680, 1Gb)
Load /work/output/en/frageboegen.html                                                                (00:00.000 / 02:16.681, 1Gb)
Load /work/output/en/tbl_bck0110100.png                                                              (00:00.005 / 02:16.686, 1Gb)
Load /work/output/en/icon_page.gif                                                                   (00:00.000 / 02:16.687, 1Gb)
Load /work/output/en/Consent-Example-MII-Consent-ResultType-document.xml                             (00:00.000 / 02:16.687, 1Gb)
Load /work/output/en/tbl_bck1.png                                                                    (00:00.002 / 02:16.689, 1Gb)
Load /work/output/en/tbl_bck0000111.png                                                              (00:00.000 / 02:16.689, 1Gb)
Load /work/output/en/tbl_bck112.png                                                                  (00:00.000 / 02:16.690, 1Gb)
Load /work/output/en/tbl_bck0351.png                                                                 (00:00.000 / 02:16.691, 1Gb)
Load /work/output/en/tbl_bck111010.png                                                               (00:00.000 / 02:16.691, 1Gb)
Load /work/output/en/tbl_bck011010.png                                                               (00:00.000 / 02:16.691, 1Gb)
Load /work/output/en/StructureDefinition-56375452-bfa1-4111-af7c-5b5ba9a1857c-intro.md               (00:00.000 / 02:16.692, 1Gb)
Load /work/output/en/icon-qi-optional.png                                                            (00:00.000 / 02:16.692, 1Gb)
Load /work/output/en/tbl_vjoin_slice-closed.png                                                      (00:00.000 / 02:16.692, 1Gb)
Load /work/output/en/StructureDefinition-e0e166b4-0f77-478d-9062-de0034d98ce0.html                   (00:00.000 / 02:16.693, 1Gb)
Load /work/output/en/SearchParameter-mii-sp-consent-provisioncodetype.xml.html                       (00:00.454 / 02:17.148, 657Mb)
Load /work/output/en/StructureDefinition-e0e166b4-0f77-478d-9062-de0034d98ce0.xml                    (00:00.014 / 02:17.162, 664Mb)
Load /work/output/en/tbl_bck001001.png                                                               (00:00.098 / 02:17.260, 713Mb)
Load /work/output/en/tbl_bck02512.png                                                                (00:00.001 / 02:17.262, 713Mb)
Load /work/output/en/SearchParameter-mii-sp-consent-provisiontype-testing.html                       (00:00.000 / 02:17.262, 713Mb)
Load /work/output/en/DocumentReference-8a3d1799-2463-405e-b49c-6a16c8692b01.change.history.html      (00:00.010 / 02:17.273, 718Mb)
Load /work/output/en/SearchParameter-mii-sp-consent-provisioncode.md                                 (00:00.007 / 02:17.280, 723Mb)
Load /work/output/en/ImplementationGuide-mii-ig-consent.md                                           (00:00.000 / 02:17.281, 723Mb)
Load /work/output/en/tbl_bck02513.png                                                                (00:00.000 / 02:17.282, 723Mb)
Load /work/output/en/SearchParameter-mii-sp-consent-provisioncodetype.json.html                      (00:00.001 / 02:17.283, 723Mb)
Load /work/output/en/tbl_bck001000.png                                                               (00:00.006 / 02:17.289, 729Mb)
Load /work/output/en/icon-qi-observation.png                                                         (00:00.000 / 02:17.290, 729Mb)
Load /work/output/en/tbl_bck101000.png                                                               (00:00.000 / 02:17.291, 729Mb)
Load /work/output/en/ValueSet-2.16.840.1.113883.3.1937.777.24.11.36--20230331232804.json.html        (00:00.000 / 02:17.291, 729Mb)
Load /work/output/en/tbl_bck1112.png                                                                 (00:00.009 / 02:17.300, 736Mb)
Load /work/output/en/tbl_vjoin_slicer-open.png                                                       (00:00.000 / 02:17.301, 736Mb)
Load /work/output/en/tbl_bck00112.png                                                                (00:00.000 / 02:17.302, 736Mb)
Load /work/output/en/tbl_bck0251250.png                                                              (00:00.000 / 02:17.302, 736Mb)
Load /work/output/en/tbl_bck0351250.png                                                              (00:00.000 / 02:17.303, 736Mb)
Load /work/output/en/tbl_bck011011.png                                                               (00:00.000 / 02:17.303, 736Mb)
Load /work/output/en/CapabilityStatement-mii-cap-consent-server.xml.html                             (00:00.000 / 02:17.304, 736Mb)
Load /work/output/en/tbl_bck113.png                                                                  (00:00.017 / 02:17.321, 747Mb)
Load /work/output/en/tbl_bck0000110.png                                                              (00:00.002 / 02:17.324, 747Mb)
Load /work/output/en/tbl_bck0350.png                                                                 (00:00.002 / 02:17.326, 747Mb)
.Load /work/output/en/tbl_bck10010000.png                                                             (00:00.000 / 02:17.326, 747Mb)
Load /work/output/en/tbl_bck00001110110.png                                                          (00:00.000 / 02:17.327, 747Mb)
Load /work/output/en/tbl_bck10110000.png                                                             (00:00.001 / 02:17.329, 747Mb)
Load /work/output/en/SearchParameter-mii-sp-consent-policyuri.json                                   (00:00.001 / 02:17.330, 747Mb)
Load /work/output/en/tbl_bck0.png                                                                    (00:00.000 / 02:17.330, 747Mb)
Load /work/output/en/tbl_bck00001001.png                                                             (00:00.000 / 02:17.331, 747Mb)
Load /work/output/en/icon-change-add.png                                                             (00:00.000 / 02:17.331, 747Mb)
Load /work/output/en/tbl_bck000011111000.png                                                         (00:00.000 / 02:17.331, 747Mb)
Load /work/output/en/SearchParameter-mii-sp-consent-provisioncodeperiod.md                           (00:00.000 / 02:17.331, 747Mb)
Load /work/output/en/icon-page.png                                                                   (00:00.000 / 02:17.332, 747Mb)
Load /work/output/en/tbl_bck1500.png                                                                 (00:00.000 / 02:17.332, 747Mb)
Load /work/output/en/ValueSet-88464c5b-5338-4c2b-9c07-b42fef2ada64.json.html                         (00:00.000 / 02:17.333, 747Mb)
Load /work/output/en/SearchParameter-mii-sp-consent-provisioncodetype-testing.html                   (00:00.010 / 02:17.344, 754Mb)
Load /work/output/en/profiles.html                                                                   (00:00.007 / 02:17.352, 759Mb)
Load /work/output/en/StructureDefinition-f675b1e8-9f3f-44e8-bb59-9681f78eb464.profile.xml.html       (00:00.007 / 02:17.359, 765Mb)
Load /work/output/en/tbl_bck105.png                                                                  (00:00.168 / 02:17.527, 887Mb)
Load /work/output/en/tbl_bck01101100.png                                                             (00:00.003 / 02:17.530, 887Mb)
Load /work/output/en/tbl_bck111.png                                                                  (00:00.000 / 02:17.531, 887Mb)
Load /work/output/en/tbl_vline_slice.png                                                             (00:00.000 / 02:17.532, 887Mb)
Load /work/output/en/tbl_bck05040.png                                                                (00:00.000 / 02:17.532, 887Mb)
Load /work/output/en/tbl_bck0251252.png                                                              (00:00.000 / 02:17.532, 887Mb)
Load /work/output/en/tbl_bck00110.png                                                                (00:00.000 / 02:17.533, 887Mb)
Load /work/output/en/tbl_bck12500.png                                                                (00:00.000 / 02:17.533, 887Mb)
Load /work/output/en/tbl_bck0351252.png                                                              (00:00.000 / 02:17.534, 887Mb)
Load /work/output/en/icon_fixed.gif                                                                  (00:00.000 / 02:17.535, 887Mb)
Load /work/output/en/tbl_bck1110.png                                                                 (00:00.000 / 02:17.535, 887Mb)
Load /work/output/en/security-and-privacy.html                                                       (00:00.000 / 02:17.535, 887Mb)
Load /work/output/en/tbl_bck10101.png                                                                (00:00.008 / 02:17.544, 893Mb)
Load /work/output/en/SearchParameter-mii-sp-consent-policyuri.xml.html                               (00:00.000 / 02:17.544, 893Mb)
Load /work/output/en/SearchParameter-mii-sp-consent-provisioncodeperiod.json.html                    (00:00.006 / 02:17.551, 899Mb)
Load /work/output/en/help.png                                                                        (00:00.006 / 02:17.557, 905Mb)
Load /work/output/en/StructureDefinition-f675b1e8-9f3f-44e8-bb59-9681f78eb464.xml                    (00:00.000 / 02:17.557, 905Mb)
Load /work/output/en/tbl_bck02510.png                                                                (00:00.017 / 02:17.575, 920Mb)
Load /work/output/en/modifier.png                                                                    (00:00.000 / 02:17.576, 920Mb)
Load /work/output/en/tbl_bck10100.png                                                                (00:00.000 / 02:17.577, 920Mb)
Load /work/output/en/icon-key.png                                                                    (00:00.000 / 02:17.577, 920Mb)
Load /work/output/en/tbl_bck15050.png                                                                (00:00.000 / 02:17.578, 920Mb)
Load /work/output/en/icon-q-integer.png                                                              (00:00.000 / 02:17.578, 920Mb)
Load /work/output/en/tbl_bck1111.png                                                                 (00:00.000 / 02:17.579, 920Mb)
Load /work/output/en/StructureDefinition-56375452-bfa1-4111-af7c-5b5ba9a1857c-examples.html          (00:00.000 / 02:17.579, 920Mb)
Load /work/output/en/tbl_bck00111.png                                                                (00:00.013 / 02:17.593, 925Mb)
Load /work/output/en/Consent-89f494a3-cd75-44f5-a78a-581dfdd47a94.xml                                (00:00.000 / 02:17.594, 925Mb)
Load /work/output/en/SearchParameter-mii-sp-consent-provisiontype.md                                 (00:00.004 / 02:17.598, 927Mb)
Load /work/output/en/tbl_bck110.png                                                                  (00:00.000 / 02:17.599, 927Mb)
Load /work/output/en/tbl_bck104.png                                                                  (00:00.000 / 02:17.599, 927Mb)
Load /work/output/en/SearchParameter-mii-sp-consent-provisioncodeperiod.xml.html                     (00:00.000 / 02:17.600, 927Mb)
Load /work/output/en/index.md                                                                        (00:00.031 / 02:17.631, 933Mb)
Load /work/output/en/tbl_bck1515.png                                                                 (00:00.003 / 02:17.635, 933Mb)
Load /work/output/en/CodeSystem-2.16.840.1.113883.3.1937.777.24.5.2--20210423105554.xml              (00:00.002 / 02:17.638, 933Mb)
Load /work/output/en/tbl-closed.png                                                                  (00:00.003 / 02:17.641, 934Mb)
Load /work/output/en/tbl_bck000010010.png                                                            (00:00.001 / 02:17.643, 934Mb)
Load /work/output/en/version-history.md                                                              (00:00.000 / 02:17.644, 934Mb)
Load /work/output/en/SearchParameter-mii-sp-consent-provisioncodetype.html                           (00:00.002 / 02:17.646, 934Mb)
Load /work/output/en/icon-dictionary.png                                                             (00:00.015 / 02:17.661, 940Mb)
Load /work/output/en/Consent-Example-MII-Consent-ResultType-document.json                            (00:00.003 / 02:17.664, 940Mb)
Load /work/output/en/tbl_bck000010000.png                                                            (00:00.002 / 02:17.667, 940Mb)
Load /work/output/en/SearchParameter-mii-sp-consent-provisionperiod.html                             (00:00.000 / 02:17.667, 940Mb)
Load /work/output/en/StructureDefinition-56375452-bfa1-4111-af7c-5b5ba9a1857c-mappings.html          (00:00.012 / 02:17.679, 945Mb)
Load /work/output/en/tbl_bck1505.png                                                                 (00:00.040 / 02:17.720, 978Mb)
Load /work/output/en/CodeSystem-2.16.840.1.113883.3.1937.777.24.5.2--20210423105554.md               (00:00.000 / 02:17.721, 978Mb)
Load /work/output/en/tbl_bck100.png                                                                  (00:00.000 / 02:17.721, 978Mb)
.Load /work/output/en/tbl_bck12511.png                                                                (00:00.000 / 02:17.722, 978Mb)
Load /work/output/en/tbl_bck00101.png                                                                (00:00.000 / 02:17.722, 978Mb)
Load /work/output/en/translationinfo.md                                                              (00:00.000 / 02:17.723, 978Mb)
Load /work/output/en/SearchParameter-mii-sp-consent-provisionperiod.xml.html                         (00:00.000 / 02:17.723, 978Mb)
Load /work/output/en/StructureDefinition-56375452-bfa1-4111-af7c-5b5ba9a1857c.xml                    (00:00.006 / 02:17.730, 985Mb)
Load /work/output/en/icon-list.gif                                                                   (00:00.016 / 02:17.746, 999Mb)
Load /work/output/en/tbl_bck1101.png                                                                 (00:00.000 / 02:17.746, 999Mb)
Load /work/output/en/fhir-table-scripts.js                                                           (00:00.001 / 02:17.748, 999Mb)
Load /work/output/en/tbl_bck02500.png                                                                (00:00.001 / 02:17.749, 999Mb)
Load /work/output/en/tbl_bck10110.png                                                                (00:00.000 / 02:17.750, 999Mb)
Load /work/output/en/tbl_bck15040.png                                                                (00:00.000 / 02:17.750, 999Mb)
Load /work/output/en/icon_extension.png                                                              (00:00.000 / 02:17.751, 999Mb)
Load /work/output/en/icon-implementation.png                                                         (00:00.000 / 02:17.751, 999Mb)
Load /work/output/en/icon_entry_blue.png                                                             (00:00.000 / 02:17.752, 999Mb)
Load /work/output/en/icon-q-coding.png                                                               (00:00.000 / 02:17.753, 999Mb)
Load /work/output/en/tbl_bck10111.png                                                                (00:00.000 / 02:17.753, 999Mb)
Load /work/output/en/tbl_bck02501.png                                                                (00:00.001 / 02:17.754, 999Mb)
Load /work/output/en/tbl_bck1100.png                                                                 (00:00.001 / 02:17.756, 999Mb)
Load /work/output/en/CodeSystem-2.16.840.1.113883.3.1937.777.24.5.2--20210423105554.xml.html         (00:00.001 / 02:17.757, 999Mb)
Load /work/output/en/CapabilityStatement-mii-cap-consent-server.change.history.html                  (00:00.009 / 02:17.767, 1009Mb)
Load /work/output/en/tbl_bck05050.png                                                                (00:00.011 / 02:17.778, 1013Mb)
Load /work/output/en/CapabilityStatement-mii-cap-consent-server.md                                   (00:00.000 / 02:17.778, 1013Mb)
Load /work/output/en/SearchParameter-mii-sp-consent-policyuri.json.html                              (00:00.002 / 02:17.781, 1013Mb)
Load /work/output/en/tbl_bck00100.png                                                                (00:00.015 / 02:17.796, 1019Mb)
Load /work/output/en/ValueSet-2.16.840.1.113883.3.1937.777.24.11.36--20230331232804.xml              (00:00.001 / 02:17.798, 1019Mb)
Load /work/output/en/CodeSystem-2.16.840.1.113883.3.1937.777.24.5.3--20251211153003-testing.html     (00:00.003 / 02:17.801, 1020Mb)
Load /work/output/en/tbl_bck12510.png                                                                (00:00.009 / 02:17.811, 1Gb)
Load /work/output/en/tbl_bck115.png                                                                  (00:00.000 / 02:17.812, 1Gb)
Load /work/output/en/icon-documentation.png                                                          (00:00.000 / 02:17.812, 1Gb)
Load /work/output/en/tbl_bck01101110.png                                                             (00:00.000 / 02:17.813, 1Gb)
Load /work/output/en/tbl_bck101.png                                                                  (00:00.000 / 02:17.813, 1Gb)
Load /work/output/en/icon-selected.png                                                               (00:00.000 / 02:17.814, 1Gb)
Load /work/output/en/icon-example.png                                                                (00:00.000 / 02:17.814, 1Gb)
Load /work/output/en/ValueSet-88464c5b-5338-4c2b-9c07-b42fef2ada64.xml                               (00:00.000 / 02:17.815, 1Gb)
Load /work/output/en/tbl_bck1510.png                                                                 (00:00.000 / 02:17.815, 1Gb)
Load /work/output/en/tbl_bck0140.png                                                                 (00:00.000 / 02:17.816, 1Gb)
Load /work/output/en/prism.css                                                                       (00:00.000 / 02:17.816, 1Gb)
Load /work/output/en/ImplementationGuide-mii-ig-consent.xml                                          (00:00.000 / 02:17.816, 1Gb)
Load /work/output/en/icon-qi-readonly.png                                                            (00:00.010 / 02:17.827, 1Gb)
Load /work/output/en/Consent-5143266b-8d60-4b28-8ee9-635140ffa5bb.md                                 (00:00.000 / 02:17.828, 1Gb)
Load /work/output/en/tbl_bck000011111010.png                                                         (00:00.000 / 02:17.828, 1Gb)
Load /work/output/en/SearchParameter-mii-sp-consent-provisioncodeperiod-testing.html                 (00:00.000 / 02:17.829, 1Gb)
Load /work/output/en/tbl_bck0110111.png                                                              (00:00.008 / 02:17.837, 1Gb)
Load /work/output/en/icon-object-box.png                                                             (00:00.000 / 02:17.838, 1Gb)
Load /work/output/en/tbl_bck1512.png                                                                 (00:00.000 / 02:17.838, 1Gb)
Load /work/output/en/tbl_vjoin_slice.png                                                             (00:00.000 / 02:17.839, 1Gb)
Load /work/output/en/Parameters-mii-param-consent-manifest.change.history.html                       (00:00.000 / 02:17.839, 1Gb)
Load /work/output/en/icon-q-group.png                                                                (00:00.010 / 02:17.850, 1Gb)
Load /work/output/en/tbl_bck103.png                                                                  (00:00.000 / 02:17.850, 1Gb)
Load /work/output/en/tbl_bck0000100.png                                                              (00:00.000 / 02:17.851, 1Gb)
Load /work/output/en/tbl_bck0340.png                                                                 (00:00.000 / 02:17.851, 1Gb)
Load /work/output/en/tbl_bck10010010.png                                                             (00:00.000 / 02:17.852, 1Gb)
Load /work/output/en/Consent-Example-MII-Consent-ResultType-document.xml.html                        (00:00.000 / 02:17.853, 1Gb)
Load /work/output/en/tbl_bck00001110100.png                                                          (00:00.022 / 02:17.875, 1Gb)
Load /work/output/en/tbl_bck10110010.png                                                             (00:00.000 / 02:17.876, 1Gb)
Load /work/output/en/SearchParameter-mii-sp-consent-policyuri.xml                                    (00:00.000 / 02:17.877, 1Gb)
Load /work/output/en/tbl_bck0251240.png                                                              (00:00.000 / 02:17.877, 1Gb)
Load /work/output/en/tbl_bck0351240.png                                                              (00:00.000 / 02:17.878, 1Gb)
Load /work/output/en/tbl_bck12512.png                                                                (00:00.000 / 02:17.878, 1Gb)
Load /work/output/en/tbl_bck011001.png                                                               (00:00.000 / 02:17.878, 1Gb)
Load /work/output/en/new.png                                                                         (00:00.000 / 02:17.879, 1Gb)
.Load /work/output/en/ValueSet-2.16.840.1.113883.3.1937.777.24.11.36--20230331232804.html             (00:00.000 / 02:17.879, 1Gb)
Load /work/output/en/tbl_bck02503.png                                                                (00:00.073 / 02:17.952, 1Gb)
Load /work/output/en/tbl_bck001010.png                                                               (00:00.000 / 02:17.953, 1Gb)
Load /work/output/en/tbl_bck101010.png                                                               (00:00.000 / 02:17.954, 1Gb)
Load /work/output/en/icon-qi-instructions.png                                                        (00:00.000 / 02:17.954, 1Gb)
Load /work/output/en/changes.md                                                                      (00:00.000 / 02:17.954, 1Gb)
Load /work/output/en/icon-clinical.png                                                               (00:00.000 / 02:17.955, 1Gb)
Load /work/output/en/SearchParameter-mii-sp-consent-provisioncodeperiod.json                         (00:00.000 / 02:17.955, 1Gb)
Load /work/output/en/tbl_bck111000.png                                                               (00:00.000 / 02:17.956, 1Gb)
Load /work/output/en/tbl_bck011000.png                                                               (00:00.000 / 02:17.956, 1Gb)
Load /work/output/en/Parameters-mii-param-consent-manifest.json                                      (00:00.000 / 02:17.957, 1Gb)
Load /work/output/en/tbl_bck0000101.png                                                              (00:00.000 / 02:17.957, 1Gb)
Load /work/output/en/tbl_bck0341.png                                                                 (00:00.000 / 02:17.957, 1Gb)
Load /work/output/en/StructureDefinition-f675b1e8-9f3f-44e8-bb59-9681f78eb464.md                     (00:00.000 / 02:17.958, 1Gb)
Load /work/output/en/DocumentReference-8a3d1799-2463-405e-b49c-6a16c8692b01.md                       (00:00.000 / 02:17.958, 1Gb)
Load /work/output/en/examples.html                                                                   (00:00.000 / 02:17.959, 1Gb)
Load /work/output/en/ValueSet-2.16.840.1.113883.3.1937.777.24.11.36--20230331232804-testing.html     (00:00.005 / 02:17.964, 1Gb)
Load /work/output/en/tbl_bck00001010.png                                                             (00:00.005 / 02:17.969, 1Gb)
Load /work/output/en/tbl_bck025010.png                                                               (00:00.000 / 02:17.970, 1Gb)
Load /work/output/en/CapabilityStatement-mii-cap-consent-server.html                                 (00:00.000 / 02:17.970, 1Gb)
Load /work/output/en/tbl_bck0110110.png                                                              (00:00.012 / 02:17.982, 1Gb)
Load /work/output/en/tbl_bck000011111011.png                                                         (00:00.000 / 02:17.983, 1Gb)
Load /work/output/en/Consent-34150a23-b1c8-404f-874f-e042a30435d2.json.html                          (00:00.000 / 02:17.984, 1Gb)
Load /work/output/en/tbl_bck10001.png                                                                (00:00.014 / 02:17.998, 1Gb)
Load /work/output/en/Consent-89f494a3-cd75-44f5-a78a-581dfdd47a94.json.html                          (00:00.000 / 02:17.999, 1Gb)
Load /work/output/en/tbl_bck05140.png                                                                (00:00.010 / 02:18.010, 1Gb)
Load /work/output/en/tbl_bck00010.png                                                                (00:00.000 / 02:18.010, 1Gb)
Load /work/output/en/tbl_bck12400.png                                                                (00:00.000 / 02:18.010, 1Gb)
Load /work/output/en/tbl_bck1010.png                                                                 (00:00.000 / 02:18.011, 1Gb)
Load /work/output/en/Provenance-55219d12-6245-4de4-8b50-ddf6f16a789b.json                            (00:00.000 / 02:18.011, 1Gb)
Load /work/output/en/ValueSet-88464c5b-5338-4c2b-9c07-b42fef2ada64.change.history.html               (00:00.000 / 02:18.012, 1Gb)
Load /work/output/en/icon-q-choice.png                                                               (00:00.005 / 02:18.017, 1Gb)
Load /work/output/en/tbl_bck01252.png                                                                (00:00.000 / 02:18.017, 1Gb)
Load /work/output/en/tbl_bck1252412.png                                                              (00:00.000 / 02:18.018, 1Gb)
Load /work/output/en/icon_group.png                                                                  (00:00.000 / 02:18.018, 1Gb)
Load /work/output/en/StructureDefinition-f675b1e8-9f3f-44e8-bb59-9681f78eb464.profile.history.html   (00:00.000 / 02:18.018, 1Gb)
Load /work/output/en/tbl_bck011.png                                                                  (00:00.005 / 02:18.024, 1Gb)
Load /work/output/en/CapabilityStatement-mii-cap-consent-server.xml                                  (00:00.001 / 02:18.025, 1Gb)
Load /work/output/en/ValueSet-88464c5b-5338-4c2b-9c07-b42fef2ada64.html                              (00:00.003 / 02:18.029, 1Gb)
Load /work/output/en/tbl_bck1400.png                                                                 (00:00.010 / 02:18.039, 1Gb)
Load /work/output/en/icon_vd_union.png                                                               (00:00.000 / 02:18.039, 1Gb)
Load /work/output/en/capability-statements.html                                                      (00:00.000 / 02:18.040, 1Gb)
Load /work/output/en/tbl_bck01111010.png                                                             (00:00.006 / 02:18.047, 1Gb)
Load /work/output/en/tbl_bck03.png                                                                   (00:00.000 / 02:18.047, 1Gb)
Load /work/output/en/icon_latest.png                                                                 (00:00.000 / 02:18.048, 1Gb)
Load /work/output/en/code-systems.html                                                               (00:00.000 / 02:18.048, 1Gb)
Load /work/output/en/tbl_bck010.png                                                                  (00:00.013 / 02:18.062, 1Gb)
Load /work/output/en/SearchParameter-mii-sp-consent-provisionperiod-testing.html                     (00:00.000 / 02:18.063, 1Gb)
Load /work/output/en/icon-q-attachment.png                                                           (00:00.008 / 02:18.071, 1Gb)
Load /work/output/en/tbl_spacer.png                                                                  (00:00.000 / 02:18.072, 1Gb)
Load /work/output/en/MII-KDS_de_Consent.jpg                                                          (00:00.000 / 02:18.072, 1Gb)
Load /work/output/en/StructureDefinition-f675b1e8-9f3f-44e8-bb59-9681f78eb464-mappings.html          (00:00.001 / 02:18.073, 1Gb)
Load /work/output/en/tbl_bck1011.png                                                                 (00:00.045 / 02:18.119, 1Gb)
Load /work/output/en/tbl_bck00011.png                                                                (00:00.000 / 02:18.119, 1Gb)
Load /work/output/en/icon-fhir-720.png                                                               (00:00.000 / 02:18.120, 1Gb)
Load /work/output/en/tbl_bck0125.png                                                                 (00:00.000 / 02:18.120, 1Gb)
Load /work/output/en/Consent-34150a23-b1c8-404f-874f-e042a30435d2.json                               (00:00.000 / 02:18.121, 1Gb)
Load /work/output/en/Consent-89f494a3-cd75-44f5-a78a-581dfdd47a94.json                               (00:00.000 / 02:18.121, 1Gb)
Load /work/output/en/icon-q-reference.png                                                            (00:00.000 / 02:18.122, 1Gb)
Load /work/output/en/tbl_bck02410.png                                                                (00:00.000 / 02:18.122, 1Gb)
Load /work/output/en/tbl_bck10000.png                                                                (00:00.000 / 02:18.123, 1Gb)
.Load /work/output/en/tbl_bck15150.png                                                                (00:00.000 / 02:18.123, 1Gb)
Load /work/output/en/tbl_bck101101.png                                                               (00:00.000 / 02:18.124, 1Gb)
Load /work/output/en/tbl_bck15152.png                                                                (00:00.000 / 02:18.124, 1Gb)
Load /work/output/en/icon_page_n_c.gif                                                               (00:00.000 / 02:18.124, 1Gb)
Load /work/output/en/tbl_bck111110.png                                                               (00:00.000 / 02:18.125, 1Gb)
Load /work/output/en/StructureDefinition-56375452-bfa1-4111-af7c-5b5ba9a1857c.json                   (00:00.000 / 02:18.125, 1Gb)
Load /work/output/en/Provenance-55219d12-6245-4de4-8b50-ddf6f16a789b.md                              (00:00.000 / 02:18.126, 1Gb)
Load /work/output/en/tbl_bck011110.png                                                               (00:00.000 / 02:18.126, 1Gb)
Load /work/output/en/Consent-5143266b-8d60-4b28-8ee9-635140ffa5bb.change.history.html                (00:00.000 / 02:18.126, 1Gb)
Load /work/output/en/downloads.md                                                                    (00:00.004 / 02:18.131, 1Gb)
Load /work/output/en/tbl_bck0331.png                                                                 (00:00.000 / 02:18.131, 1Gb)
Load /work/output/en/summary.png                                                                     (00:00.000 / 02:18.132, 1Gb)
Load /work/output/en/tbl_bck0251.png                                                                 (00:00.000 / 02:18.132, 1Gb)
Load /work/output/en/tbl_bck012.png                                                                  (00:00.000 / 02:18.133, 1Gb)
Load /work/output/en/icon-q-url.png                                                                  (00:00.000 / 02:18.133, 1Gb)
Load /work/output/en/version-history.html                                                            (00:00.000 / 02:18.133, 1Gb)
Load /work/output/en/tbl_bck11240.png                                                                (00:00.005 / 02:18.139, 1Gb)
Load /work/output/en/tbl_bck125100.png                                                               (00:00.000 / 02:18.140, 1Gb)
Load /work/output/en/tbl_bck01.png                                                                   (00:00.000 / 02:18.140, 1Gb)
Load /work/output/en/tbl_bck15.png                                                                   (00:00.000 / 02:18.140, 1Gb)
Load /work/output/en/icon-error.gif                                                                  (00:00.000 / 02:18.141, 1Gb)
Load /work/output/en/tbl_bck00001100.png                                                             (00:00.000 / 02:18.141, 1Gb)
Load /work/output/en/tbl_bck0010000.png                                                              (00:00.000 / 02:18.141, 1Gb)
Load /work/output/en/tbl_bck0110000.png                                                              (00:00.000 / 02:18.142, 1Gb)
Load /work/output/en/Consent-89f494a3-cd75-44f5-a78a-581dfdd47a94.md                                 (00:00.000 / 02:18.142, 1Gb)
Load /work/output/en/tbl_bck14.png                                                                   (00:00.000 / 02:18.143, 1Gb)
Load /work/output/en/tbl_bck00.png                                                                   (00:00.000 / 02:18.143, 1Gb)
Load /work/output/en/tbl_bck000011111100.png                                                         (00:00.000 / 02:18.143, 1Gb)
Load /work/output/en/DocumentReference-8a3d1799-2463-405e-b49c-6a16c8692b01.html                     (00:00.000 / 02:18.144, 1Gb)
Load /work/output/en/CodeSystem-2.16.840.1.113883.3.1937.777.24.5.3--20251211153003.xml              (00:00.005 / 02:18.149, 1Gb)
Load /work/output/en/tbl_bck0250.png                                                                 (00:00.006 / 02:18.156, 1Gb)
Load /work/output/en/tbl_bck0000010.png                                                              (00:00.000 / 02:18.156, 1Gb)
Load /work/output/en/tbl_bck013.png                                                                  (00:00.000 / 02:18.156, 1Gb)
Load /work/output/en/tbl_bck00001110010.png                                                          (00:00.000 / 02:18.157, 1Gb)
Load /work/output/en/tbl_bck1252410.png                                                              (00:00.000 / 02:18.157, 1Gb)
Load /work/output/en/tbl_bck01250.png                                                                (00:00.000 / 02:18.157, 1Gb)
Load /work/output/en/tbl_bck0330.png                                                                 (00:00.000 / 02:18.158, 1Gb)
Load /work/output/en/icon-infrastructure.png                                                         (00:00.000 / 02:18.158, 1Gb)
Load /work/output/en/icon-qi-security.png                                                            (00:00.000 / 02:18.159, 1Gb)
Load /work/output/en/tbl_bck011111.png                                                               (00:00.000 / 02:18.159, 1Gb)
Load /work/output/en/SearchParameter-mii-sp-consent-provisioncode.xml.html                           (00:00.000 / 02:18.159, 1Gb)
Load /work/output/en/ValueSet-2.16.840.1.113883.3.1937.777.24.11.30--20210323234509.html             (00:00.006 / 02:18.165, 1Gb)
Load /work/output/en/tbl_bck001100.png                                                               (00:00.026 / 02:18.192, 425Mb)
Load /work/output/en/tbl_bck101100.png                                                               (00:00.000 / 02:18.193, 425Mb)
Load /work/output/en/tbl_bck001110.png                                                               (00:00.000 / 02:18.194, 425Mb)
Load /work/output/en/assets/css/xml.css                                                              (00:00.000 / 02:18.194, 425Mb)
Load /work/output/en/assets/css/jquery-ui.theme.min.css                                              (00:00.000 / 02:18.195, 425Mb)
Load /work/output/en/assets/css/cqf.css                                                              (00:00.000 / 02:18.195, 425Mb)
Load /work/output/en/assets/css/mii.css                                                              (00:00.000 / 02:18.196, 425Mb)
Load /work/output/en/assets/css/hl7.css                                                              (00:00.000 / 02:18.196, 425Mb)
Load /work/output/en/assets/css/bootstrap-fhir.css                                                   (00:00.000 / 02:18.197, 425Mb)
Load /work/output/en/assets/css/prism-fhirpath.css                                                   (00:00.000 / 02:18.197, 425Mb)
Load /work/output/en/assets/css/jquery-ui.css                                                        (00:00.000 / 02:18.198, 425Mb)
Load /work/output/en/assets/css/num-diz.css                                                          (00:00.000 / 02:18.198, 425Mb)
Load /work/output/en/assets/css/bootstrap-glyphicons.css                                             (00:00.000 / 02:18.199, 425Mb)
Load /work/output/en/assets/css/template-base.css                                                    (00:00.000 / 02:18.199, 425Mb)
Load /work/output/en/assets/css/prism.css                                                            (00:00.000 / 02:18.200, 425Mb)
Load /work/output/en/assets/css/jquery-ui.structure.min.css                                          (00:00.000 / 02:18.200, 425Mb)
Load /work/output/en/assets/css/pygments-manni.css                                                   (00:00.000 / 02:18.200, 425Mb)
Load /work/output/en/assets/css/project.css                                                          (00:00.000 / 02:18.201, 425Mb)
Load /work/output/en/assets/css/bootstrap-accessibility.css                                          (00:00.000 / 02:18.201, 425Mb)
.Load /work/output/en/assets/images/logo-num-diz-de.svg                                               (00:00.000 / 02:18.202, 425Mb)
Load /work/output/en/assets/images/icon_arrow_up.png                                                 (00:00.012 / 02:18.214, 434Mb)
Load /work/output/en/assets/images/deu.svg                                                           (00:00.000 / 02:18.214, 434Mb)
Load /work/output/en/assets/images/external.png                                                      (00:00.000 / 02:18.215, 434Mb)
Load /work/output/en/assets/images/fhir-logo-www.png                                                 (00:00.000 / 02:18.215, 435Mb)
Load /work/output/en/assets/images/download.png                                                      (00:00.000 / 02:18.216, 435Mb)
Load /work/output/en/assets/images/logo-en.svg                                                       (00:00.000 / 02:18.216, 435Mb)
Load /work/output/en/assets/images/link.svg                                                          (00:00.022 / 02:18.239, 452Mb)
Load /work/output/en/assets/images/dragon.png                                                        (00:00.000 / 02:18.239, 452Mb)
Load /work/output/en/assets/images/lang-es.png                                                       (00:00.000 / 02:18.240, 452Mb)
Load /work/output/en/assets/images/lang-de.png                                                       (00:00.000 / 02:18.240, 452Mb)
Load /work/output/en/assets/images/001.svg                                                           (00:00.000 / 02:18.240, 452Mb)
Load /work/output/en/assets/images/target.png                                                        (00:00.002 / 02:18.243, 454Mb)
Load /work/output/en/assets/images/fcp-logo.png                                                      (00:00.000 / 02:18.243, 454Mb)
Load /work/output/en/assets/images/lang-pt.png                                                       (00:00.000 / 02:18.243, 454Mb)
Load /work/output/en/assets/images/search.png                                                        (00:00.000 / 02:18.244, 454Mb)
Load /work/output/en/assets/images/lang-en.png                                                       (00:00.000 / 02:18.244, 454Mb)
Load /work/output/en/assets/images/lang-ja.png                                                       (00:00.000 / 02:18.244, 454Mb)
Load /work/output/en/assets/images/lang-kr.png                                                       (00:00.000 / 02:18.245, 454Mb)
Load /work/output/en/assets/images/logo_ansinew.jpg                                                  (00:00.000 / 02:18.246, 454Mb)
Load /work/output/en/assets/images/logo-de.svg                                                       (00:00.000 / 02:18.247, 454Mb)
Load /work/output/en/assets/images/lang-pt_BR.png                                                    (00:00.009 / 02:18.257, 465Mb)
Load /work/output/en/assets/images/lang-fr.png                                                       (00:00.000 / 02:18.257, 465Mb)
Load /work/output/en/assets/images/lang-ru.png                                                       (00:00.000 / 02:18.257, 465Mb)
Load /work/output/en/assets/images/lang-ar.png                                                       (00:00.000 / 02:18.258, 465Mb)
Load /work/output/en/assets/images/stripe.png                                                        (00:00.000 / 02:18.258, 465Mb)
Load /work/output/en/assets/images/hl7-logo-header.png                                               (00:00.000 / 02:18.258, 465Mb)
Load /work/output/en/assets/images/logo-num-diz-en.svg                                               (00:00.000 / 02:18.258, 465Mb)
Load /work/output/en/assets/images/lang-nl.png                                                       (00:00.006 / 02:18.265, 472Mb)
Load /work/output/en/assets/images/lang-zh.png                                                       (00:00.000 / 02:18.265, 472Mb)
Load /work/output/en/assets/images/lang-zh-TW.png                                                    (00:00.000 / 02:18.266, 472Mb)
Load /work/output/en/assets/images/icon_arrow_down.png                                               (00:00.000 / 02:18.266, 472Mb)
Load /work/output/en/assets/js/font-size-control.js                                                  (00:00.000 / 02:18.266, 472Mb)
Load /work/output/en/assets/js/html5shiv.js                                                          (00:00.000 / 02:18.267, 472Mb)
Load /work/output/en/assets/js/flags.js                                                              (00:00.000 / 02:18.267, 472Mb)
Load /work/output/en/assets/js/prism.js                                                              (00:00.000 / 02:18.267, 472Mb)
Load /work/output/en/assets/js/mermaid.js                                                            (00:00.000 / 02:18.268, 472Mb)
Load /work/output/en/assets/js/jquery-ui.min.js                                                      (00:00.000 / 02:18.268, 472Mb)
Load /work/output/en/assets/js/clipboard-btn.js                                                      (00:00.000 / 02:18.269, 472Mb)
Load /work/output/en/assets/js/respond.min.js                                                        (00:00.000 / 02:18.269, 472Mb)
Load /work/output/en/assets/js/prism-fhirpath.js                                                     (00:00.001 / 02:18.271, 472Mb)
Load /work/output/en/assets/js/xml.js                                                                (00:00.000 / 02:18.271, 473Mb)
Load /work/output/en/assets/js/window-hash.js                                                        (00:00.000 / 02:18.272, 473Mb)
Load /work/output/en/assets/js/back-to-top.js                                                        (00:00.000 / 02:18.272, 473Mb)
Load /work/output/en/assets/js/clipboard.min.js                                                      (00:00.000 / 02:18.273, 473Mb)
Load /work/output/en/assets/js/bootstrap-accessibility.min.js                                        (00:00.000 / 02:18.273, 473Mb)
Load /work/output/en/assets/js/tabs.js                                                               (00:00.000 / 02:18.274, 473Mb)
Load /work/output/en/assets/js/jquery-3.7.0.min.map                                                  (00:00.000 / 02:18.274, 473Mb)
Load /work/output/en/assets/js/mermaid-init.js                                                       (00:00.000 / 02:18.274, 473Mb)
Load /work/output/en/assets/js/bootstrap.min.js                                                      (00:00.000 / 02:18.275, 473Mb)
Load /work/output/en/assets/js/fhir-table-scripts.js                                                 (00:00.000 / 02:18.275, 473Mb)
Load /work/output/en/assets/js/anchor.min.js                                                         (00:00.000 / 02:18.275, 473Mb)
Load /work/output/en/assets/js/topofpage.js                                                          (00:00.000 / 02:18.275, 473Mb)
Load /work/output/en/assets/js/fhir.js                                                               (00:00.000 / 02:18.276, 473Mb)
Load /work/output/en/assets/js/readme.txt                                                            (00:00.000 / 02:18.276, 473Mb)
Load /work/output/en/assets/js/lang-redirects.js                                                     (00:00.000 / 02:18.276, 473Mb)
Load /work/output/en/assets/js/direction-management.js                                               (00:00.000 / 02:18.277, 473Mb)
Load /work/output/en/assets/js/anchor-hover.js                                                       (00:00.000 / 02:18.277, 473Mb)
Load /work/output/en/assets/js/jquery.js                                                             (00:00.000 / 02:18.277, 473Mb)
Load /work/output/en/assets/fonts/OpenSans-CondBold-webfont.svg                                      (00:00.000 / 02:18.278, 473Mb)
Load /work/output/en/assets/fonts/glyphiconshalflings-regular.otf                                    (00:00.027 / 02:18.305, 499Mb)
.Load /work/output/en/assets/fonts/OpenSans-CondLight-webfont.eot                                     (00:00.000 / 02:18.306, 499Mb)
Load /work/output/en/assets/fonts/glyphiconshalflings-regular.eot                                    (00:00.000 / 02:18.306, 499Mb)
Load /work/output/en/assets/fonts/OpenSans-CondLight-webfont.ttf                                     (00:00.000 / 02:18.307, 499Mb)
Load /work/output/en/assets/fonts/glyphiconshalflings-regular.ttf                                    (00:00.000 / 02:18.307, 499Mb)
Load /work/output/en/assets/fonts/OpenSans-CondLight-webfont.woff                                    (00:00.000 / 02:18.307, 499Mb)
Load /work/output/en/assets/fonts/glyphiconshalflings-regular.woff                                   (00:00.000 / 02:18.308, 499Mb)
Load /work/output/en/assets/fonts/OpenSans-CondBold-webfont.ttf                                      (00:00.000 / 02:18.308, 499Mb)
Load /work/output/en/assets/fonts/OpenSans-CondBold-webfont.woff                                     (00:00.000 / 02:18.308, 499Mb)
Load /work/output/en/assets/fonts/OpenSans-CondLight-webfont.svg                                     (00:00.000 / 02:18.309, 499Mb)
Load /work/output/en/assets/fonts/glyphiconshalflings-regular.svg                                    (00:00.032 / 02:18.341, 530Mb)
Load /work/output/en/assets/fonts/OpenSans-CondBold-webfont.eot                                      (00:00.013 / 02:18.355, 540Mb)
Load /work/output/en/assets/ico/icon-fhir-114.png                                                    (00:00.000 / 02:18.356, 540Mb)
Load /work/output/en/assets/ico/icon-fhir-72.png                                                     (00:00.000 / 02:18.356, 540Mb)
Load /work/output/en/assets/ico/icon-fhir-144.png                                                    (00:00.000 / 02:18.356, 540Mb)
Load /work/output/en/assets/ico/favicon.png                                                          (00:00.000 / 02:18.357, 540Mb)
Load /work/output/en/assets/ico/noun_copy to clipboard_1669410.png                                   (00:00.000 / 02:18.357, 540Mb)
Load /work/output/en/assets/ico/icon-fhir-57.png                                                     (00:00.000 / 02:18.358, 540Mb)
Load /work/output/en/tbl_bck101110.png                                                               (00:00.000 / 02:18.358, 540Mb)
Load /work/output/en/Provenance-55219d12-6245-4de4-8b50-ddf6f16a789b.xml                             (00:00.000 / 02:18.358, 540Mb)
Load /work/output/en/CodeSystem-mii-cs-consent-version-modules.change.history.html                   (00:00.000 / 02:18.359, 541Mb)
Load /work/output/en/tbl_bck05152.png                                                                (00:00.004 / 02:18.364, 545Mb)
Load /work/output/en/tbl_bck111101.png                                                               (00:00.000 / 02:18.364, 545Mb)
Load /work/output/en/tbl_bck0320.png                                                                 (00:00.000 / 02:18.365, 545Mb)
Load /work/output/en/icon-fhir-24.png                                                                (00:00.000 / 02:18.365, 545Mb)
Load /work/output/en/StructureDefinition-e0e166b4-0f77-478d-9062-de0034d98ce0.profile.xml.html       (00:00.000 / 02:18.365, 546Mb)
Load /work/output/en/tbl_bck1252400.png                                                              (00:00.438 / 02:18.804, 913Mb)
Load /work/output/en/tbl_bck01240.png                                                                (00:00.002 / 02:18.806, 913Mb)
Load /work/output/en/icon-q-string.png                                                               (00:00.000 / 02:18.807, 913Mb)
Load /work/output/en/tbl_bck0240.png                                                                 (00:00.000 / 02:18.807, 913Mb)
Load /work/output/en/SearchParameter-mii-sp-consent-provisiontype.json                               (00:00.000 / 02:18.808, 913Mb)
Load /work/output/en/tbl_bck0000000.png                                                              (00:00.000 / 02:18.808, 913Mb)
Load /work/output/en/CodeSystem-2.16.840.1.113883.3.1937.777.24.5.3--20251211153003.json.html        (00:00.000 / 02:18.809, 913Mb)
Load /work/output/en/tbl_bck00001110000.png                                                          (00:00.036 / 02:18.845, 947Mb)
Load /work/output/en/tbl_bck000011111110.png                                                         (00:00.000 / 02:18.845, 947Mb)
Load /work/output/en/CodeSystem-mii-cs-consent-version-modules.json                                  (00:00.000 / 02:18.846, 947Mb)
Load /work/output/en/tbl_bck04.png                                                                   (00:00.000 / 02:18.846, 947Mb)
Load /work/output/en/tbl_bck00001111.png                                                             (00:00.000 / 02:18.847, 947Mb)
Load /work/output/en/tbl_bck10.png                                                                   (00:00.000 / 02:18.847, 947Mb)
Load /work/output/en/SearchParameter-mii-sp-consent-provisioncodetype.change.history.html            (00:00.000 / 02:18.848, 947Mb)
Load /work/output/en/tbl_bck125110.png                                                               (00:00.004 / 02:18.853, 952Mb)
Load /work/output/en/tbl_bck11.png                                                                   (00:00.000 / 02:18.853, 952Mb)
Load /work/output/en/tbl_bck05.png                                                                   (00:00.000 / 02:18.853, 952Mb)
Load /work/output/en/ValueSet-2.16.840.1.113883.3.1937.777.24.11.36--20230331232804.md               (00:00.000 / 02:18.854, 952Mb)
Load /work/output/en/tbl_bck00001110.png                                                             (00:00.000 / 02:18.854, 952Mb)
Load /work/output/en/tbl_bck0010010.png                                                              (00:00.000 / 02:18.854, 952Mb)
Load /work/output/en/search-parameters.html                                                          (00:00.000 / 02:18.855, 952Mb)
Load /work/output/en/tbl_bck0110010.png                                                              (00:00.007 / 02:18.862, 959Mb)
Load /work/output/en/tbl_vline.png                                                                   (00:00.000 / 02:18.863, 959Mb)
Load /work/output/en/tbl_bck11250.png                                                                (00:00.000 / 02:18.863, 959Mb)
Load /work/output/en/Parameters-mii-param-consent-manifest.md                                        (00:00.000 / 02:18.864, 959Mb)
Load /work/output/en/ImplementationGuide-mii-ig-consent.html                                         (00:00.000 / 02:18.864, 959Mb)
Load /work/output/en/Consent-5143266b-8d60-4b28-8ee9-635140ffa5bb.xml.html                           (00:00.013 / 02:18.878, 974Mb)
Load /work/output/en/tbl_bck0241.png                                                                 (00:00.026 / 02:18.904, 1005Mb)
Load /work/output/en/icon_slice_item.png                                                             (00:00.000 / 02:18.905, 1005Mb)
Load /work/output/en/CodeSystem-2.16.840.1.113883.3.1937.777.24.5.2--20210423105554.change.history.html (00:00.000 / 02:18.905, 1005Mb)
Load /work/output/en/tbl_bck111100.png                                                               (00:00.004 / 02:18.910, 1010Mb)
Load /work/output/en/ValueSet-2.16.840.1.113883.3.1937.777.24.11.36--20230331232804.change.history.html (00:00.000 / 02:18.910, 1010Mb)
Load /work/output/en/tbl_bck011100.png                                                               (00:00.004 / 02:18.915, 1015Mb)
Load /work/output/en/code-systems.md                                                                 (00:00.000 / 02:18.915, 1015Mb)
Load /work/output/en/icon_page_n_p.gif                                                               (00:00.000 / 02:18.916, 1015Mb)
Load /work/output/en/tbl_vjoin_end.png                                                               (00:00.000 / 02:18.916, 1015Mb)
.Load /work/output/en/tbl_bck101111.png                                                               (00:00.000 / 02:18.916, 1015Mb)
Load /work/output/en/Parameters-mii-param-consent-manifest.xml.html                                  (00:00.000 / 02:18.917, 1015Mb)
Load /work/output/en/tbl_bck02400.png                                                                (00:00.009 / 02:18.926, 1Gb)
Load /work/output/en/tbl_bck10010.png                                                                (00:00.000 / 02:18.927, 1Gb)
Load /work/output/en/tbl_bck15140.png                                                                (00:00.000 / 02:18.927, 1Gb)
Load /work/output/en/icon_resource.png                                                               (00:00.000 / 02:18.927, 1Gb)
Load /work/output/en/StructureDefinition-56375452-bfa1-4111-af7c-5b5ba9a1857c.profile.xml.html       (00:00.000 / 02:18.928, 1Gb)
Load /work/output/en/tbl_bck00001.png                                                                (00:00.083 / 02:19.011, 1Gb)
Load /work/output/en/CodeSystem-2.16.840.1.113883.3.1937.777.24.5.3--20251211153003.json             (00:00.000 / 02:19.012, 1Gb)
Load /work/output/en/tbl_bck15424.png                                                                (00:00.000 / 02:19.012, 1Gb)
Load /work/output/en/tbl_bck1001.png                                                                 (00:00.000 / 02:19.013, 1Gb)
Load /work/output/en/icon_modifier_extension_complex.png                                             (00:00.000 / 02:19.013, 1Gb)
Load /work/output/en/tbl_bck000.png                                                                  (00:00.000 / 02:19.014, 1Gb)
Load /work/output/en/information-model_UML-Diagramm_MII-spez.png                                     (00:00.000 / 02:19.014, 1Gb)
Load /work/output/en/StructureDefinition-f675b1e8-9f3f-44e8-bb59-9681f78eb464.json                   (00:00.000 / 02:19.014, 1Gb)
Load /work/output/en/SearchParameter-mii-sp-consent-provisioncode.html                               (00:00.000 / 02:19.015, 1Gb)
Load /work/output/en/SearchParameter-mii-sp-consent-provisioncode.json.html                          (00:00.003 / 02:19.019, 1Gb)
Load /work/output/en/tbl_bck11252.png                                                                (00:00.004 / 02:19.023, 1Gb)
Load /work/output/en/ValueSet-2.16.840.1.113883.3.1937.777.24.11.30--20210323234509.change.history.html (00:00.000 / 02:19.023, 1Gb)
Load /work/output/en/tbl_bck13.png                                                                   (00:00.003 / 02:19.027, 1Gb)
Load /work/output/en/StructureDefinition-f675b1e8-9f3f-44e8-bb59-9681f78eb464-examples.html          (00:00.000 / 02:19.027, 1Gb)
Load /work/output/en/tbl_blank.png                                                                   (00:00.003 / 02:19.031, 1Gb)
Load /work/output/en/tbl_bck1410.png                                                                 (00:00.000 / 02:19.032, 1Gb)
Load /work/output/en/tbl_bck12.png                                                                   (00:00.000 / 02:19.032, 1Gb)
Load /work/output/en/icon-q-time.png                                                                 (00:00.000 / 02:19.033, 1Gb)
Load /work/output/en/tbl_bck01111001.png                                                             (00:00.000 / 02:19.033, 1Gb)
Load /work/output/en/icon-qi-horizontal.png                                                          (00:00.000 / 02:19.033, 1Gb)
Load /work/output/en/tbl_bck015.png                                                                  (00:00.000 / 02:19.034, 1Gb)
Load /work/output/en/tbl_bck001.png                                                                  (00:00.000 / 02:19.034, 1Gb)
Load /work/output/en/fhir.css                                                                        (00:00.000 / 02:19.034, 1Gb)
Load /work/output/en/Consent-5143266b-8d60-4b28-8ee9-635140ffa5bb.html                               (00:00.000 / 02:19.035, 1Gb)
Load /work/output/en/tbl_vline_slicer.png                                                            (00:00.010 / 02:19.046, 1Gb)
Load /work/output/en/Provenance-55219d12-6245-4de4-8b50-ddf6f16a789b.json.html                       (00:00.000 / 02:19.046, 1Gb)
Load /work/output/en/tbl_bck1000.png                                                                 (00:00.004 / 02:19.050, 1Gb)
Load /work/output/en/icon-fhir-32.png                                                                (00:00.000 / 02:19.051, 1Gb)
Load /work/output/en/tbl_bck05150.png                                                                (00:00.000 / 02:19.051, 1Gb)
Load /work/output/en/icon_q_item.png                                                                 (00:00.000 / 02:19.052, 1Gb)
Load /work/output/en/tbl_bck00000.png                                                                (00:00.000 / 02:19.052, 1Gb)
Load /work/output/en/tbl_bck12410.png                                                                (00:00.000 / 02:19.052, 1Gb)
Load /work/output/en/tbl_bck001112.png                                                               (00:00.000 / 02:19.053, 1Gb)
Load /work/output/en/tbl_bck10011.png                                                                (00:00.000 / 02:19.053, 1Gb)
Load /work/output/ValueSet-2.16.840.1.113883.3.1937.777.24.11.30--20210323234509.xlsx                (00:00.000 / 02:19.053, 1Gb)
Load /work/output/icon_page_n_c.gif                                                                  (00:00.000 / 02:19.054, 1Gb)
Load /work/output/tbl_bck111110.png                                                                  (00:00.000 / 02:19.054, 1Gb)
Load /work/output/valueset-ref-list.json                                                             (00:00.000 / 02:19.054, 1Gb)
Load /work/output/StructureDefinition-56375452-bfa1-4111-af7c-5b5ba9a1857c.json                      (00:00.000 / 02:19.055, 1Gb)
Load /work/output/tbl_bck011110.png                                                                  (00:00.000 / 02:19.055, 1Gb)
Load /work/output/Consent-5143266b-8d60-4b28-8ee9-635140ffa5bb.change.history.html                   (00:00.000 / 02:19.056, 1Gb)
Load /work/output/tbl_bck0331.png                                                                    (00:00.000 / 02:19.056, 1Gb)
Load /work/output/summary.png                                                                        (00:00.000 / 02:19.057, 1Gb)
Load /work/output/tbl_bck0251.png                                                                    (00:00.000 / 02:19.057, 1Gb)
Load /work/output/tbl_bck012.png                                                                     (00:00.000 / 02:19.058, 1Gb)
Load /work/output/icon-q-url.png                                                                     (00:00.000 / 02:19.058, 1Gb)
Load /work/output/version-history.html                                                               (00:00.000 / 02:19.058, 1Gb)
Load /work/output/tbl_bck11240.png                                                                   (00:00.000 / 02:19.059, 1Gb)
Load /work/output/tbl_bck125100.png                                                                  (00:00.000 / 02:19.059, 1Gb)
Load /work/output/tbl_bck01.png                                                                      (00:00.000 / 02:19.060, 1Gb)
Load /work/output/tbl_bck15.png                                                                      (00:00.000 / 02:19.060, 1Gb)
Load /work/output/icon-error.gif                                                                     (00:00.000 / 02:19.060, 1Gb)
Load /work/output/tbl_bck00001100.png                                                                (00:00.000 / 02:19.061, 1Gb)
Load /work/output/tbl_bck0010000.png                                                                 (00:00.000 / 02:19.061, 1Gb)
.Load /work/output/tbl_bck0110000.png                                                                 (00:00.000 / 02:19.062, 1Gb)
Load /work/output/tbl_bck14.png                                                                      (00:00.000 / 02:19.062, 1Gb)
Load /work/output/tbl_bck00.png                                                                      (00:00.000 / 02:19.062, 1Gb)
Load /work/output/tbl_bck000011111100.png                                                            (00:00.000 / 02:19.063, 1Gb)
Load /work/output/DocumentReference-8a3d1799-2463-405e-b49c-6a16c8692b01.html                        (00:00.000 / 02:19.063, 1Gb)
Load /work/output/CodeSystem-2.16.840.1.113883.3.1937.777.24.5.3--20251211153003.xml                 (00:00.000 / 02:19.064, 1Gb)
Load /work/output/tbl_bck0250.png                                                                    (00:00.007 / 02:19.071, 1Gb)
Load /work/output/tbl_bck0000010.png                                                                 (00:00.000 / 02:19.071, 1Gb)
Load /work/output/tbl_bck013.png                                                                     (00:00.000 / 02:19.072, 1Gb)
Load /work/output/tbl_bck00001110010.png                                                             (00:00.000 / 02:19.072, 1Gb)
Load /work/output/tbl_bck1252410.png                                                                 (00:00.000 / 02:19.073, 1Gb)
Load /work/output/tbl_bck01250.png                                                                   (00:00.000 / 02:19.073, 1Gb)
Load /work/output/tbl_bck0330.png                                                                    (00:00.000 / 02:19.073, 1Gb)
Load /work/output/icon-infrastructure.png                                                            (00:00.000 / 02:19.073, 1Gb)
Load /work/output/icon-qi-security.png                                                               (00:00.000 / 02:19.074, 1Gb)
Load /work/output/tbl_bck011111.png                                                                  (00:00.000 / 02:19.074, 1Gb)
Load /work/output/SearchParameter-mii-sp-consent-provisioncode.xml.html                              (00:00.000 / 02:19.075, 1Gb)
Load /work/output/ValueSet-2.16.840.1.113883.3.1937.777.24.11.30--20210323234509.html                (00:00.000 / 02:19.075, 1Gb)
Load /work/output/tbl_bck001100.png                                                                  (00:00.000 / 02:19.076, 1Gb)
Load /work/output/tbl_bck101100.png                                                                  (00:00.000 / 02:19.076, 1Gb)
Load /work/output/tbl_bck001110.png                                                                  (00:00.000 / 02:19.077, 1Gb)
Load /work/output/assets/css/xml.css                                                                 (00:00.000 / 02:19.077, 1Gb)
Load /work/output/assets/css/jquery-ui.theme.min.css                                                 (00:00.000 / 02:19.078, 1Gb)
Load /work/output/assets/css/cqf.css                                                                 (00:00.000 / 02:19.078, 1Gb)
Load /work/output/assets/css/mii.css                                                                 (00:00.000 / 02:19.079, 1Gb)
Load /work/output/assets/css/hl7.css                                                                 (00:00.000 / 02:19.079, 1Gb)
Load /work/output/assets/css/bootstrap-fhir.css                                                      (00:00.000 / 02:19.079, 1Gb)
Load /work/output/assets/css/prism-fhirpath.css                                                      (00:00.000 / 02:19.079, 1Gb)
Load /work/output/assets/css/jquery-ui.css                                                           (00:00.000 / 02:19.080, 1Gb)
Load /work/output/assets/css/num-diz.css                                                             (00:00.000 / 02:19.080, 1Gb)
Load /work/output/assets/css/bootstrap-glyphicons.css                                                (00:00.000 / 02:19.080, 1Gb)
Load /work/output/assets/css/template-base.css                                                       (00:00.000 / 02:19.081, 1Gb)
Load /work/output/assets/css/prism.css                                                               (00:00.000 / 02:19.081, 1Gb)
Load /work/output/assets/css/jquery-ui.structure.min.css                                             (00:00.000 / 02:19.082, 1Gb)
Load /work/output/assets/css/pygments-manni.css                                                      (00:00.000 / 02:19.082, 1Gb)
Load /work/output/assets/css/project.css                                                             (00:00.000 / 02:19.082, 1Gb)
Load /work/output/assets/css/bootstrap-accessibility.css                                             (00:00.000 / 02:19.083, 1Gb)
Load /work/output/assets/images/logo-num-diz-de.svg                                                  (00:00.000 / 02:19.083, 1Gb)
Load /work/output/assets/images/icon_arrow_up.png                                                    (00:00.006 / 02:19.090, 1Gb)
Load /work/output/assets/images/deu.svg                                                              (00:00.000 / 02:19.090, 1Gb)
Load /work/output/assets/images/external.png                                                         (00:00.000 / 02:19.090, 1Gb)
Load /work/output/assets/images/fhir-logo-www.png                                                    (00:00.000 / 02:19.091, 1Gb)
Load /work/output/assets/images/download.png                                                         (00:00.000 / 02:19.091, 1Gb)
Load /work/output/assets/images/logo-en.svg                                                          (00:00.000 / 02:19.091, 1Gb)
Load /work/output/assets/images/link.svg                                                             (00:00.012 / 02:19.104, 1Gb)
Load /work/output/assets/images/dragon.png                                                           (00:00.000 / 02:19.104, 1Gb)
Load /work/output/assets/images/lang-es.png                                                          (00:00.000 / 02:19.105, 1Gb)
Load /work/output/assets/images/lang-de.png                                                          (00:00.000 / 02:19.105, 1Gb)
Load /work/output/assets/images/001.svg                                                              (00:00.000 / 02:19.105, 1Gb)
Load /work/output/assets/images/target.png                                                           (00:00.001 / 02:19.107, 1Gb)
Load /work/output/assets/images/fcp-logo.png                                                         (00:00.000 / 02:19.108, 1Gb)
Load /work/output/assets/images/lang-pt.png                                                          (00:00.000 / 02:19.108, 1Gb)
Load /work/output/assets/images/search.png                                                           (00:00.000 / 02:19.108, 1Gb)
Load /work/output/assets/images/lang-en.png                                                          (00:00.000 / 02:19.109, 1Gb)
Load /work/output/assets/images/lang-ja.png                                                          (00:00.000 / 02:19.109, 1Gb)
Load /work/output/assets/images/lang-kr.png                                                          (00:00.000 / 02:19.109, 1Gb)
Load /work/output/assets/images/logo_ansinew.jpg                                                     (00:00.000 / 02:19.110, 1Gb)
Load /work/output/assets/images/logo-de.svg                                                          (00:00.000 / 02:19.110, 1Gb)
Load /work/output/assets/images/lang-pt_BR.png                                                       (00:00.007 / 02:19.117, 1Gb)
Load /work/output/assets/images/lang-fr.png                                                          (00:00.000 / 02:19.118, 1Gb)
Load /work/output/assets/images/lang-ru.png                                                          (00:00.000 / 02:19.118, 1Gb)
.Load /work/output/assets/images/lang-ar.png                                                          (00:00.000 / 02:19.118, 1Gb)
Load /work/output/assets/images/stripe.png                                                           (00:00.000 / 02:19.119, 1Gb)
Load /work/output/assets/images/hl7-logo-header.png                                                  (00:00.000 / 02:19.119, 1Gb)
Load /work/output/assets/images/logo-num-diz-en.svg                                                  (00:00.000 / 02:19.119, 1Gb)
Load /work/output/assets/images/lang-nl.png                                                          (00:00.010 / 02:19.129, 428Mb)
Load /work/output/assets/images/lang-zh.png                                                          (00:00.000 / 02:19.130, 428Mb)
Load /work/output/assets/images/lang-zh-TW.png                                                       (00:00.000 / 02:19.130, 428Mb)
Load /work/output/assets/images/icon_arrow_down.png                                                  (00:00.000 / 02:19.131, 428Mb)
Load /work/output/assets/js/font-size-control.js                                                     (00:00.000 / 02:19.131, 428Mb)
Load /work/output/assets/js/html5shiv.js                                                             (00:00.000 / 02:19.131, 428Mb)
Load /work/output/assets/js/flags.js                                                                 (00:00.000 / 02:19.132, 428Mb)
Load /work/output/assets/js/prism.js                                                                 (00:00.000 / 02:19.132, 428Mb)
Load /work/output/assets/js/mermaid.js                                                               (00:00.000 / 02:19.133, 428Mb)
Load /work/output/assets/js/jquery-ui.min.js                                                         (00:00.000 / 02:19.133, 428Mb)
Load /work/output/assets/js/clipboard-btn.js                                                         (00:00.000 / 02:19.134, 428Mb)
Load /work/output/assets/js/respond.min.js                                                           (00:00.000 / 02:19.134, 428Mb)
Load /work/output/assets/js/prism-fhirpath.js                                                        (00:00.000 / 02:19.134, 428Mb)
Load /work/output/assets/js/xml.js                                                                   (00:00.000 / 02:19.135, 428Mb)
Load /work/output/assets/js/window-hash.js                                                           (00:00.000 / 02:19.135, 428Mb)
Load /work/output/assets/js/back-to-top.js                                                           (00:00.000 / 02:19.136, 428Mb)
Load /work/output/assets/js/clipboard.min.js                                                         (00:00.000 / 02:19.136, 428Mb)
Load /work/output/assets/js/bootstrap-accessibility.min.js                                           (00:00.000 / 02:19.136, 428Mb)
Load /work/output/assets/js/tabs.js                                                                  (00:00.000 / 02:19.137, 428Mb)
Load /work/output/assets/js/jquery-3.7.0.min.map                                                     (00:00.000 / 02:19.137, 428Mb)
Load /work/output/assets/js/mermaid-init.js                                                          (00:00.000 / 02:19.138, 428Mb)
Load /work/output/assets/js/bootstrap.min.js                                                         (00:00.000 / 02:19.138, 428Mb)
Load /work/output/assets/js/fhir-table-scripts.js                                                    (00:00.000 / 02:19.138, 428Mb)
Load /work/output/assets/js/anchor.min.js                                                            (00:00.000 / 02:19.139, 428Mb)
Load /work/output/assets/js/topofpage.js                                                             (00:00.000 / 02:19.139, 428Mb)
Load /work/output/assets/js/fhir.js                                                                  (00:00.000 / 02:19.139, 428Mb)
Load /work/output/assets/js/readme.txt                                                               (00:00.000 / 02:19.140, 428Mb)
Load /work/output/assets/js/lang-redirects.js                                                        (00:00.000 / 02:19.140, 428Mb)
Load /work/output/assets/js/direction-management.js                                                  (00:00.000 / 02:19.140, 428Mb)
Load /work/output/assets/js/anchor-hover.js                                                          (00:00.000 / 02:19.141, 428Mb)
Load /work/output/assets/js/jquery.js                                                                (00:00.000 / 02:19.141, 428Mb)
Load /work/output/assets/fonts/OpenSans-CondBold-webfont.svg                                         (00:00.000 / 02:19.141, 428Mb)
Load /work/output/assets/fonts/glyphiconshalflings-regular.otf                                       (00:00.016 / 02:19.157, 454Mb)
Load /work/output/assets/fonts/OpenSans-CondLight-webfont.eot                                        (00:00.000 / 02:19.158, 454Mb)
Load /work/output/assets/fonts/glyphiconshalflings-regular.eot                                       (00:00.000 / 02:19.158, 454Mb)
Load /work/output/assets/fonts/OpenSans-CondLight-webfont.ttf                                        (00:00.000 / 02:19.159, 455Mb)
Load /work/output/assets/fonts/glyphiconshalflings-regular.ttf                                       (00:00.000 / 02:19.159, 455Mb)
Load /work/output/assets/fonts/OpenSans-CondLight-webfont.woff                                       (00:00.000 / 02:19.159, 455Mb)
Load /work/output/assets/fonts/glyphiconshalflings-regular.woff                                      (00:00.000 / 02:19.160, 455Mb)
Load /work/output/assets/fonts/OpenSans-CondBold-webfont.ttf                                         (00:00.000 / 02:19.160, 455Mb)
Load /work/output/assets/fonts/OpenSans-CondBold-webfont.woff                                        (00:00.000 / 02:19.161, 455Mb)
Load /work/output/assets/fonts/OpenSans-CondLight-webfont.svg                                        (00:00.000 / 02:19.161, 455Mb)
Load /work/output/assets/fonts/glyphiconshalflings-regular.svg                                       (00:00.018 / 02:19.180, 486Mb)
Load /work/output/assets/fonts/OpenSans-CondBold-webfont.eot                                         (00:00.007 / 02:19.187, 496Mb)
Load /work/output/assets/ico/icon-fhir-114.png                                                       (00:00.000 / 02:19.188, 496Mb)
Load /work/output/assets/ico/icon-fhir-72.png                                                        (00:00.000 / 02:19.188, 496Mb)
Load /work/output/assets/ico/icon-fhir-144.png                                                       (00:00.000 / 02:19.188, 496Mb)
Load /work/output/assets/ico/favicon.png                                                             (00:00.000 / 02:19.189, 496Mb)
Load /work/output/assets/ico/noun_copy to clipboard_1669410.png                                      (00:00.000 / 02:19.189, 496Mb)
Load /work/output/assets/ico/icon-fhir-57.png                                                        (00:00.000 / 02:19.190, 496Mb)
Load /work/output/tbl_bck101110.png                                                                  (00:00.000 / 02:19.190, 496Mb)
Load /work/output/Provenance-55219d12-6245-4de4-8b50-ddf6f16a789b.xml                                (00:00.000 / 02:19.190, 496Mb)
Load /work/output/CodeSystem-mii-cs-consent-version-modules.change.history.html                      (00:00.000 / 02:19.191, 496Mb)
Load /work/output/tbl_bck05152.png                                                                   (00:00.000 / 02:19.192, 497Mb)
Load /work/output/tbl_bck111101.png                                                                  (00:00.000 / 02:19.192, 497Mb)
Load /work/output/tbl_bck0320.png                                                                    (00:00.000 / 02:19.192, 497Mb)
Load /work/output/icon-fhir-24.png                                                                   (00:00.000 / 02:19.193, 497Mb)
.Load /work/output/StructureDefinition-e0e166b4-0f77-478d-9062-de0034d98ce0.profile.xml.html          (00:00.000 / 02:19.193, 497Mb)
Load /work/output/tbl_bck1252400.png                                                                 (00:00.001 / 02:19.194, 497Mb)
Load /work/output/tbl_bck01240.png                                                                   (00:00.000 / 02:19.195, 497Mb)
Load /work/output/icon-q-string.png                                                                  (00:00.000 / 02:19.195, 497Mb)
Load /work/output/tbl_bck0240.png                                                                    (00:00.000 / 02:19.195, 497Mb)
Load /work/output/SearchParameter-mii-sp-consent-provisiontype.json                                  (00:00.000 / 02:19.196, 497Mb)
Load /work/output/tbl_bck0000000.png                                                                 (00:00.000 / 02:19.196, 497Mb)
Load /work/output/CodeSystem-2.16.840.1.113883.3.1937.777.24.5.3--20251211153003.json.html           (00:00.000 / 02:19.196, 497Mb)
Load /work/output/tbl_bck00001110000.png                                                             (00:00.000 / 02:19.197, 497Mb)
Load /work/output/tbl_bck000011111110.png                                                            (00:00.000 / 02:19.197, 497Mb)
Load /work/output/CodeSystem-mii-cs-consent-version-modules.json                                     (00:00.000 / 02:19.198, 497Mb)
Load /work/output/expansions.xml.zip                                                                 (00:00.000 / 02:19.198, 497Mb)
Load /work/output/tbl_bck04.png                                                                      (00:00.000 / 02:19.199, 497Mb)
Load /work/output/tbl_bck00001111.png                                                                (00:00.000 / 02:19.199, 497Mb)
Load /work/output/tbl_bck10.png                                                                      (00:00.000 / 02:19.199, 497Mb)
Load /work/output/SearchParameter-mii-sp-consent-provisioncodetype.change.history.html               (00:00.000 / 02:19.199, 497Mb)
Load /work/output/tbl_bck125110.png                                                                  (00:00.000 / 02:19.200, 497Mb)
Load /work/output/tbl_bck11.png                                                                      (00:00.000 / 02:19.200, 497Mb)
Load /work/output/tbl_bck05.png                                                                      (00:00.000 / 02:19.201, 497Mb)
Load /work/output/tbl_bck00001110.png                                                                (00:00.000 / 02:19.201, 497Mb)
Load /work/output/tbl_bck0010010.png                                                                 (00:00.000 / 02:19.201, 497Mb)
Load /work/output/search-parameters.html                                                             (00:00.000 / 02:19.202, 497Mb)
Load /work/output/tbl_bck0110010.png                                                                 (00:00.000 / 02:19.202, 497Mb)
Load /work/output/tbl_vline.png                                                                      (00:00.000 / 02:19.203, 497Mb)
Load /work/output/tbl_bck11250.png                                                                   (00:00.000 / 02:19.203, 497Mb)
Load /work/output/ImplementationGuide-mii-ig-consent.html                                            (00:00.000 / 02:19.203, 497Mb)
Load /work/output/Consent-5143266b-8d60-4b28-8ee9-635140ffa5bb.xml.html                              (00:00.000 / 02:19.204, 498Mb)
Load /work/output/excels.zip                                                                         (00:00.000 / 02:19.205, 498Mb)
Load /work/output/tbl_bck0241.png                                                                    (00:00.000 / 02:19.205, 498Mb)
Load /work/output/all-profiles.xlsx                                                                  (00:00.000 / 02:19.206, 498Mb)
Load /work/output/icon_slice_item.png                                                                (00:00.000 / 02:19.206, 498Mb)
Load /work/output/expansions.json.zip                                                                (00:00.000 / 02:19.206, 498Mb)
Load /work/output/CodeSystem-2.16.840.1.113883.3.1937.777.24.5.2--20210423105554.change.history.html (00:00.000 / 02:19.207, 498Mb)
Load /work/output/tbl_bck111100.png                                                                  (00:00.000 / 02:19.207, 498Mb)
Load /work/output/ValueSet-2.16.840.1.113883.3.1937.777.24.11.36--20230331232804.change.history.html (00:00.000 / 02:19.207, 498Mb)
Load /work/output/tbl_bck011100.png                                                                  (00:00.000 / 02:19.208, 498Mb)
Load /work/output/icon_page_n_p.gif                                                                  (00:00.000 / 02:19.208, 498Mb)
Load /work/output/tbl_vjoin_end.png                                                                  (00:00.000 / 02:19.209, 498Mb)
Load /work/output/tbl_bck101111.png                                                                  (00:00.000 / 02:19.209, 498Mb)
Load /work/output/Parameters-mii-param-consent-manifest.xml.html                                     (00:00.000 / 02:19.209, 498Mb)
Load /work/output/tbl_bck02400.png                                                                   (00:00.000 / 02:19.210, 498Mb)
Load /work/output/tbl_bck10010.png                                                                   (00:00.000 / 02:19.210, 498Mb)
Load /work/output/tbl_bck15140.png                                                                   (00:00.000 / 02:19.210, 498Mb)
Load /work/output/icon_resource.png                                                                  (00:00.000 / 02:19.211, 498Mb)
Load /work/output/StructureDefinition-56375452-bfa1-4111-af7c-5b5ba9a1857c.profile.xml.html          (00:00.000 / 02:19.211, 498Mb)
Load /work/output/tbl_bck00001.png                                                                   (00:00.000 / 02:19.212, 498Mb)
Load /work/output/CodeSystem-2.16.840.1.113883.3.1937.777.24.5.3--20251211153003.json                (00:00.000 / 02:19.212, 498Mb)
Load /work/output/tbl_bck15424.png                                                                   (00:00.000 / 02:19.212, 498Mb)
Load /work/output/tbl_bck1001.png                                                                    (00:00.000 / 02:19.213, 498Mb)
Load /work/output/icon_modifier_extension_complex.png                                                (00:00.000 / 02:19.213, 498Mb)
Load /work/output/tbl_bck000.png                                                                     (00:00.000 / 02:19.213, 498Mb)
Load /work/output/information-model_UML-Diagramm_MII-spez.png                                        (00:00.000 / 02:19.214, 498Mb)
Load /work/output/StructureDefinition-f675b1e8-9f3f-44e8-bb59-9681f78eb464.json                      (00:00.000 / 02:19.214, 498Mb)
Load /work/output/SearchParameter-mii-sp-consent-provisioncode.html                                  (00:00.000 / 02:19.214, 498Mb)
Load /work/output/SearchParameter-mii-sp-consent-provisioncode.json.html                             (00:00.000 / 02:19.215, 499Mb)
Load /work/output/tbl_bck11252.png                                                                   (00:00.000 / 02:19.216, 499Mb)
Load /work/output/ValueSet-2.16.840.1.113883.3.1937.777.24.11.30--20210323234509.change.history.html (00:00.000 / 02:19.216, 499Mb)
Load /work/output/tbl_bck13.png                                                                      (00:00.000 / 02:19.217, 499Mb)
Load /work/output/StructureDefinition-f675b1e8-9f3f-44e8-bb59-9681f78eb464-examples.html             (00:00.000 / 02:19.217, 499Mb)
Load /work/output/tbl_blank.png                                                                      (00:00.000 / 02:19.217, 499Mb)
Load /work/output/package.r4b.manifest.json                                                          (00:00.000 / 02:19.218, 499Mb)
.Load /work/output/tbl_bck1410.png                                                                    (00:00.000 / 02:19.218, 499Mb)
Load /work/output/tbl_bck12.png                                                                      (00:00.000 / 02:19.218, 499Mb)
Load /work/output/icon-q-time.png                                                                    (00:00.000 / 02:19.218, 499Mb)
Load /work/output/tbl_bck01111001.png                                                                (00:00.000 / 02:19.219, 499Mb)
Load /work/output/icon-qi-horizontal.png                                                             (00:00.000 / 02:19.219, 499Mb)
Load /work/output/tbl_bck015.png                                                                     (00:00.000 / 02:19.219, 499Mb)
Load /work/output/tbl_bck001.png                                                                     (00:00.000 / 02:19.220, 499Mb)
Load /work/output/fhir.css                                                                           (00:00.000 / 02:19.220, 499Mb)
Load /work/output/valueset-ref-list.csv                                                              (00:00.000 / 02:19.220, 499Mb)
Load /work/output/Consent-5143266b-8d60-4b28-8ee9-635140ffa5bb.html                                  (00:00.000 / 02:19.221, 499Mb)
Load /work/output/tbl_vline_slicer.png                                                               (00:00.000 / 02:19.221, 499Mb)
Load /work/output/csvs.zip                                                                           (00:00.000 / 02:19.221, 499Mb)
Load /work/output/Provenance-55219d12-6245-4de4-8b50-ddf6f16a789b.json.html                          (00:00.000 / 02:19.222, 499Mb)
Load /work/output/tbl_bck1000.png                                                                    (00:00.000 / 02:19.222, 499Mb)
Load /work/output/icon-fhir-32.png                                                                   (00:00.000 / 02:19.223, 499Mb)
Load /work/output/sub-package-list.json                                                              (00:00.000 / 02:19.223, 499Mb)
Load /work/output/tbl_bck05150.png                                                                   (00:00.000 / 02:19.223, 499Mb)
Load /work/output/icon_q_item.png                                                                    (00:00.000 / 02:19.223, 499Mb)
Load /work/output/tbl_bck00000.png                                                                   (00:00.000 / 02:19.224, 499Mb)
Load /work/output/tbl_bck12410.png                                                                   (00:00.000 / 02:19.224, 499Mb)
Load /work/output/tbl_bck001112.png                                                                  (00:00.000 / 02:19.224, 499Mb)
Load /work/output/observations-summary.xlsx                                                          (00:00.000 / 02:19.225, 499Mb)
Load /work/output/tbl_bck10011.png                                                                   (00:00.000 / 02:19.225, 499Mb)

Checking Resources                                                                                   (00:00.000 / 02:19.225, 499Mb)
Checking Files                                                                                       (00:00.074 / 02:19.300, 523Mb)
Check /work/output/CapabilityStatement-mii-cap-consent-server-testing.html                           (00:00.003 / 02:19.303, 523Mb)
Check /work/output/CapabilityStatement-mii-cap-consent-server.change.history.html                    (00:00.008 / 02:19.311, 523Mb)
Check /work/output/CapabilityStatement-mii-cap-consent-server.html                                   (00:00.001 / 02:19.313, 523Mb)
Check /work/output/CapabilityStatement-mii-cap-consent-server.json                                   (00:00.000 / 02:19.313, 523Mb)
Check /work/output/CapabilityStatement-mii-cap-consent-server.json.html                              (00:00.001 / 02:19.315, 523Mb)
Check /work/output/CapabilityStatement-mii-cap-consent-server.xml                                    (00:00.000 / 02:19.316, 523Mb)
Check /work/output/CapabilityStatement-mii-cap-consent-server.xml.html                               (00:00.000 / 02:19.316, 523Mb)
Check /work/output/CodeSystem-2.16.840.1.113883.3.1937.777.24.5.2--20210423105554-testing.html       (00:00.000 / 02:19.317, 523Mb)
Check /work/output/CodeSystem-2.16.840.1.113883.3.1937.777.24.5.2--20210423105554.change.history.html (00:00.000 / 02:19.318, 524Mb)
Check /work/output/CodeSystem-2.16.840.1.113883.3.1937.777.24.5.2--20210423105554.html               (00:00.000 / 02:19.318, 524Mb)
Check /work/output/CodeSystem-2.16.840.1.113883.3.1937.777.24.5.2--20210423105554.json               (00:00.000 / 02:19.319, 524Mb)
Check /work/output/CodeSystem-2.16.840.1.113883.3.1937.777.24.5.2--20210423105554.json.html          (00:00.000 / 02:19.319, 524Mb)
Check /work/output/CodeSystem-2.16.840.1.113883.3.1937.777.24.5.2--20210423105554.xlsx               (00:00.000 / 02:19.320, 524Mb)
Check /work/output/CodeSystem-2.16.840.1.113883.3.1937.777.24.5.2--20210423105554.xml                (00:00.000 / 02:19.321, 524Mb)
Check /work/output/CodeSystem-2.16.840.1.113883.3.1937.777.24.5.2--20210423105554.xml.html           (00:00.000 / 02:19.321, 524Mb)
Check /work/output/CodeSystem-2.16.840.1.113883.3.1937.777.24.5.3--20251211153003-testing.html       (00:00.000 / 02:19.322, 524Mb)
Check /work/output/CodeSystem-2.16.840.1.113883.3.1937.777.24.5.3--20251211153003.change.history.html (00:00.000 / 02:19.323, 524Mb)
Check /work/output/CodeSystem-2.16.840.1.113883.3.1937.777.24.5.3--20251211153003.html               (00:00.001 / 02:19.324, 525Mb)
Check /work/output/CodeSystem-2.16.840.1.113883.3.1937.777.24.5.3--20251211153003.json               (00:00.000 / 02:19.325, 525Mb)
Check /work/output/CodeSystem-2.16.840.1.113883.3.1937.777.24.5.3--20251211153003.json.html          (00:00.000 / 02:19.326, 525Mb)
Check /work/output/CodeSystem-2.16.840.1.113883.3.1937.777.24.5.3--20251211153003.xlsx               (00:00.000 / 02:19.327, 525Mb)
Check /work/output/CodeSystem-2.16.840.1.113883.3.1937.777.24.5.3--20251211153003.xml                (00:00.000 / 02:19.327, 525Mb)
Check /work/output/CodeSystem-2.16.840.1.113883.3.1937.777.24.5.3--20251211153003.xml.html           (00:00.000 / 02:19.328, 525Mb)
Check /work/output/CodeSystem-mii-cs-consent-version-modules-testing.html                            (00:00.000 / 02:19.328, 526Mb)
Check /work/output/CodeSystem-mii-cs-consent-version-modules.change.history.html                     (00:00.000 / 02:19.329, 526Mb)
Check /work/output/CodeSystem-mii-cs-consent-version-modules.html                                    (00:00.000 / 02:19.329, 526Mb)
Check /work/output/CodeSystem-mii-cs-consent-version-modules.json                                    (00:00.000 / 02:19.330, 526Mb)
Check /work/output/CodeSystem-mii-cs-consent-version-modules.json.html                               (00:00.000 / 02:19.330, 526Mb)
Check /work/output/CodeSystem-mii-cs-consent-version-modules.xlsx                                    (00:00.000 / 02:19.331, 526Mb)
Check /work/output/CodeSystem-mii-cs-consent-version-modules.xml                                     (00:00.000 / 02:19.331, 526Mb)
Check /work/output/CodeSystem-mii-cs-consent-version-modules.xml.html                                (00:00.000 / 02:19.332, 526Mb)
Check /work/output/Consent-34150a23-b1c8-404f-874f-e042a30435d2.change.history.html                  (00:00.000 / 02:19.332, 527Mb)
Check /work/output/Consent-34150a23-b1c8-404f-874f-e042a30435d2.html                                 (00:00.000 / 02:19.333, 527Mb)
Check /work/output/Consent-34150a23-b1c8-404f-874f-e042a30435d2.json                                 (00:00.000 / 02:19.333, 527Mb)
Check /work/output/Consent-34150a23-b1c8-404f-874f-e042a30435d2.json.html                            (00:00.000 / 02:19.334, 527Mb)
Check /work/output/Consent-34150a23-b1c8-404f-874f-e042a30435d2.xml                                  (00:00.000 / 02:19.334, 527Mb)
Check /work/output/Consent-34150a23-b1c8-404f-874f-e042a30435d2.xml.html                             (00:00.000 / 02:19.335, 527Mb)
Check /work/output/Consent-5143266b-8d60-4b28-8ee9-635140ffa5bb.change.history.html                  (00:00.000 / 02:19.335, 527Mb)
Check /work/output/Consent-5143266b-8d60-4b28-8ee9-635140ffa5bb.html                                 (00:00.000 / 02:19.336, 527Mb)
Check /work/output/Consent-5143266b-8d60-4b28-8ee9-635140ffa5bb.json                                 (00:00.000 / 02:19.337, 527Mb)
Check /work/output/Consent-5143266b-8d60-4b28-8ee9-635140ffa5bb.json.html                            (00:00.000 / 02:19.337, 528Mb)
Check /work/output/Consent-5143266b-8d60-4b28-8ee9-635140ffa5bb.xml                                  (00:00.000 / 02:19.337, 528Mb)
Check /work/output/Consent-5143266b-8d60-4b28-8ee9-635140ffa5bb.xml.html                             (00:00.000 / 02:19.338, 528Mb)
Check /work/output/Consent-89f494a3-cd75-44f5-a78a-581dfdd47a94.change.history.html                  (00:00.000 / 02:19.338, 528Mb)
Check /work/output/Consent-89f494a3-cd75-44f5-a78a-581dfdd47a94.html                                 (00:00.000 / 02:19.339, 529Mb)
Check /work/output/Consent-89f494a3-cd75-44f5-a78a-581dfdd47a94.json                                 (00:00.000 / 02:19.339, 529Mb)
Check /work/output/Consent-89f494a3-cd75-44f5-a78a-581dfdd47a94.json.html                            (00:00.000 / 02:19.340, 529Mb)
Check /work/output/Consent-89f494a3-cd75-44f5-a78a-581dfdd47a94.xml                                  (00:00.000 / 02:19.340, 529Mb)
Check /work/output/Consent-89f494a3-cd75-44f5-a78a-581dfdd47a94.xml.html                             (00:00.000 / 02:19.341, 529Mb)
Check /work/output/Consent-Example-MII-Consent-ResultType-document.change.history.html               (00:00.000 / 02:19.341, 529Mb)
Check /work/output/Consent-Example-MII-Consent-ResultType-document.html                              (00:00.000 / 02:19.342, 529Mb)
Check /work/output/Consent-Example-MII-Consent-ResultType-document.json                              (00:00.000 / 02:19.343, 529Mb)
Check /work/output/Consent-Example-MII-Consent-ResultType-document.json.html                         (00:00.000 / 02:19.343, 529Mb)
Check /work/output/Consent-Example-MII-Consent-ResultType-document.xml                               (00:00.000 / 02:19.344, 530Mb)
Check /work/output/Consent-Example-MII-Consent-ResultType-document.xml.html                          (00:00.000 / 02:19.344, 530Mb)
Check /work/output/DocumentReference-8a3d1799-2463-405e-b49c-6a16c8692b01.change.history.html        (00:00.000 / 02:19.345, 530Mb)
Check /work/output/DocumentReference-8a3d1799-2463-405e-b49c-6a16c8692b01.html                       (00:00.000 / 02:19.345, 530Mb)
Check /work/output/DocumentReference-8a3d1799-2463-405e-b49c-6a16c8692b01.json                       (00:00.000 / 02:19.346, 530Mb)
Check /work/output/DocumentReference-8a3d1799-2463-405e-b49c-6a16c8692b01.json.html                  (00:00.000 / 02:19.346, 530Mb)
Check /work/output/DocumentReference-8a3d1799-2463-405e-b49c-6a16c8692b01.xml                        (00:00.000 / 02:19.347, 530Mb)
Check /work/output/DocumentReference-8a3d1799-2463-405e-b49c-6a16c8692b01.xml.html                   (00:00.000 / 02:19.347, 530Mb)
Check /work/output/ImplementationGuide-mii-ig-consent.html                                           (00:00.000 / 02:19.348, 530Mb)
.Check /work/output/ImplementationGuide-mii-ig-consent.json                                           (00:00.000 / 02:19.348, 530Mb)
Check /work/output/ImplementationGuide-mii-ig-consent.xml                                            (00:00.000 / 02:19.349, 530Mb)
Check /work/output/MII-KDS_de_Consent.jpg                                                            (00:00.000 / 02:19.349, 530Mb)
Check /work/output/Parameters-mii-param-consent-manifest.change.history.html                         (00:00.000 / 02:19.350, 531Mb)
Check /work/output/Parameters-mii-param-consent-manifest.html                                        (00:00.000 / 02:19.351, 532Mb)
Check /work/output/Parameters-mii-param-consent-manifest.json                                        (00:00.000 / 02:19.351, 532Mb)
Check /work/output/Parameters-mii-param-consent-manifest.json.html                                   (00:00.000 / 02:19.351, 532Mb)
Check /work/output/Parameters-mii-param-consent-manifest.xml                                         (00:00.000 / 02:19.352, 532Mb)
Check /work/output/Parameters-mii-param-consent-manifest.xml.html                                    (00:00.000 / 02:19.352, 532Mb)
Check /work/output/Provenance-55219d12-6245-4de4-8b50-ddf6f16a789b.change.history.html               (00:00.000 / 02:19.353, 532Mb)
Check /work/output/Provenance-55219d12-6245-4de4-8b50-ddf6f16a789b.html                              (00:00.000 / 02:19.353, 532Mb)
Check /work/output/Provenance-55219d12-6245-4de4-8b50-ddf6f16a789b.json                              (00:00.000 / 02:19.354, 532Mb)
Check /work/output/Provenance-55219d12-6245-4de4-8b50-ddf6f16a789b.json.html                         (00:00.000 / 02:19.354, 532Mb)
Check /work/output/Provenance-55219d12-6245-4de4-8b50-ddf6f16a789b.xml                               (00:00.000 / 02:19.354, 533Mb)
Check /work/output/Provenance-55219d12-6245-4de4-8b50-ddf6f16a789b.xml.html                          (00:00.000 / 02:19.355, 533Mb)
Check /work/output/SearchParameter-mii-sp-consent-policyuri-testing.html                             (00:00.000 / 02:19.355, 533Mb)
Check /work/output/SearchParameter-mii-sp-consent-policyuri.change.history.html                      (00:00.000 / 02:19.356, 533Mb)
Check /work/output/SearchParameter-mii-sp-consent-policyuri.html                                     (00:00.000 / 02:19.356, 533Mb)
Check /work/output/SearchParameter-mii-sp-consent-policyuri.json                                     (00:00.000 / 02:19.357, 533Mb)
Check /work/output/SearchParameter-mii-sp-consent-policyuri.json.html                                (00:00.000 / 02:19.357, 533Mb)
Check /work/output/SearchParameter-mii-sp-consent-policyuri.xml                                      (00:00.000 / 02:19.357, 533Mb)
Check /work/output/SearchParameter-mii-sp-consent-policyuri.xml.html                                 (00:00.000 / 02:19.358, 533Mb)
Check /work/output/SearchParameter-mii-sp-consent-provisioncode-testing.html                         (00:00.000 / 02:19.358, 533Mb)
Check /work/output/SearchParameter-mii-sp-consent-provisioncode.change.history.html                  (00:00.000 / 02:19.359, 533Mb)
Check /work/output/SearchParameter-mii-sp-consent-provisioncode.html                                 (00:00.000 / 02:19.359, 534Mb)
Check /work/output/SearchParameter-mii-sp-consent-provisioncode.json                                 (00:00.000 / 02:19.360, 534Mb)
Check /work/output/SearchParameter-mii-sp-consent-provisioncode.json.html                            (00:00.000 / 02:19.360, 534Mb)
Check /work/output/SearchParameter-mii-sp-consent-provisioncode.xml                                  (00:00.000 / 02:19.360, 534Mb)
Check /work/output/SearchParameter-mii-sp-consent-provisioncode.xml.html                             (00:00.000 / 02:19.361, 534Mb)
Check /work/output/SearchParameter-mii-sp-consent-provisioncodeperiod-testing.html                   (00:00.000 / 02:19.361, 534Mb)
Check /work/output/SearchParameter-mii-sp-consent-provisioncodeperiod.change.history.html            (00:00.000 / 02:19.362, 534Mb)
Check /work/output/SearchParameter-mii-sp-consent-provisioncodeperiod.html                           (00:00.000 / 02:19.362, 534Mb)
Check /work/output/SearchParameter-mii-sp-consent-provisioncodeperiod.json                           (00:00.000 / 02:19.362, 534Mb)
Check /work/output/SearchParameter-mii-sp-consent-provisioncodeperiod.json.html                      (00:00.000 / 02:19.363, 534Mb)
Check /work/output/SearchParameter-mii-sp-consent-provisioncodeperiod.xml                            (00:00.000 / 02:19.363, 535Mb)
Check /work/output/SearchParameter-mii-sp-consent-provisioncodeperiod.xml.html                       (00:00.000 / 02:19.364, 535Mb)
Check /work/output/SearchParameter-mii-sp-consent-provisioncodetype-testing.html                     (00:00.000 / 02:19.364, 535Mb)
Check /work/output/SearchParameter-mii-sp-consent-provisioncodetype.change.history.html              (00:00.000 / 02:19.364, 535Mb)
Check /work/output/SearchParameter-mii-sp-consent-provisioncodetype.html                             (00:00.000 / 02:19.365, 535Mb)
Check /work/output/SearchParameter-mii-sp-consent-provisioncodetype.json                             (00:00.000 / 02:19.365, 535Mb)
Check /work/output/SearchParameter-mii-sp-consent-provisioncodetype.json.html                        (00:00.000 / 02:19.366, 535Mb)
Check /work/output/SearchParameter-mii-sp-consent-provisioncodetype.xml                              (00:00.000 / 02:19.366, 535Mb)
Check /work/output/SearchParameter-mii-sp-consent-provisioncodetype.xml.html                         (00:00.000 / 02:19.367, 535Mb)
Check /work/output/SearchParameter-mii-sp-consent-provisionperiod-testing.html                       (00:00.000 / 02:19.367, 535Mb)
Check /work/output/SearchParameter-mii-sp-consent-provisionperiod.change.history.html                (00:00.000 / 02:19.367, 536Mb)
Check /work/output/SearchParameter-mii-sp-consent-provisionperiod.html                               (00:00.000 / 02:19.368, 536Mb)
Check /work/output/SearchParameter-mii-sp-consent-provisionperiod.json                               (00:00.000 / 02:19.368, 536Mb)
Check /work/output/SearchParameter-mii-sp-consent-provisionperiod.json.html                          (00:00.000 / 02:19.369, 536Mb)
Check /work/output/SearchParameter-mii-sp-consent-provisionperiod.xml                                (00:00.000 / 02:19.369, 536Mb)
Check /work/output/SearchParameter-mii-sp-consent-provisionperiod.xml.html                           (00:00.000 / 02:19.369, 536Mb)
Check /work/output/SearchParameter-mii-sp-consent-provisiontype-testing.html                         (00:00.000 / 02:19.370, 536Mb)
Check /work/output/SearchParameter-mii-sp-consent-provisiontype.change.history.html                  (00:00.000 / 02:19.370, 536Mb)
Check /work/output/SearchParameter-mii-sp-consent-provisiontype.html                                 (00:00.000 / 02:19.371, 536Mb)
Check /work/output/SearchParameter-mii-sp-consent-provisiontype.json                                 (00:00.000 / 02:19.371, 537Mb)
Check /work/output/SearchParameter-mii-sp-consent-provisiontype.json.html                            (00:00.000 / 02:19.371, 537Mb)
Check /work/output/SearchParameter-mii-sp-consent-provisiontype.xml                                  (00:00.000 / 02:19.372, 537Mb)
Check /work/output/SearchParameter-mii-sp-consent-provisiontype.xml.html                             (00:00.000 / 02:19.372, 537Mb)
Check /work/output/StructureDefinition-56375452-bfa1-4111-af7c-5b5ba9a1857c-definitions.html         (00:00.000 / 02:19.373, 537Mb)
Check /work/output/StructureDefinition-56375452-bfa1-4111-af7c-5b5ba9a1857c-examples.html            (00:00.000 / 02:19.373, 537Mb)
Check /work/output/StructureDefinition-56375452-bfa1-4111-af7c-5b5ba9a1857c-intro.md                 (00:00.000 / 02:19.374, 537Mb)
Check /work/output/StructureDefinition-56375452-bfa1-4111-af7c-5b5ba9a1857c-mappings.html            (00:00.000 / 02:19.374, 537Mb)
.Check /work/output/StructureDefinition-56375452-bfa1-4111-af7c-5b5ba9a1857c-testing.html             (00:00.000 / 02:19.374, 537Mb)
Check /work/output/StructureDefinition-56375452-bfa1-4111-af7c-5b5ba9a1857c.csv                      (00:00.000 / 02:19.375, 537Mb)
Check /work/output/StructureDefinition-56375452-bfa1-4111-af7c-5b5ba9a1857c.html                     (00:00.000 / 02:19.375, 537Mb)
Check /work/output/StructureDefinition-56375452-bfa1-4111-af7c-5b5ba9a1857c.json                     (00:00.000 / 02:19.376, 538Mb)
Check /work/output/StructureDefinition-56375452-bfa1-4111-af7c-5b5ba9a1857c.profile.history.html     (00:00.000 / 02:19.376, 538Mb)
Check /work/output/StructureDefinition-56375452-bfa1-4111-af7c-5b5ba9a1857c.profile.json.html        (00:00.000 / 02:19.377, 538Mb)
Check /work/output/StructureDefinition-56375452-bfa1-4111-af7c-5b5ba9a1857c.profile.xml.html         (00:00.000 / 02:19.377, 538Mb)
Check /work/output/StructureDefinition-56375452-bfa1-4111-af7c-5b5ba9a1857c.sch                      (00:00.000 / 02:19.378, 538Mb)
Check /work/output/StructureDefinition-56375452-bfa1-4111-af7c-5b5ba9a1857c.xlsx                     (00:00.000 / 02:19.378, 538Mb)
Check /work/output/StructureDefinition-56375452-bfa1-4111-af7c-5b5ba9a1857c.xml                      (00:00.000 / 02:19.378, 539Mb)
Check /work/output/StructureDefinition-e0e166b4-0f77-478d-9062-de0034d98ce0-definitions.html         (00:00.000 / 02:19.379, 539Mb)
Check /work/output/StructureDefinition-e0e166b4-0f77-478d-9062-de0034d98ce0-examples.html            (00:00.000 / 02:19.379, 539Mb)
Check /work/output/StructureDefinition-e0e166b4-0f77-478d-9062-de0034d98ce0-intro.md                 (00:00.000 / 02:19.380, 539Mb)
Check /work/output/StructureDefinition-e0e166b4-0f77-478d-9062-de0034d98ce0-mappings.html            (00:00.000 / 02:19.380, 539Mb)
Check /work/output/StructureDefinition-e0e166b4-0f77-478d-9062-de0034d98ce0-testing.html             (00:00.000 / 02:19.380, 539Mb)
Check /work/output/StructureDefinition-e0e166b4-0f77-478d-9062-de0034d98ce0.csv                      (00:00.000 / 02:19.381, 540Mb)
Check /work/output/StructureDefinition-e0e166b4-0f77-478d-9062-de0034d98ce0.html                     (00:00.000 / 02:19.381, 540Mb)
Check /work/output/StructureDefinition-e0e166b4-0f77-478d-9062-de0034d98ce0.json                     (00:00.000 / 02:19.382, 540Mb)
Check /work/output/StructureDefinition-e0e166b4-0f77-478d-9062-de0034d98ce0.profile.history.html     (00:00.006 / 02:19.389, 429Mb)
Check /work/output/StructureDefinition-e0e166b4-0f77-478d-9062-de0034d98ce0.profile.json.html        (00:00.002 / 02:19.391, 429Mb)
Check /work/output/StructureDefinition-e0e166b4-0f77-478d-9062-de0034d98ce0.profile.xml.html         (00:00.001 / 02:19.392, 429Mb)
Check /work/output/StructureDefinition-e0e166b4-0f77-478d-9062-de0034d98ce0.sch                      (00:00.002 / 02:19.394, 429Mb)
Check /work/output/StructureDefinition-e0e166b4-0f77-478d-9062-de0034d98ce0.xlsx                     (00:00.000 / 02:19.395, 429Mb)
Check /work/output/StructureDefinition-e0e166b4-0f77-478d-9062-de0034d98ce0.xml                      (00:00.001 / 02:19.396, 429Mb)
Check /work/output/StructureDefinition-f675b1e8-9f3f-44e8-bb59-9681f78eb464-definitions.html         (00:00.003 / 02:19.399, 434Mb)
Check /work/output/StructureDefinition-f675b1e8-9f3f-44e8-bb59-9681f78eb464-examples.html            (00:00.003 / 02:19.403, 434Mb)
Check /work/output/StructureDefinition-f675b1e8-9f3f-44e8-bb59-9681f78eb464-intro.md                 (00:00.001 / 02:19.404, 434Mb)
Check /work/output/StructureDefinition-f675b1e8-9f3f-44e8-bb59-9681f78eb464-mappings.html            (00:00.000 / 02:19.405, 434Mb)
Check /work/output/StructureDefinition-f675b1e8-9f3f-44e8-bb59-9681f78eb464-testing.html             (00:00.000 / 02:19.406, 434Mb)
Check /work/output/StructureDefinition-f675b1e8-9f3f-44e8-bb59-9681f78eb464.csv                      (00:00.000 / 02:19.406, 434Mb)
Check /work/output/StructureDefinition-f675b1e8-9f3f-44e8-bb59-9681f78eb464.html                     (00:00.000 / 02:19.407, 434Mb)
Check /work/output/StructureDefinition-f675b1e8-9f3f-44e8-bb59-9681f78eb464.json                     (00:00.000 / 02:19.408, 435Mb)
Check /work/output/StructureDefinition-f675b1e8-9f3f-44e8-bb59-9681f78eb464.profile.history.html     (00:00.000 / 02:19.409, 435Mb)
Check /work/output/StructureDefinition-f675b1e8-9f3f-44e8-bb59-9681f78eb464.profile.json.html        (00:00.000 / 02:19.410, 435Mb)
Check /work/output/StructureDefinition-f675b1e8-9f3f-44e8-bb59-9681f78eb464.profile.xml.html         (00:00.000 / 02:19.410, 435Mb)
Check /work/output/StructureDefinition-f675b1e8-9f3f-44e8-bb59-9681f78eb464.sch                      (00:00.000 / 02:19.411, 435Mb)
Check /work/output/StructureDefinition-f675b1e8-9f3f-44e8-bb59-9681f78eb464.xlsx                     (00:00.000 / 02:19.411, 435Mb)
Check /work/output/StructureDefinition-f675b1e8-9f3f-44e8-bb59-9681f78eb464.xml                      (00:00.000 / 02:19.412, 435Mb)
Check /work/output/ValueSet-2.16.840.1.113883.3.1937.777.24.11.30--20210323234509-testing.html       (00:00.000 / 02:19.412, 436Mb)
Check /work/output/ValueSet-2.16.840.1.113883.3.1937.777.24.11.30--20210323234509.change.history.html (00:00.006 / 02:19.419, 437Mb)
Check /work/output/ValueSet-2.16.840.1.113883.3.1937.777.24.11.30--20210323234509.html               (00:00.000 / 02:19.419, 437Mb)
Check /work/output/ValueSet-2.16.840.1.113883.3.1937.777.24.11.30--20210323234509.json               (00:00.000 / 02:19.420, 437Mb)
Check /work/output/ValueSet-2.16.840.1.113883.3.1937.777.24.11.30--20210323234509.json.html          (00:00.000 / 02:19.420, 437Mb)
Check /work/output/ValueSet-2.16.840.1.113883.3.1937.777.24.11.30--20210323234509.xlsx               (00:00.000 / 02:19.421, 437Mb)
Check /work/output/ValueSet-2.16.840.1.113883.3.1937.777.24.11.30--20210323234509.xml                (00:00.000 / 02:19.421, 437Mb)
Check /work/output/ValueSet-2.16.840.1.113883.3.1937.777.24.11.30--20210323234509.xml.html           (00:00.000 / 02:19.422, 437Mb)
Check /work/output/ValueSet-2.16.840.1.113883.3.1937.777.24.11.36--20230331232804-testing.html       (00:00.000 / 02:19.422, 437Mb)
Check /work/output/ValueSet-2.16.840.1.113883.3.1937.777.24.11.36--20230331232804.change.history.html (00:00.000 / 02:19.423, 437Mb)
Check /work/output/ValueSet-2.16.840.1.113883.3.1937.777.24.11.36--20230331232804.html               (00:00.000 / 02:19.423, 437Mb)
Check /work/output/ValueSet-2.16.840.1.113883.3.1937.777.24.11.36--20230331232804.json               (00:00.000 / 02:19.424, 438Mb)
Check /work/output/ValueSet-2.16.840.1.113883.3.1937.777.24.11.36--20230331232804.json.html          (00:00.000 / 02:19.424, 438Mb)
Check /work/output/ValueSet-2.16.840.1.113883.3.1937.777.24.11.36--20230331232804.xlsx               (00:00.000 / 02:19.425, 438Mb)
Check /work/output/ValueSet-2.16.840.1.113883.3.1937.777.24.11.36--20230331232804.xml                (00:00.000 / 02:19.425, 438Mb)
Check /work/output/ValueSet-2.16.840.1.113883.3.1937.777.24.11.36--20230331232804.xml.html           (00:00.000 / 02:19.426, 438Mb)
Check /work/output/ValueSet-88464c5b-5338-4c2b-9c07-b42fef2ada64-testing.html                        (00:00.000 / 02:19.426, 438Mb)
Check /work/output/ValueSet-88464c5b-5338-4c2b-9c07-b42fef2ada64.change.history.html                 (00:00.000 / 02:19.427, 438Mb)
Check /work/output/ValueSet-88464c5b-5338-4c2b-9c07-b42fef2ada64.html                                (00:00.001 / 02:19.428, 438Mb)
Check /work/output/ValueSet-88464c5b-5338-4c2b-9c07-b42fef2ada64.json                                (00:00.001 / 02:19.429, 439Mb)
Check /work/output/ValueSet-88464c5b-5338-4c2b-9c07-b42fef2ada64.json.html                           (00:00.000 / 02:19.430, 439Mb)
Check /work/output/ValueSet-88464c5b-5338-4c2b-9c07-b42fef2ada64.xlsx                                (00:00.000 / 02:19.430, 439Mb)
Check /work/output/ValueSet-88464c5b-5338-4c2b-9c07-b42fef2ada64.xml                                 (00:00.000 / 02:19.431, 439Mb)
.Check /work/output/ValueSet-88464c5b-5338-4c2b-9c07-b42fef2ada64.xml.html                            (00:00.000 / 02:19.431, 439Mb)
Check /work/output/alert.jpg                                                                         (00:00.000 / 02:19.432, 439Mb)
Check /work/output/all-profiles.csv                                                                  (00:00.000 / 02:19.432, 439Mb)
Check /work/output/all-profiles.xlsx                                                                 (00:00.001 / 02:19.433, 440Mb)
Check /work/output/artifacts.html                                                                    (00:00.001 / 02:19.435, 440Mb)
Check /work/output/assets/css/bootstrap-accessibility.css                                            (00:00.000 / 02:19.435, 440Mb)
Check /work/output/assets/css/bootstrap-fhir.css                                                     (00:00.000 / 02:19.436, 440Mb)
Check /work/output/assets/css/bootstrap-glyphicons.css                                               (00:00.001 / 02:19.437, 441Mb)
Check /work/output/assets/css/cqf.css                                                                (00:00.000 / 02:19.437, 441Mb)
Check /work/output/assets/css/hl7.css                                                                (00:00.000 / 02:19.438, 441Mb)
Check /work/output/assets/css/jquery-ui.css                                                          (00:00.000 / 02:19.438, 441Mb)
Check /work/output/assets/css/jquery-ui.structure.min.css                                            (00:00.000 / 02:19.439, 442Mb)
Check /work/output/assets/css/jquery-ui.theme.min.css                                                (00:00.000 / 02:19.439, 442Mb)
Check /work/output/assets/css/mii.css                                                                (00:00.000 / 02:19.439, 442Mb)
Check /work/output/assets/css/num-diz.css                                                            (00:00.000 / 02:19.440, 442Mb)
Check /work/output/assets/css/prism-fhirpath.css                                                     (00:00.000 / 02:19.440, 442Mb)
Check /work/output/assets/css/prism.css                                                              (00:00.000 / 02:19.440, 442Mb)
Check /work/output/assets/css/project.css                                                            (00:00.000 / 02:19.441, 442Mb)
Check /work/output/assets/css/pygments-manni.css                                                     (00:00.000 / 02:19.441, 442Mb)
Check /work/output/assets/css/template-base.css                                                      (00:00.000 / 02:19.441, 442Mb)
Check /work/output/assets/css/xml.css                                                                (00:00.000 / 02:19.442, 442Mb)
Check /work/output/assets/fonts/OpenSans-CondBold-webfont.eot                                        (00:00.000 / 02:19.442, 442Mb)
Check /work/output/assets/fonts/OpenSans-CondBold-webfont.svg                                        (00:00.001 / 02:19.444, 442Mb)
Check /work/output/assets/fonts/OpenSans-CondBold-webfont.ttf                                        (00:00.024 / 02:19.469, 459Mb)
Check /work/output/assets/fonts/OpenSans-CondBold-webfont.woff                                       (00:00.001 / 02:19.470, 459Mb)
Check /work/output/assets/fonts/OpenSans-CondLight-webfont.eot                                       (00:00.000 / 02:19.470, 460Mb)
Check /work/output/assets/fonts/OpenSans-CondLight-webfont.svg                                       (00:00.000 / 02:19.471, 460Mb)
Check /work/output/assets/fonts/OpenSans-CondLight-webfont.ttf                                       (00:00.029 / 02:19.501, 481Mb)
Check /work/output/assets/fonts/OpenSans-CondLight-webfont.woff                                      (00:00.001 / 02:19.503, 481Mb)
Check /work/output/assets/fonts/glyphiconshalflings-regular.eot                                      (00:00.001 / 02:19.504, 481Mb)
Check /work/output/assets/fonts/glyphiconshalflings-regular.otf                                      (00:00.002 / 02:19.506, 482Mb)
Check /work/output/assets/fonts/glyphiconshalflings-regular.svg                                      (00:00.001 / 02:19.508, 482Mb)
Check /work/output/assets/fonts/glyphiconshalflings-regular.ttf                                      (00:00.011 / 02:19.519, 487Mb)
Check /work/output/assets/fonts/glyphiconshalflings-regular.woff                                     (00:00.001 / 02:19.521, 488Mb)
Check /work/output/assets/ico/favicon.png                                                            (00:00.000 / 02:19.521, 488Mb)
Check /work/output/assets/ico/icon-fhir-114.png                                                      (00:00.000 / 02:19.522, 488Mb)
Check /work/output/assets/ico/icon-fhir-144.png                                                      (00:00.000 / 02:19.523, 488Mb)
Check /work/output/assets/ico/icon-fhir-57.png                                                       (00:00.001 / 02:19.524, 489Mb)
Check /work/output/assets/ico/icon-fhir-72.png                                                       (00:00.000 / 02:19.525, 489Mb)
Check /work/output/assets/ico/noun_copy to clipboard_1669410.png                                     (00:00.000 / 02:19.526, 489Mb)
Check /work/output/assets/images/001.svg                                                             (00:00.000 / 02:19.526, 489Mb)
Check /work/output/assets/images/deu.svg                                                             (00:00.002 / 02:19.529, 490Mb)
Check /work/output/assets/images/download.png                                                        (00:00.000 / 02:19.530, 490Mb)
Check /work/output/assets/images/dragon.png                                                          (00:00.000 / 02:19.530, 490Mb)
Check /work/output/assets/images/external.png                                                        (00:00.001 / 02:19.532, 490Mb)
Check /work/output/assets/images/fcp-logo.png                                                        (00:00.000 / 02:19.533, 490Mb)
Check /work/output/assets/images/fhir-logo-www.png                                                   (00:00.001 / 02:19.534, 491Mb)
Check /work/output/assets/images/hl7-logo-header.png                                                 (00:00.000 / 02:19.535, 491Mb)
Check /work/output/assets/images/icon_arrow_down.png                                                 (00:00.000 / 02:19.535, 491Mb)
Check /work/output/assets/images/icon_arrow_up.png                                                   (00:00.000 / 02:19.536, 491Mb)
Check /work/output/assets/images/lang-ar.png                                                         (00:00.000 / 02:19.536, 491Mb)
Check /work/output/assets/images/lang-de.png                                                         (00:00.000 / 02:19.537, 491Mb)
Check /work/output/assets/images/lang-en.png                                                         (00:00.000 / 02:19.537, 491Mb)
Check /work/output/assets/images/lang-es.png                                                         (00:00.000 / 02:19.538, 491Mb)
Check /work/output/assets/images/lang-fr.png                                                         (00:00.000 / 02:19.538, 491Mb)
Check /work/output/assets/images/lang-ja.png                                                         (00:00.000 / 02:19.538, 491Mb)
Check /work/output/assets/images/lang-kr.png                                                         (00:00.000 / 02:19.539, 491Mb)
Check /work/output/assets/images/lang-nl.png                                                         (00:00.000 / 02:19.539, 491Mb)
Check /work/output/assets/images/lang-pt.png                                                         (00:00.000 / 02:19.540, 491Mb)
Check /work/output/assets/images/lang-pt_BR.png                                                      (00:00.000 / 02:19.540, 491Mb)
Check /work/output/assets/images/lang-ru.png                                                         (00:00.000 / 02:19.540, 491Mb)
.Check /work/output/assets/images/lang-zh-TW.png                                                      (00:00.000 / 02:19.541, 491Mb)
Check /work/output/assets/images/lang-zh.png                                                         (00:00.000 / 02:19.541, 491Mb)
Check /work/output/assets/images/link.svg                                                            (00:00.000 / 02:19.542, 491Mb)
Check /work/output/assets/images/logo-de.svg                                                         (00:00.000 / 02:19.542, 491Mb)
Check /work/output/assets/images/logo-en.svg                                                         (00:00.006 / 02:19.549, 497Mb)
Check /work/output/assets/images/logo-num-diz-de.svg                                                 (00:00.010 / 02:19.560, 506Mb)
Check /work/output/assets/images/logo-num-diz-en.svg                                                 (00:00.008 / 02:19.568, 512Mb)
Check /work/output/assets/images/logo_ansinew.jpg                                                    (00:00.005 / 02:19.574, 516Mb)
Check /work/output/assets/images/search.png                                                          (00:00.000 / 02:19.574, 516Mb)
Check /work/output/assets/images/stripe.png                                                          (00:00.000 / 02:19.575, 516Mb)
Check /work/output/assets/images/target.png                                                          (00:00.000 / 02:19.575, 516Mb)
Check /work/output/assets/js/anchor-hover.js                                                         (00:00.000 / 02:19.576, 516Mb)
Check /work/output/assets/js/anchor.min.js                                                           (00:00.000 / 02:19.576, 516Mb)
Check /work/output/assets/js/back-to-top.js                                                          (00:00.000 / 02:19.576, 516Mb)
Check /work/output/assets/js/bootstrap-accessibility.min.js                                          (00:00.000 / 02:19.577, 516Mb)
Check /work/output/assets/js/bootstrap.min.js                                                        (00:00.000 / 02:19.577, 516Mb)
Check /work/output/assets/js/clipboard-btn.js                                                        (00:00.001 / 02:19.579, 516Mb)
Check /work/output/assets/js/clipboard.min.js                                                        (00:00.000 / 02:19.579, 516Mb)
Check /work/output/assets/js/direction-management.js                                                 (00:00.000 / 02:19.580, 516Mb)
Check /work/output/assets/js/fhir-table-scripts.js                                                   (00:00.000 / 02:19.580, 516Mb)
Check /work/output/assets/js/fhir.js                                                                 (00:00.000 / 02:19.580, 516Mb)
Check /work/output/assets/js/flags.js                                                                (00:00.000 / 02:19.581, 516Mb)
Check /work/output/assets/js/font-size-control.js                                                    (00:00.000 / 02:19.581, 516Mb)
Check /work/output/assets/js/html5shiv.js                                                            (00:00.000 / 02:19.581, 516Mb)
Check /work/output/assets/js/jquery-3.7.0.min.map                                                    (00:00.000 / 02:19.582, 516Mb)
Check /work/output/assets/js/jquery-ui.min.js                                                        (00:00.000 / 02:19.583, 516Mb)
Check /work/output/assets/js/jquery.js                                                               (00:00.000 / 02:19.583, 516Mb)
Check /work/output/assets/js/lang-redirects.js                                                       (00:00.000 / 02:19.584, 517Mb)
Check /work/output/assets/js/mermaid-init.js                                                         (00:00.000 / 02:19.584, 517Mb)
Check /work/output/assets/js/mermaid.js                                                              (00:00.000 / 02:19.585, 517Mb)
Check /work/output/assets/js/prism-fhirpath.js                                                       (00:00.022 / 02:19.607, 541Mb)
Check /work/output/assets/js/prism.js                                                                (00:00.000 / 02:19.608, 541Mb)
Check /work/output/assets/js/readme.txt                                                              (00:00.002 / 02:19.610, 543Mb)
Check /work/output/assets/js/respond.min.js                                                          (00:00.000 / 02:19.611, 543Mb)
Check /work/output/assets/js/tabs.js                                                                 (00:00.000 / 02:19.611, 543Mb)
Check /work/output/assets/js/topofpage.js                                                            (00:00.002 / 02:19.614, 543Mb)
Check /work/output/assets/js/window-hash.js                                                          (00:00.000 / 02:19.614, 543Mb)
Check /work/output/assets/js/xml.js                                                                  (00:00.000 / 02:19.615, 543Mb)
Check /work/output/canonicals.json                                                                   (00:00.000 / 02:19.615, 543Mb)
Check /work/output/capability-statements.html                                                        (00:00.000 / 02:19.616, 543Mb)
Check /work/output/cc0.png                                                                           (00:00.000 / 02:19.617, 543Mb)
Check /work/output/changes.html                                                                      (00:00.000 / 02:19.617, 543Mb)
Check /work/output/code-systems.html                                                                 (00:00.003 / 02:19.621, 543Mb)
Check /work/output/codesystem-list.csv                                                               (00:00.000 / 02:19.622, 543Mb)
Check /work/output/codesystem-list.json                                                              (00:00.000 / 02:19.622, 543Mb)
Check /work/output/codesystem-ref-all-list.csv                                                       (00:00.000 / 02:19.623, 543Mb)
Check /work/output/codesystem-ref-all-list.json                                                      (00:00.000 / 02:19.623, 543Mb)
Check /work/output/codesystem-ref-list.csv                                                           (00:00.000 / 02:19.624, 544Mb)
Check /work/output/codesystem-ref-list.json                                                          (00:00.000 / 02:19.624, 544Mb)
Check /work/output/csvs.zip                                                                          (00:00.000 / 02:19.624, 544Mb)
Check /work/output/de.medizininformatikinitiative.kerndatensatz.consent.de.manifest.json             (00:00.001 / 02:19.626, 544Mb)
Check /work/output/de.medizininformatikinitiative.kerndatensatz.consent.de.tgz                       (00:00.000 / 02:19.626, 544Mb)
Check /work/output/de.medizininformatikinitiative.kerndatensatz.consent.en.manifest.json             (00:00.001 / 02:19.627, 545Mb)
Check /work/output/de.medizininformatikinitiative.kerndatensatz.consent.en.tgz                       (00:00.001 / 02:19.629, 545Mb)
Check /work/output/de/CapabilityStatement-mii-cap-consent-server-testing.html                        (00:00.001 / 02:19.630, 545Mb)
Check /work/output/de/CapabilityStatement-mii-cap-consent-server.change.history.html                 (00:00.019 / 02:19.650, 554Mb)
Check /work/output/de/CapabilityStatement-mii-cap-consent-server.html                                (00:00.011 / 02:19.661, 561Mb)
Check /work/output/de/CapabilityStatement-mii-cap-consent-server.json                                (00:00.026 / 02:19.688, 578Mb)
Check /work/output/de/CapabilityStatement-mii-cap-consent-server.json.html                           (00:00.002 / 02:19.690, 578Mb)
Check /work/output/de/CapabilityStatement-mii-cap-consent-server.md                                  (00:00.021 / 02:19.711, 603Mb)
Check /work/output/de/CapabilityStatement-mii-cap-consent-server.xml                                 (00:00.001 / 02:19.713, 603Mb)
.Check /work/output/de/CapabilityStatement-mii-cap-consent-server.xml.html                            (00:00.001 / 02:19.714, 603Mb)
Check /work/output/de/CodeSystem-2.16.840.1.113883.3.1937.777.24.5.2--20210423105554-testing.html    (00:00.034 / 02:19.748, 628Mb)
Check /work/output/de/CodeSystem-2.16.840.1.113883.3.1937.777.24.5.2--20210423105554.change.history.html (00:00.010 / 02:19.758, 636Mb)
Check /work/output/de/CodeSystem-2.16.840.1.113883.3.1937.777.24.5.2--20210423105554.html            (00:00.007 / 02:19.766, 642Mb)
Check /work/output/de/CodeSystem-2.16.840.1.113883.3.1937.777.24.5.2--20210423105554.json            (00:00.016 / 02:19.783, 650Mb)
Check /work/output/de/CodeSystem-2.16.840.1.113883.3.1937.777.24.5.2--20210423105554.json.html       (00:00.005 / 02:19.788, 650Mb)
Check /work/output/de/CodeSystem-2.16.840.1.113883.3.1937.777.24.5.2--20210423105554.md              (00:00.019 / 02:19.808, 667Mb)
Check /work/output/de/CodeSystem-2.16.840.1.113883.3.1937.777.24.5.2--20210423105554.xml             (00:00.002 / 02:19.811, 667Mb)
Check /work/output/de/CodeSystem-2.16.840.1.113883.3.1937.777.24.5.2--20210423105554.xml.html        (00:00.005 / 02:19.816, 667Mb)
Check /work/output/de/CodeSystem-2.16.840.1.113883.3.1937.777.24.5.3--20251211153003-testing.html    (00:00.020 / 02:19.837, 680Mb)
Check /work/output/de/CodeSystem-2.16.840.1.113883.3.1937.777.24.5.3--20251211153003.change.history.html (00:00.009 / 02:19.846, 687Mb)
Check /work/output/de/CodeSystem-2.16.840.1.113883.3.1937.777.24.5.3--20251211153003.html            (00:00.008 / 02:19.854, 694Mb)
Check /work/output/de/CodeSystem-2.16.840.1.113883.3.1937.777.24.5.3--20251211153003.json            (00:00.019 / 02:19.873, 722Mb)
Check /work/output/de/CodeSystem-2.16.840.1.113883.3.1937.777.24.5.3--20251211153003.json.html       (00:00.001 / 02:19.875, 722Mb)
Check /work/output/de/CodeSystem-2.16.840.1.113883.3.1937.777.24.5.3--20251211153003.md              (00:00.051 / 02:19.926, 837Mb)
Check /work/output/de/CodeSystem-2.16.840.1.113883.3.1937.777.24.5.3--20251211153003.xml             (00:00.002 / 02:19.928, 837Mb)
Check /work/output/de/CodeSystem-2.16.840.1.113883.3.1937.777.24.5.3--20251211153003.xml.html        (00:00.001 / 02:19.929, 837Mb)
Check /work/output/de/CodeSystem-mii-cs-consent-version-modules-testing.html                         (00:00.044 / 02:19.974, 918Mb)
Check /work/output/de/CodeSystem-mii-cs-consent-version-modules.change.history.html                  (00:00.004 / 02:19.979, 925Mb)
Check /work/output/de/CodeSystem-mii-cs-consent-version-modules.html                                 (00:00.004 / 02:19.983, 931Mb)
Check /work/output/de/CodeSystem-mii-cs-consent-version-modules.json                                 (00:00.008 / 02:19.992, 947Mb)
Check /work/output/de/CodeSystem-mii-cs-consent-version-modules.json.html                            (00:00.001 / 02:19.994, 947Mb)
Check /work/output/de/CodeSystem-mii-cs-consent-version-modules.md                                   (00:00.016 / 02:20.010, 999Mb)
Check /work/output/de/CodeSystem-mii-cs-consent-version-modules.xml                                  (00:00.000 / 02:20.011, 999Mb)
Check /work/output/de/CodeSystem-mii-cs-consent-version-modules.xml.html                             (00:00.000 / 02:20.012, 999Mb)
Check /work/output/de/Consent-34150a23-b1c8-404f-874f-e042a30435d2.change.history.html               (00:00.015 / 02:20.028, 1Gb)
Check /work/output/de/Consent-34150a23-b1c8-404f-874f-e042a30435d2.html                              (00:00.003 / 02:20.031, 1Gb)
Check /work/output/de/Consent-34150a23-b1c8-404f-874f-e042a30435d2.json                              (00:00.008 / 02:20.040, 1Gb)
Check /work/output/de/Consent-34150a23-b1c8-404f-874f-e042a30435d2.json.html                         (00:00.001 / 02:20.042, 1Gb)
Check /work/output/de/Consent-34150a23-b1c8-404f-874f-e042a30435d2.md                                (00:00.035 / 02:20.078, 1Gb)
Check /work/output/de/Consent-34150a23-b1c8-404f-874f-e042a30435d2.xml                               (00:00.001 / 02:20.079, 1Gb)
Check /work/output/de/Consent-34150a23-b1c8-404f-874f-e042a30435d2.xml.html                          (00:00.001 / 02:20.081, 1Gb)
Check /work/output/de/Consent-5143266b-8d60-4b28-8ee9-635140ffa5bb.change.history.html               (00:00.024 / 02:20.105, 1Gb)
Check /work/output/de/Consent-5143266b-8d60-4b28-8ee9-635140ffa5bb.html                              (00:00.010 / 02:20.116, 1Gb)
Check /work/output/de/Consent-5143266b-8d60-4b28-8ee9-635140ffa5bb.json                              (00:00.019 / 02:20.135, 1Gb)
Check /work/output/de/Consent-5143266b-8d60-4b28-8ee9-635140ffa5bb.json.html                         (00:00.001 / 02:20.137, 1Gb)
Check /work/output/de/Consent-5143266b-8d60-4b28-8ee9-635140ffa5bb.md                                (00:00.074 / 02:20.211, 1Gb)
Check /work/output/de/Consent-5143266b-8d60-4b28-8ee9-635140ffa5bb.xml                               (00:00.000 / 02:20.212, 1Gb)
Check /work/output/de/Consent-5143266b-8d60-4b28-8ee9-635140ffa5bb.xml.html                          (00:00.000 / 02:20.213, 1Gb)
Check /work/output/de/Consent-89f494a3-cd75-44f5-a78a-581dfdd47a94.change.history.html               (00:00.021 / 02:20.234, 485Mb)
Check /work/output/de/Consent-89f494a3-cd75-44f5-a78a-581dfdd47a94.html                              (00:00.003 / 02:20.238, 491Mb)
Check /work/output/de/Consent-89f494a3-cd75-44f5-a78a-581dfdd47a94.json                              (00:00.005 / 02:20.243, 501Mb)
Check /work/output/de/Consent-89f494a3-cd75-44f5-a78a-581dfdd47a94.json.html                         (00:00.001 / 02:20.244, 501Mb)
Check /work/output/de/Consent-89f494a3-cd75-44f5-a78a-581dfdd47a94.md                                (00:00.007 / 02:20.252, 533Mb)
Check /work/output/de/Consent-89f494a3-cd75-44f5-a78a-581dfdd47a94.xml                               (00:00.000 / 02:20.252, 533Mb)
Check /work/output/de/Consent-89f494a3-cd75-44f5-a78a-581dfdd47a94.xml.html                          (00:00.000 / 02:20.253, 533Mb)
Check /work/output/de/Consent-Example-MII-Consent-ResultType-document.change.history.html            (00:00.007 / 02:20.261, 556Mb)
Check /work/output/de/Consent-Example-MII-Consent-ResultType-document.html                           (00:00.003 / 02:20.264, 563Mb)
Check /work/output/de/Consent-Example-MII-Consent-ResultType-document.json                           (00:00.004 / 02:20.269, 572Mb)
Check /work/output/de/Consent-Example-MII-Consent-ResultType-document.json.html                      (00:00.000 / 02:20.269, 572Mb)
Check /work/output/de/Consent-Example-MII-Consent-ResultType-document.md                             (00:00.007 / 02:20.276, 605Mb)
Check /work/output/de/Consent-Example-MII-Consent-ResultType-document.xml                            (00:00.000 / 02:20.277, 605Mb)
Check /work/output/de/Consent-Example-MII-Consent-ResultType-document.xml.html                       (00:00.000 / 02:20.278, 605Mb)
Check /work/output/de/DocumentReference-8a3d1799-2463-405e-b49c-6a16c8692b01.change.history.html     (00:00.006 / 02:20.285, 627Mb)
Check /work/output/de/DocumentReference-8a3d1799-2463-405e-b49c-6a16c8692b01.html                    (00:00.003 / 02:20.288, 634Mb)
Check /work/output/de/DocumentReference-8a3d1799-2463-405e-b49c-6a16c8692b01.json                    (00:00.003 / 02:20.292, 641Mb)
Check /work/output/de/DocumentReference-8a3d1799-2463-405e-b49c-6a16c8692b01.json.html               (00:00.000 / 02:20.293, 641Mb)
Check /work/output/de/DocumentReference-8a3d1799-2463-405e-b49c-6a16c8692b01.md                      (00:00.003 / 02:20.297, 651Mb)
Check /work/output/de/DocumentReference-8a3d1799-2463-405e-b49c-6a16c8692b01.xml                     (00:00.000 / 02:20.297, 651Mb)
Check /work/output/de/DocumentReference-8a3d1799-2463-405e-b49c-6a16c8692b01.xml.html                (00:00.000 / 02:20.298, 651Mb)
Check /work/output/de/ImplementationGuide-mii-ig-consent.html                                        (00:00.003 / 02:20.302, 660Mb)
.Check /work/output/de/ImplementationGuide-mii-ig-consent.json                                        (00:00.014 / 02:20.317, 686Mb)
Check /work/output/de/ImplementationGuide-mii-ig-consent.md                                          (00:00.001 / 02:20.318, 686Mb)
Check /work/output/de/ImplementationGuide-mii-ig-consent.xml                                         (00:00.000 / 02:20.319, 686Mb)
Check /work/output/de/MII-KDS_de_Consent.jpg                                                         (00:00.000 / 02:20.319, 687Mb)
Check /work/output/de/Parameters-mii-param-consent-manifest.change.history.html                      (00:00.000 / 02:20.320, 687Mb)
Check /work/output/de/Parameters-mii-param-consent-manifest.html                                     (00:00.005 / 02:20.326, 693Mb)
Check /work/output/de/Parameters-mii-param-consent-manifest.json                                     (00:00.008 / 02:20.334, 706Mb)
Check /work/output/de/Parameters-mii-param-consent-manifest.json.html                                (00:00.001 / 02:20.336, 706Mb)
Check /work/output/de/Parameters-mii-param-consent-manifest.md                                       (00:00.007 / 02:20.343, 723Mb)
Check /work/output/de/Parameters-mii-param-consent-manifest.xml                                      (00:00.000 / 02:20.344, 723Mb)
Check /work/output/de/Parameters-mii-param-consent-manifest.xml.html                                 (00:00.000 / 02:20.344, 723Mb)
Check /work/output/de/Provenance-55219d12-6245-4de4-8b50-ddf6f16a789b.change.history.html            (00:00.008 / 02:20.353, 740Mb)
Check /work/output/de/Provenance-55219d12-6245-4de4-8b50-ddf6f16a789b.html                           (00:00.003 / 02:20.357, 747Mb)
Check /work/output/de/Provenance-55219d12-6245-4de4-8b50-ddf6f16a789b.json                           (00:00.003 / 02:20.360, 754Mb)
Check /work/output/de/Provenance-55219d12-6245-4de4-8b50-ddf6f16a789b.json.html                      (00:00.000 / 02:20.360, 754Mb)
Check /work/output/de/Provenance-55219d12-6245-4de4-8b50-ddf6f16a789b.md                             (00:00.003 / 02:20.364, 766Mb)
Check /work/output/de/Provenance-55219d12-6245-4de4-8b50-ddf6f16a789b.xml                            (00:00.000 / 02:20.364, 766Mb)
Check /work/output/de/Provenance-55219d12-6245-4de4-8b50-ddf6f16a789b.xml.html                       (00:00.000 / 02:20.365, 766Mb)
Check /work/output/de/SearchParameter-mii-sp-consent-policyuri-testing.html                          (00:00.004 / 02:20.369, 779Mb)
Check /work/output/de/SearchParameter-mii-sp-consent-policyuri.change.history.html                   (00:00.002 / 02:20.372, 786Mb)
Check /work/output/de/SearchParameter-mii-sp-consent-policyuri.html                                  (00:00.002 / 02:20.375, 792Mb)
Check /work/output/de/SearchParameter-mii-sp-consent-policyuri.json                                  (00:00.003 / 02:20.379, 800Mb)
Check /work/output/de/SearchParameter-mii-sp-consent-policyuri.json.html                             (00:00.000 / 02:20.379, 800Mb)
Check /work/output/de/SearchParameter-mii-sp-consent-policyuri.md                                    (00:00.003 / 02:20.382, 809Mb)
Check /work/output/de/SearchParameter-mii-sp-consent-policyuri.xml                                   (00:00.000 / 02:20.383, 809Mb)
Check /work/output/de/SearchParameter-mii-sp-consent-policyuri.xml.html                              (00:00.000 / 02:20.383, 809Mb)
Check /work/output/de/SearchParameter-mii-sp-consent-provisioncode-testing.html                      (00:00.003 / 02:20.387, 818Mb)
Check /work/output/de/SearchParameter-mii-sp-consent-provisioncode.change.history.html               (00:00.003 / 02:20.390, 825Mb)
Check /work/output/de/SearchParameter-mii-sp-consent-provisioncode.html                              (00:00.002 / 02:20.393, 831Mb)
Check /work/output/de/SearchParameter-mii-sp-consent-provisioncode.json                              (00:00.003 / 02:20.396, 839Mb)
Check /work/output/de/SearchParameter-mii-sp-consent-provisioncode.json.html                         (00:00.000 / 02:20.397, 839Mb)
Check /work/output/de/SearchParameter-mii-sp-consent-provisioncode.md                                (00:00.003 / 02:20.400, 848Mb)
Check /work/output/de/SearchParameter-mii-sp-consent-provisioncode.xml                               (00:00.000 / 02:20.401, 848Mb)
Check /work/output/de/SearchParameter-mii-sp-consent-provisioncode.xml.html                          (00:00.000 / 02:20.401, 848Mb)
Check /work/output/de/SearchParameter-mii-sp-consent-provisioncodeperiod-testing.html                (00:00.003 / 02:20.405, 857Mb)
Check /work/output/de/SearchParameter-mii-sp-consent-provisioncodeperiod.change.history.html         (00:00.002 / 02:20.408, 864Mb)
Check /work/output/de/SearchParameter-mii-sp-consent-provisioncodeperiod.html                        (00:00.002 / 02:20.410, 870Mb)
Check /work/output/de/SearchParameter-mii-sp-consent-provisioncodeperiod.json                        (00:00.003 / 02:20.414, 879Mb)
Check /work/output/de/SearchParameter-mii-sp-consent-provisioncodeperiod.json.html                   (00:00.000 / 02:20.414, 879Mb)
Check /work/output/de/SearchParameter-mii-sp-consent-provisioncodeperiod.md                          (00:00.003 / 02:20.418, 888Mb)
Check /work/output/de/SearchParameter-mii-sp-consent-provisioncodeperiod.xml                         (00:00.000 / 02:20.418, 888Mb)
Check /work/output/de/SearchParameter-mii-sp-consent-provisioncodeperiod.xml.html                    (00:00.000 / 02:20.418, 888Mb)
Check /work/output/de/SearchParameter-mii-sp-consent-provisioncodetype-testing.html                  (00:00.003 / 02:20.422, 898Mb)
Check /work/output/de/SearchParameter-mii-sp-consent-provisioncodetype.change.history.html           (00:00.003 / 02:20.425, 905Mb)
Check /work/output/de/SearchParameter-mii-sp-consent-provisioncodetype.html                          (00:00.002 / 02:20.428, 912Mb)
Check /work/output/de/SearchParameter-mii-sp-consent-provisioncodetype.json                          (00:00.003 / 02:20.431, 920Mb)
Check /work/output/de/SearchParameter-mii-sp-consent-provisioncodetype.json.html                     (00:00.000 / 02:20.431, 920Mb)
Check /work/output/de/SearchParameter-mii-sp-consent-provisioncodetype.md                            (00:00.003 / 02:20.435, 930Mb)
Check /work/output/de/SearchParameter-mii-sp-consent-provisioncodetype.xml                           (00:00.000 / 02:20.435, 930Mb)
Check /work/output/de/SearchParameter-mii-sp-consent-provisioncodetype.xml.html                      (00:00.000 / 02:20.435, 930Mb)
Check /work/output/de/SearchParameter-mii-sp-consent-provisionperiod-testing.html                    (00:00.003 / 02:20.439, 940Mb)
Check /work/output/de/SearchParameter-mii-sp-consent-provisionperiod.change.history.html             (00:00.003 / 02:20.443, 947Mb)
Check /work/output/de/SearchParameter-mii-sp-consent-provisionperiod.html                            (00:00.004 / 02:20.447, 953Mb)
Check /work/output/de/SearchParameter-mii-sp-consent-provisionperiod.json                            (00:00.007 / 02:20.455, 961Mb)
Check /work/output/de/SearchParameter-mii-sp-consent-provisionperiod.json.html                       (00:00.000 / 02:20.455, 961Mb)
Check /work/output/de/SearchParameter-mii-sp-consent-provisionperiod.md                              (00:00.007 / 02:20.462, 970Mb)
Check /work/output/de/SearchParameter-mii-sp-consent-provisionperiod.xml                             (00:00.000 / 02:20.463, 970Mb)
Check /work/output/de/SearchParameter-mii-sp-consent-provisionperiod.xml.html                        (00:00.000 / 02:20.463, 970Mb)
Check /work/output/de/SearchParameter-mii-sp-consent-provisiontype-testing.html                      (00:00.008 / 02:20.471, 979Mb)
Check /work/output/de/SearchParameter-mii-sp-consent-provisiontype.change.history.html               (00:00.012 / 02:20.483, 986Mb)
Check /work/output/de/SearchParameter-mii-sp-consent-provisiontype.html                              (00:00.010 / 02:20.494, 993Mb)
.Check /work/output/de/SearchParameter-mii-sp-consent-provisiontype.json                              (00:00.024 / 02:20.518, 1001Mb)
Check /work/output/de/SearchParameter-mii-sp-consent-provisiontype.json.html                         (00:00.003 / 02:20.522, 1001Mb)
Check /work/output/de/SearchParameter-mii-sp-consent-provisiontype.md                                (00:00.040 / 02:20.563, 1009Mb)
Check /work/output/de/SearchParameter-mii-sp-consent-provisiontype.xml                               (00:00.001 / 02:20.564, 1009Mb)
Check /work/output/de/SearchParameter-mii-sp-consent-provisiontype.xml.html                          (00:00.000 / 02:20.565, 1009Mb)
Check /work/output/de/StructureDefinition-56375452-bfa1-4111-af7c-5b5ba9a1857c-definitions.html      (00:00.017 / 02:20.582, 1019Mb)
Check /work/output/de/StructureDefinition-56375452-bfa1-4111-af7c-5b5ba9a1857c-examples.html         (00:00.106 / 02:20.689, 1Gb)
Check /work/output/de/StructureDefinition-56375452-bfa1-4111-af7c-5b5ba9a1857c-intro.md              (00:00.009 / 02:20.698, 1Gb)
Check /work/output/de/StructureDefinition-56375452-bfa1-4111-af7c-5b5ba9a1857c-mappings.html         (00:00.001 / 02:20.699, 1Gb)
Check /work/output/de/StructureDefinition-56375452-bfa1-4111-af7c-5b5ba9a1857c-testing.html          (00:00.022 / 02:20.721, 1Gb)
Check /work/output/de/StructureDefinition-56375452-bfa1-4111-af7c-5b5ba9a1857c.html                  (00:00.003 / 02:20.725, 1Gb)
Check /work/output/de/StructureDefinition-56375452-bfa1-4111-af7c-5b5ba9a1857c.json                  (00:00.234 / 02:20.959, 617Mb)
Check /work/output/de/StructureDefinition-56375452-bfa1-4111-af7c-5b5ba9a1857c.md                    (00:00.001 / 02:20.961, 617Mb)
Check /work/output/de/StructureDefinition-56375452-bfa1-4111-af7c-5b5ba9a1857c.profile.history.html  (00:00.000 / 02:20.962, 617Mb)
Check /work/output/de/StructureDefinition-56375452-bfa1-4111-af7c-5b5ba9a1857c.profile.json.html     (00:00.007 / 02:20.969, 623Mb)
Check /work/output/de/StructureDefinition-56375452-bfa1-4111-af7c-5b5ba9a1857c.profile.xml.html      (00:00.143 / 02:21.112, 861Mb)
Check /work/output/de/StructureDefinition-56375452-bfa1-4111-af7c-5b5ba9a1857c.xml                   (00:00.107 / 02:21.220, 613Mb)
Check /work/output/de/StructureDefinition-e0e166b4-0f77-478d-9062-de0034d98ce0-definitions.html      (00:00.003 / 02:21.223, 613Mb)
Check /work/output/de/StructureDefinition-e0e166b4-0f77-478d-9062-de0034d98ce0-examples.html         (00:00.874 / 02:22.098, 530Mb)
Check /work/output/de/StructureDefinition-e0e166b4-0f77-478d-9062-de0034d98ce0-intro.md              (00:00.011 / 02:22.109, 538Mb)
Check /work/output/de/StructureDefinition-e0e166b4-0f77-478d-9062-de0034d98ce0-mappings.html         (00:00.001 / 02:22.111, 538Mb)
Check /work/output/de/StructureDefinition-e0e166b4-0f77-478d-9062-de0034d98ce0-testing.html          (00:00.081 / 02:22.192, 612Mb)
Check /work/output/de/StructureDefinition-e0e166b4-0f77-478d-9062-de0034d98ce0.html                  (00:00.007 / 02:22.200, 619Mb)
Check /work/output/de/StructureDefinition-e0e166b4-0f77-478d-9062-de0034d98ce0.json                  (00:00.396 / 02:22.596, 445Mb)
Check /work/output/de/StructureDefinition-e0e166b4-0f77-478d-9062-de0034d98ce0.md                    (00:00.003 / 02:22.600, 448Mb)
Check /work/output/de/StructureDefinition-e0e166b4-0f77-478d-9062-de0034d98ce0.profile.history.html  (00:00.001 / 02:22.601, 448Mb)
Check /work/output/de/StructureDefinition-e0e166b4-0f77-478d-9062-de0034d98ce0.profile.json.html     (00:00.004 / 02:22.605, 454Mb)
Check /work/output/de/StructureDefinition-e0e166b4-0f77-478d-9062-de0034d98ce0.profile.xml.html      (00:00.631 / 02:23.236, 596Mb)
Check /work/output/de/StructureDefinition-e0e166b4-0f77-478d-9062-de0034d98ce0.xml                   (00:00.357 / 02:23.594, 956Mb)
Check /work/output/de/StructureDefinition-f675b1e8-9f3f-44e8-bb59-9681f78eb464-definitions.html      (00:00.003 / 02:23.598, 959Mb)
Check /work/output/de/StructureDefinition-f675b1e8-9f3f-44e8-bb59-9681f78eb464-examples.html         (00:00.126 / 02:23.724, 1Gb)
Check /work/output/de/StructureDefinition-f675b1e8-9f3f-44e8-bb59-9681f78eb464-intro.md              (00:00.005 / 02:23.730, 1Gb)
Check /work/output/de/StructureDefinition-f675b1e8-9f3f-44e8-bb59-9681f78eb464-mappings.html         (00:00.001 / 02:23.732, 1Gb)
Check /work/output/de/StructureDefinition-f675b1e8-9f3f-44e8-bb59-9681f78eb464-testing.html          (00:00.049 / 02:23.781, 1Gb)
Check /work/output/de/StructureDefinition-f675b1e8-9f3f-44e8-bb59-9681f78eb464.html                  (00:00.016 / 02:23.798, 1Gb)
Check /work/output/de/StructureDefinition-f675b1e8-9f3f-44e8-bb59-9681f78eb464.json                  (00:00.221 / 02:24.019, 652Mb)
Check /work/output/de/StructureDefinition-f675b1e8-9f3f-44e8-bb59-9681f78eb464.md                    (00:00.002 / 02:24.022, 653Mb)
Check /work/output/de/StructureDefinition-f675b1e8-9f3f-44e8-bb59-9681f78eb464.profile.history.html  (00:00.000 / 02:24.022, 653Mb)
Check /work/output/de/StructureDefinition-f675b1e8-9f3f-44e8-bb59-9681f78eb464.profile.json.html     (00:00.005 / 02:24.028, 659Mb)
Check /work/output/de/StructureDefinition-f675b1e8-9f3f-44e8-bb59-9681f78eb464.profile.xml.html      (00:00.184 / 02:24.212, 902Mb)
Check /work/output/de/StructureDefinition-f675b1e8-9f3f-44e8-bb59-9681f78eb464.xml                   (00:00.091 / 02:24.304, 1Gb)
Check /work/output/de/ValueSet-2.16.840.1.113883.3.1937.777.24.11.30--20210323234509-testing.html    (00:00.001 / 02:24.305, 1Gb)
Check /work/output/de/ValueSet-2.16.840.1.113883.3.1937.777.24.11.30--20210323234509.change.history.html (00:00.005 / 02:24.311, 1Gb)
Check /work/output/de/ValueSet-2.16.840.1.113883.3.1937.777.24.11.30--20210323234509.html            (00:00.007 / 02:24.318, 1Gb)
Check /work/output/de/ValueSet-2.16.840.1.113883.3.1937.777.24.11.30--20210323234509.json            (00:00.011 / 02:24.330, 1Gb)
Check /work/output/de/ValueSet-2.16.840.1.113883.3.1937.777.24.11.30--20210323234509.json.html       (00:00.001 / 02:24.331, 1Gb)
Check /work/output/de/ValueSet-2.16.840.1.113883.3.1937.777.24.11.30--20210323234509.md              (00:00.020 / 02:24.352, 1Gb)
Check /work/output/de/ValueSet-2.16.840.1.113883.3.1937.777.24.11.30--20210323234509.xml             (00:00.001 / 02:24.353, 1Gb)
Check /work/output/de/ValueSet-2.16.840.1.113883.3.1937.777.24.11.30--20210323234509.xml.html        (00:00.001 / 02:24.355, 1Gb)
Check /work/output/de/ValueSet-2.16.840.1.113883.3.1937.777.24.11.36--20230331232804-testing.html    (00:00.012 / 02:24.367, 1Gb)
Check /work/output/de/ValueSet-2.16.840.1.113883.3.1937.777.24.11.36--20230331232804.change.history.html (00:00.005 / 02:24.372, 1Gb)
Check /work/output/de/ValueSet-2.16.840.1.113883.3.1937.777.24.11.36--20230331232804.html            (00:00.007 / 02:24.380, 1Gb)
Check /work/output/de/ValueSet-2.16.840.1.113883.3.1937.777.24.11.36--20230331232804.json            (00:00.049 / 02:24.429, 1Gb)
Check /work/output/de/ValueSet-2.16.840.1.113883.3.1937.777.24.11.36--20230331232804.json.html       (00:00.000 / 02:24.430, 1Gb)
Check /work/output/de/ValueSet-2.16.840.1.113883.3.1937.777.24.11.36--20230331232804.md              (00:00.009 / 02:24.439, 1Gb)
Check /work/output/de/ValueSet-2.16.840.1.113883.3.1937.777.24.11.36--20230331232804.xml             (00:00.000 / 02:24.440, 1Gb)
Check /work/output/de/ValueSet-2.16.840.1.113883.3.1937.777.24.11.36--20230331232804.xml.html        (00:00.000 / 02:24.440, 1Gb)
Check /work/output/de/ValueSet-88464c5b-5338-4c2b-9c07-b42fef2ada64-testing.html                     (00:00.006 / 02:24.447, 1Gb)
Check /work/output/de/ValueSet-88464c5b-5338-4c2b-9c07-b42fef2ada64.change.history.html              (00:00.007 / 02:24.454, 1Gb)
Check /work/output/de/ValueSet-88464c5b-5338-4c2b-9c07-b42fef2ada64.html                             (00:00.004 / 02:24.459, 1Gb)
Check /work/output/de/ValueSet-88464c5b-5338-4c2b-9c07-b42fef2ada64.json                             (00:00.009 / 02:24.468, 1Gb)
.Check /work/output/de/ValueSet-88464c5b-5338-4c2b-9c07-b42fef2ada64.json.html                        (00:00.000 / 02:24.469, 1Gb)
Check /work/output/de/ValueSet-88464c5b-5338-4c2b-9c07-b42fef2ada64.md                               (00:00.010 / 02:24.480, 1Gb)
Check /work/output/de/ValueSet-88464c5b-5338-4c2b-9c07-b42fef2ada64.xml                              (00:00.000 / 02:24.480, 1Gb)
Check /work/output/de/ValueSet-88464c5b-5338-4c2b-9c07-b42fef2ada64.xml.html                         (00:00.000 / 02:24.481, 1Gb)
Check /work/output/de/ai.zip                                                                         (00:00.023 / 02:24.505, 433Mb)
Check /work/output/de/alert.jpg                                                                      (00:00.002 / 02:24.507, 433Mb)
Check /work/output/de/artifacts.html                                                                 (00:00.000 / 02:24.508, 433Mb)
Check /work/output/de/artifacts.md                                                                   (00:00.015 / 02:24.524, 462Mb)
Check /work/output/de/assets/css/bootstrap-accessibility.css                                         (00:00.001 / 02:24.525, 463Mb)
Check /work/output/de/assets/css/bootstrap-fhir.css                                                  (00:00.001 / 02:24.527, 463Mb)
Check /work/output/de/assets/css/bootstrap-glyphicons.css                                            (00:00.001 / 02:24.528, 463Mb)
Check /work/output/de/assets/css/cqf.css                                                             (00:00.000 / 02:24.529, 463Mb)
Check /work/output/de/assets/css/hl7.css                                                             (00:00.000 / 02:24.530, 463Mb)
Check /work/output/de/assets/css/jquery-ui.css                                                       (00:00.000 / 02:24.530, 463Mb)
Check /work/output/de/assets/css/jquery-ui.structure.min.css                                         (00:00.001 / 02:24.531, 463Mb)
Check /work/output/de/assets/css/jquery-ui.theme.min.css                                             (00:00.000 / 02:24.532, 463Mb)
Check /work/output/de/assets/css/mii.css                                                             (00:00.001 / 02:24.533, 463Mb)
Check /work/output/de/assets/css/num-diz.css                                                         (00:00.000 / 02:24.534, 463Mb)
Check /work/output/de/assets/css/prism-fhirpath.css                                                  (00:00.000 / 02:24.534, 463Mb)
Check /work/output/de/assets/css/prism.css                                                           (00:00.000 / 02:24.535, 463Mb)
Check /work/output/de/assets/css/project.css                                                         (00:00.000 / 02:24.535, 463Mb)
Check /work/output/de/assets/css/pygments-manni.css                                                  (00:00.000 / 02:24.536, 463Mb)
Check /work/output/de/assets/css/template-base.css                                                   (00:00.000 / 02:24.536, 463Mb)
Check /work/output/de/assets/css/xml.css                                                             (00:00.000 / 02:24.537, 463Mb)
Check /work/output/de/assets/fonts/OpenSans-CondBold-webfont.eot                                     (00:00.000 / 02:24.537, 463Mb)
Check /work/output/de/assets/fonts/OpenSans-CondBold-webfont.svg                                     (00:00.000 / 02:24.538, 463Mb)
Check /work/output/de/assets/fonts/OpenSans-CondBold-webfont.ttf                                     (00:00.018 / 02:24.557, 479Mb)
Check /work/output/de/assets/fonts/OpenSans-CondBold-webfont.woff                                    (00:00.001 / 02:24.558, 479Mb)
Check /work/output/de/assets/fonts/OpenSans-CondLight-webfont.eot                                    (00:00.000 / 02:24.559, 479Mb)
Check /work/output/de/assets/fonts/OpenSans-CondLight-webfont.svg                                    (00:00.000 / 02:24.559, 480Mb)
Check /work/output/de/assets/fonts/OpenSans-CondLight-webfont.ttf                                    (00:00.019 / 02:24.579, 499Mb)
Check /work/output/de/assets/fonts/OpenSans-CondLight-webfont.woff                                   (00:00.002 / 02:24.581, 499Mb)
Check /work/output/de/assets/fonts/glyphiconshalflings-regular.eot                                   (00:00.002 / 02:24.583, 499Mb)
Check /work/output/de/assets/fonts/glyphiconshalflings-regular.otf                                   (00:00.000 / 02:24.584, 499Mb)
Check /work/output/de/assets/fonts/glyphiconshalflings-regular.svg                                   (00:00.000 / 02:24.584, 500Mb)
Check /work/output/de/assets/fonts/glyphiconshalflings-regular.ttf                                   (00:00.050 / 02:24.635, 505Mb)
Check /work/output/de/assets/fonts/glyphiconshalflings-regular.woff                                  (00:00.003 / 02:24.638, 505Mb)
Check /work/output/de/assets/ico/favicon.png                                                         (00:00.001 / 02:24.640, 505Mb)
Check /work/output/de/assets/ico/icon-fhir-114.png                                                   (00:00.001 / 02:24.641, 505Mb)
Check /work/output/de/assets/ico/icon-fhir-144.png                                                   (00:00.002 / 02:24.643, 506Mb)
Check /work/output/de/assets/ico/icon-fhir-57.png                                                    (00:00.001 / 02:24.645, 506Mb)
Check /work/output/de/assets/ico/icon-fhir-72.png                                                    (00:00.002 / 02:24.647, 506Mb)
Check /work/output/de/assets/ico/noun_copy to clipboard_1669410.png                                  (00:00.001 / 02:24.648, 506Mb)
Check /work/output/de/assets/images/001.svg                                                          (00:00.000 / 02:24.649, 506Mb)
Check /work/output/de/assets/images/deu.svg                                                          (00:00.003 / 02:24.653, 507Mb)
Check /work/output/de/assets/images/download.png                                                     (00:00.001 / 02:24.654, 508Mb)
Check /work/output/de/assets/images/dragon.png                                                       (00:00.001 / 02:24.655, 508Mb)
Check /work/output/de/assets/images/external.png                                                     (00:00.007 / 02:24.662, 508Mb)
Check /work/output/de/assets/images/fcp-logo.png                                                     (00:00.002 / 02:24.665, 508Mb)
Check /work/output/de/assets/images/fhir-logo-www.png                                                (00:00.004 / 02:24.670, 509Mb)
Check /work/output/de/assets/images/hl7-logo-header.png                                              (00:00.001 / 02:24.671, 510Mb)
Check /work/output/de/assets/images/icon_arrow_down.png                                              (00:00.003 / 02:24.675, 510Mb)
Check /work/output/de/assets/images/icon_arrow_up.png                                                (00:00.000 / 02:24.675, 510Mb)
Check /work/output/de/assets/images/lang-ar.png                                                      (00:00.001 / 02:24.677, 510Mb)
Check /work/output/de/assets/images/lang-de.png                                                      (00:00.001 / 02:24.678, 510Mb)
Check /work/output/de/assets/images/lang-en.png                                                      (00:00.000 / 02:24.679, 510Mb)
Check /work/output/de/assets/images/lang-es.png                                                      (00:00.000 / 02:24.680, 510Mb)
Check /work/output/de/assets/images/lang-fr.png                                                      (00:00.001 / 02:24.681, 510Mb)
Check /work/output/de/assets/images/lang-ja.png                                                      (00:00.000 / 02:24.682, 510Mb)
Check /work/output/de/assets/images/lang-kr.png                                                      (00:00.000 / 02:24.683, 510Mb)
Check /work/output/de/assets/images/lang-nl.png                                                      (00:00.000 / 02:24.683, 510Mb)
.Check /work/output/de/assets/images/lang-pt.png                                                      (00:00.000 / 02:24.684, 510Mb)
Check /work/output/de/assets/images/lang-pt_BR.png                                                   (00:00.000 / 02:24.684, 510Mb)
Check /work/output/de/assets/images/lang-ru.png                                                      (00:00.000 / 02:24.684, 510Mb)
Check /work/output/de/assets/images/lang-zh-TW.png                                                   (00:00.000 / 02:24.685, 510Mb)
Check /work/output/de/assets/images/lang-zh.png                                                      (00:00.000 / 02:24.685, 510Mb)
Check /work/output/de/assets/images/link.svg                                                         (00:00.000 / 02:24.685, 510Mb)
Check /work/output/de/assets/images/logo-de.svg                                                      (00:00.001 / 02:24.687, 510Mb)
Check /work/output/de/assets/images/logo-en.svg                                                      (00:00.006 / 02:24.693, 515Mb)
Check /work/output/de/assets/images/logo-num-diz-de.svg                                              (00:00.011 / 02:24.705, 524Mb)
Check /work/output/de/assets/images/logo-num-diz-en.svg                                              (00:00.005 / 02:24.710, 529Mb)
Check /work/output/de/assets/images/logo_ansinew.jpg                                                 (00:00.006 / 02:24.717, 533Mb)
Check /work/output/de/assets/images/search.png                                                       (00:00.000 / 02:24.717, 533Mb)
Check /work/output/de/assets/images/stripe.png                                                       (00:00.000 / 02:24.718, 533Mb)
Check /work/output/de/assets/images/target.png                                                       (00:00.000 / 02:24.718, 533Mb)
Check /work/output/de/assets/js/anchor-hover.js                                                      (00:00.000 / 02:24.719, 533Mb)
Check /work/output/de/assets/js/anchor.min.js                                                        (00:00.000 / 02:24.719, 533Mb)
Check /work/output/de/assets/js/back-to-top.js                                                       (00:00.000 / 02:24.720, 533Mb)
Check /work/output/de/assets/js/bootstrap-accessibility.min.js                                       (00:00.000 / 02:24.720, 533Mb)
Check /work/output/de/assets/js/bootstrap.min.js                                                     (00:00.000 / 02:24.721, 533Mb)
Check /work/output/de/assets/js/clipboard-btn.js                                                     (00:00.000 / 02:24.721, 533Mb)
Check /work/output/de/assets/js/clipboard.min.js                                                     (00:00.000 / 02:24.721, 533Mb)
Check /work/output/de/assets/js/direction-management.js                                              (00:00.000 / 02:24.722, 533Mb)
Check /work/output/de/assets/js/fhir-table-scripts.js                                                (00:00.000 / 02:24.722, 533Mb)
Check /work/output/de/assets/js/fhir.js                                                              (00:00.000 / 02:24.722, 533Mb)
Check /work/output/de/assets/js/flags.js                                                             (00:00.000 / 02:24.723, 533Mb)
Check /work/output/de/assets/js/font-size-control.js                                                 (00:00.000 / 02:24.723, 533Mb)
Check /work/output/de/assets/js/html5shiv.js                                                         (00:00.000 / 02:24.723, 533Mb)
Check /work/output/de/assets/js/jquery-3.7.0.min.map                                                 (00:00.000 / 02:24.723, 534Mb)
Check /work/output/de/assets/js/jquery-ui.min.js                                                     (00:00.000 / 02:24.724, 534Mb)
Check /work/output/de/assets/js/jquery.js                                                            (00:00.000 / 02:24.725, 534Mb)
Check /work/output/de/assets/js/lang-redirects.js                                                    (00:00.000 / 02:24.725, 534Mb)
Check /work/output/de/assets/js/mermaid-init.js                                                      (00:00.000 / 02:24.726, 534Mb)
Check /work/output/de/assets/js/mermaid.js                                                           (00:00.000 / 02:24.726, 534Mb)
Check /work/output/de/assets/js/prism-fhirpath.js                                                    (00:00.018 / 02:24.744, 558Mb)
Check /work/output/de/assets/js/prism.js                                                             (00:00.000 / 02:24.745, 558Mb)
Check /work/output/de/assets/js/readme.txt                                                           (00:00.002 / 02:24.747, 560Mb)
Check /work/output/de/assets/js/respond.min.js                                                       (00:00.000 / 02:24.748, 560Mb)
Check /work/output/de/assets/js/tabs.js                                                              (00:00.000 / 02:24.748, 560Mb)
Check /work/output/de/assets/js/topofpage.js                                                         (00:00.000 / 02:24.749, 560Mb)
Check /work/output/de/assets/js/window-hash.js                                                       (00:00.000 / 02:24.750, 560Mb)
Check /work/output/de/assets/js/xml.js                                                               (00:00.000 / 02:24.750, 560Mb)
Check /work/output/de/capability-statements.html                                                     (00:00.000 / 02:24.751, 561Mb)
Check /work/output/de/capability-statements.md                                                       (00:00.017 / 02:24.768, 577Mb)
Check /work/output/de/cc0.png                                                                        (00:00.000 / 02:24.768, 577Mb)
Check /work/output/de/changes.html                                                                   (00:00.000 / 02:24.768, 577Mb)
Check /work/output/de/changes.md                                                                     (00:00.028 / 02:24.797, 595Mb)
Check /work/output/de/code-systems.html                                                              (00:00.001 / 02:24.799, 595Mb)
Check /work/output/de/code-systems.md                                                                (00:00.039 / 02:24.839, 644Mb)
Check /work/output/de/downloads.html                                                                 (00:00.002 / 02:24.841, 644Mb)
Check /work/output/de/downloads.md                                                                   (00:00.010 / 02:24.852, 654Mb)
Check /work/output/de/examples.html                                                                  (00:00.000 / 02:24.853, 654Mb)
Check /work/output/de/examples.md                                                                    (00:00.009 / 02:24.862, 662Mb)
Check /work/output/de/external.png                                                                   (00:00.001 / 02:24.863, 662Mb)
Check /work/output/de/fhir-table-scripts.js                                                          (00:00.000 / 02:24.864, 662Mb)
Check /work/output/de/fhir.css                                                                       (00:00.000 / 02:24.865, 662Mb)
Check /work/output/de/frageboegen.html                                                               (00:00.001 / 02:24.866, 662Mb)
Check /work/output/de/frageboegen.md                                                                 (00:00.009 / 02:24.875, 674Mb)
Check /work/output/de/guidance.html                                                                  (00:00.000 / 02:24.876, 674Mb)
Check /work/output/de/guidance.md                                                                    (00:00.008 / 02:24.884, 685Mb)
Check /work/output/de/help.png                                                                       (00:00.000 / 02:24.885, 685Mb)
Check /work/output/de/icon-administration.png                                                        (00:00.000 / 02:24.886, 685Mb)
.Check /work/output/de/icon-change-add.png                                                            (00:00.001 / 02:24.887, 685Mb)
Check /work/output/de/icon-change-edit.png                                                           (00:00.000 / 02:24.887, 685Mb)
Check /work/output/de/icon-change-remove.png                                                         (00:00.000 / 02:24.888, 685Mb)
Check /work/output/de/icon-clinical.png                                                              (00:00.000 / 02:24.888, 685Mb)
Check /work/output/de/icon-dictionary.png                                                            (00:00.000 / 02:24.889, 685Mb)
Check /work/output/de/icon-directory.gif                                                             (00:00.000 / 02:24.889, 685Mb)
Check /work/output/de/icon-documentation.png                                                         (00:00.000 / 02:24.889, 685Mb)
Check /work/output/de/icon-error.gif                                                                 (00:00.000 / 02:24.890, 685Mb)
Check /work/output/de/icon-example.png                                                               (00:00.000 / 02:24.890, 685Mb)
Check /work/output/de/icon-fhir-1024.png                                                             (00:00.000 / 02:24.891, 685Mb)
Check /work/output/de/icon-fhir-128.png                                                              (00:00.001 / 02:24.892, 686Mb)
Check /work/output/de/icon-fhir-16-grey.png                                                          (00:00.000 / 02:24.893, 686Mb)
Check /work/output/de/icon-fhir-16.png                                                               (00:00.000 / 02:24.893, 686Mb)
Check /work/output/de/icon-fhir-24.png                                                               (00:00.000 / 02:24.893, 686Mb)
Check /work/output/de/icon-fhir-32.png                                                               (00:00.000 / 02:24.894, 686Mb)
Check /work/output/de/icon-fhir-48.png                                                               (00:00.000 / 02:24.894, 686Mb)
Check /work/output/de/icon-fhir-64.png                                                               (00:00.000 / 02:24.894, 686Mb)
Check /work/output/de/icon-fhir-720.png                                                              (00:00.000 / 02:24.895, 686Mb)
Check /work/output/de/icon-implementation.png                                                        (00:00.000 / 02:24.896, 686Mb)
Check /work/output/de/icon-include.png                                                               (00:00.001 / 02:24.897, 686Mb)
Check /work/output/de/icon-infrastructure.png                                                        (00:00.000 / 02:24.897, 686Mb)
Check /work/output/de/icon-key.png                                                                   (00:00.001 / 02:24.898, 687Mb)
Check /work/output/de/icon-list.gif                                                                  (00:00.000 / 02:24.899, 687Mb)
Check /work/output/de/icon-not-selected.png                                                          (00:00.000 / 02:24.899, 687Mb)
Check /work/output/de/icon-object-box.png                                                            (00:00.000 / 02:24.899, 687Mb)
Check /work/output/de/icon-page.png                                                                  (00:00.000 / 02:24.900, 687Mb)
Check /work/output/de/icon-q-attachment.png                                                          (00:00.000 / 02:24.900, 687Mb)
Check /work/output/de/icon-q-boolean.png                                                             (00:00.000 / 02:24.900, 687Mb)
Check /work/output/de/icon-q-choice.png                                                              (00:00.000 / 02:24.901, 687Mb)
Check /work/output/de/icon-q-coding.png                                                              (00:00.000 / 02:24.901, 687Mb)
Check /work/output/de/icon-q-date.png                                                                (00:00.000 / 02:24.901, 687Mb)
Check /work/output/de/icon-q-datetime.png                                                            (00:00.000 / 02:24.901, 687Mb)
Check /work/output/de/icon-q-decimal.png                                                             (00:00.000 / 02:24.902, 687Mb)
Check /work/output/de/icon-q-display.png                                                             (00:00.000 / 02:24.902, 687Mb)
Check /work/output/de/icon-q-group.png                                                               (00:00.000 / 02:24.902, 687Mb)
Check /work/output/de/icon-q-integer.png                                                             (00:00.000 / 02:24.903, 687Mb)
Check /work/output/de/icon-q-item.png                                                                (00:00.000 / 02:24.903, 687Mb)
Check /work/output/de/icon-q-open-choice.png                                                         (00:00.000 / 02:24.903, 687Mb)
Check /work/output/de/icon-q-quantity.png                                                            (00:00.000 / 02:24.903, 687Mb)
Check /work/output/de/icon-q-reference.png                                                           (00:00.000 / 02:24.904, 687Mb)
Check /work/output/de/icon-q-string.png                                                              (00:00.000 / 02:24.904, 687Mb)
Check /work/output/de/icon-q-text.png                                                                (00:00.000 / 02:24.904, 687Mb)
Check /work/output/de/icon-q-time.png                                                                (00:00.000 / 02:24.904, 687Mb)
Check /work/output/de/icon-q-url.png                                                                 (00:00.000 / 02:24.905, 687Mb)
Check /work/output/de/icon-qi-help.png                                                               (00:00.000 / 02:24.905, 687Mb)
Check /work/output/de/icon-qi-hidden.png                                                             (00:00.000 / 02:24.905, 687Mb)
Check /work/output/de/icon-qi-horizontal.png                                                         (00:00.000 / 02:24.906, 687Mb)
Check /work/output/de/icon-qi-instructions.png                                                       (00:00.000 / 02:24.906, 687Mb)
Check /work/output/de/icon-qi-observation.png                                                        (00:00.000 / 02:24.906, 687Mb)
Check /work/output/de/icon-qi-optional.png                                                           (00:00.000 / 02:24.906, 687Mb)
Check /work/output/de/icon-qi-readonly.png                                                           (00:00.000 / 02:24.907, 687Mb)
Check /work/output/de/icon-qi-security.bmp                                                           (00:00.000 / 02:24.907, 687Mb)
Check /work/output/de/icon-qi-security.png                                                           (00:00.000 / 02:24.907, 687Mb)
Check /work/output/de/icon-qi-subject.png                                                            (00:00.000 / 02:24.908, 687Mb)
Check /work/output/de/icon-qi-vertical.png                                                           (00:00.000 / 02:24.908, 687Mb)
Check /work/output/de/icon-resource.png                                                              (00:00.000 / 02:24.908, 687Mb)
Check /work/output/de/icon-selected.png                                                              (00:00.000 / 02:24.909, 687Mb)
Check /work/output/de/icon-toc.png                                                                   (00:00.000 / 02:24.909, 687Mb)
Check /work/output/de/icon-type-operation.png                                                        (00:00.000 / 02:24.910, 687Mb)
Check /work/output/de/icon-warning.png                                                               (00:00.000 / 02:24.910, 687Mb)
Check /work/output/de/icon_bundle.png                                                                (00:00.000 / 02:24.911, 687Mb)
.Check /work/output/de/icon_choice.gif                                                                (00:00.000 / 02:24.911, 687Mb)
Check /work/output/de/icon_datatype.gif                                                              (00:00.000 / 02:24.912, 687Mb)
Check /work/output/de/icon_element.gif                                                               (00:00.000 / 02:24.912, 687Mb)
Check /work/output/de/icon_entry_blue.png                                                            (00:00.000 / 02:24.913, 687Mb)
Check /work/output/de/icon_extension.png                                                             (00:00.000 / 02:24.913, 687Mb)
Check /work/output/de/icon_extension_complex.png                                                     (00:00.000 / 02:24.914, 687Mb)
Check /work/output/de/icon_extension_simple.png                                                      (00:00.000 / 02:24.914, 687Mb)
Check /work/output/de/icon_fixed.gif                                                                 (00:00.000 / 02:24.914, 687Mb)
Check /work/output/de/icon_group.png                                                                 (00:00.000 / 02:24.915, 687Mb)
Check /work/output/de/icon_latest.png                                                                (00:00.000 / 02:24.915, 687Mb)
Check /work/output/de/icon_modifier_extension_complex.png                                            (00:00.000 / 02:24.915, 687Mb)
Check /work/output/de/icon_modifier_extension_simple.png                                             (00:00.000 / 02:24.916, 687Mb)
Check /work/output/de/icon_page-child.gif                                                            (00:00.000 / 02:24.916, 687Mb)
Check /work/output/de/icon_page.gif                                                                  (00:00.000 / 02:24.916, 687Mb)
Check /work/output/de/icon_page_n.gif                                                                (00:00.000 / 02:24.916, 687Mb)
Check /work/output/de/icon_page_n_c.gif                                                              (00:00.000 / 02:24.917, 687Mb)
Check /work/output/de/icon_page_n_i.gif                                                              (00:00.000 / 02:24.917, 687Mb)
Check /work/output/de/icon_page_n_o.gif                                                              (00:00.000 / 02:24.917, 687Mb)
Check /work/output/de/icon_page_n_p.gif                                                              (00:00.000 / 02:24.918, 687Mb)
Check /work/output/de/icon_primitive.png                                                             (00:00.000 / 02:24.918, 687Mb)
Check /work/output/de/icon_profile.png                                                               (00:00.000 / 02:24.918, 687Mb)
Check /work/output/de/icon_q_item.png                                                                (00:00.000 / 02:24.919, 687Mb)
Check /work/output/de/icon_q_root.gif                                                                (00:00.000 / 02:24.919, 687Mb)
Check /work/output/de/icon_reference.png                                                             (00:00.000 / 02:24.920, 687Mb)
Check /work/output/de/icon_resource.png                                                              (00:00.000 / 02:24.920, 687Mb)
Check /work/output/de/icon_reuse.png                                                                 (00:00.000 / 02:24.921, 687Mb)
Check /work/output/de/icon_slice.png                                                                 (00:00.000 / 02:24.921, 687Mb)
Check /work/output/de/icon_slice_item.png                                                            (00:00.000 / 02:24.922, 687Mb)
Check /work/output/de/icon_text.png                                                                  (00:00.000 / 02:24.923, 687Mb)
Check /work/output/de/icon_vd_col.png                                                                (00:00.000 / 02:24.923, 687Mb)
Check /work/output/de/icon_vd_foreach.png                                                            (00:00.000 / 02:24.924, 687Mb)
Check /work/output/de/icon_vd_select.png                                                             (00:00.000 / 02:24.924, 687Mb)
Check /work/output/de/icon_vd_union.png                                                              (00:00.000 / 02:24.925, 687Mb)
Check /work/output/de/icon_vd_view.png                                                               (00:00.000 / 02:24.925, 687Mb)
Check /work/output/de/implementer-guidance.html                                                      (00:00.000 / 02:24.925, 687Mb)
Check /work/output/de/implementer-guidance.md                                                        (00:00.010 / 02:24.936, 704Mb)
Check /work/output/de/index.html                                                                     (00:00.000 / 02:24.937, 704Mb)
Check /work/output/de/index.md                                                                       (00:00.006 / 02:24.943, 717Mb)
Check /work/output/de/information-model_UML-Diagramm_MII-spez.png                                    (00:00.000 / 02:24.944, 717Mb)
Check /work/output/de/information.png                                                                (00:00.003 / 02:24.947, 719Mb)
Check /work/output/de/link.svg                                                                       (00:00.000 / 02:24.947, 719Mb)
Check /work/output/de/llms.txt                                                                       (00:00.000 / 02:24.948, 719Mb)
Check /work/output/de/lock.png                                                                       (00:00.000 / 02:24.948, 719Mb)
Check /work/output/de/logical-models.html                                                            (00:00.000 / 02:24.948, 719Mb)
Check /work/output/de/logical-models.md                                                              (00:00.005 / 02:24.954, 727Mb)
Check /work/output/de/modifier.png                                                                   (00:00.000 / 02:24.955, 727Mb)
Check /work/output/de/mustsupport.png                                                                (00:00.000 / 02:24.955, 727Mb)
Check /work/output/de/new.png                                                                        (00:00.000 / 02:24.956, 727Mb)
Check /work/output/de/prism.css                                                                      (00:00.000 / 02:24.956, 727Mb)
Check /work/output/de/prism.js                                                                       (00:00.000 / 02:24.957, 727Mb)
Check /work/output/de/profiles.html                                                                  (00:00.004 / 02:24.961, 729Mb)
Check /work/output/de/profiles.md                                                                    (00:00.006 / 02:24.968, 741Mb)
Check /work/output/de/search-parameters.html                                                         (00:00.000 / 02:24.968, 741Mb)
Check /work/output/de/search-parameters.md                                                           (00:00.009 / 02:24.977, 757Mb)
Check /work/output/de/searchform.html                                                                (00:00.000 / 02:24.978, 757Mb)
Check /work/output/de/security-and-privacy.html                                                      (00:00.003 / 02:24.981, 758Mb)
Check /work/output/de/security-and-privacy.md                                                        (00:00.005 / 02:24.987, 769Mb)
Check /work/output/de/summary.png                                                                    (00:00.000 / 02:24.987, 769Mb)
Check /work/output/de/target.png                                                                     (00:00.000 / 02:24.987, 769Mb)
Check /work/output/de/tbl-closed.png                                                                 (00:00.000 / 02:24.988, 769Mb)
Check /work/output/de/tbl-open.png                                                                   (00:00.000 / 02:24.988, 769Mb)
.Check /work/output/de/tbl_bck0.png                                                                   (00:00.000 / 02:24.989, 770Mb)
Check /work/output/de/tbl_bck00.png                                                                  (00:00.000 / 02:24.989, 770Mb)
Check /work/output/de/tbl_bck000.png                                                                 (00:00.000 / 02:24.989, 770Mb)
Check /work/output/de/tbl_bck0000.png                                                                (00:00.000 / 02:24.990, 770Mb)
Check /work/output/de/tbl_bck00000.png                                                               (00:00.000 / 02:24.990, 770Mb)
Check /work/output/de/tbl_bck000000.png                                                              (00:00.000 / 02:24.990, 770Mb)
Check /work/output/de/tbl_bck0000000.png                                                             (00:00.000 / 02:24.991, 770Mb)
Check /work/output/de/tbl_bck000001.png                                                              (00:00.000 / 02:24.991, 770Mb)
Check /work/output/de/tbl_bck0000010.png                                                             (00:00.000 / 02:24.991, 770Mb)
Check /work/output/de/tbl_bck00001.png                                                               (00:00.000 / 02:24.991, 770Mb)
Check /work/output/de/tbl_bck000010.png                                                              (00:00.000 / 02:24.992, 770Mb)
Check /work/output/de/tbl_bck0000100.png                                                             (00:00.000 / 02:24.992, 770Mb)
Check /work/output/de/tbl_bck000010000.png                                                           (00:00.000 / 02:24.992, 770Mb)
Check /work/output/de/tbl_bck00001001.png                                                            (00:00.000 / 02:24.992, 770Mb)
Check /work/output/de/tbl_bck000010010.png                                                           (00:00.000 / 02:24.993, 770Mb)
Check /work/output/de/tbl_bck0000101.png                                                             (00:00.000 / 02:24.993, 770Mb)
Check /work/output/de/tbl_bck00001010.png                                                            (00:00.000 / 02:24.993, 770Mb)
Check /work/output/de/tbl_bck000011.png                                                              (00:00.000 / 02:24.994, 770Mb)
Check /work/output/de/tbl_bck0000110.png                                                             (00:00.000 / 02:24.994, 770Mb)
Check /work/output/de/tbl_bck00001100.png                                                            (00:00.000 / 02:24.994, 770Mb)
Check /work/output/de/tbl_bck0000111.png                                                             (00:00.000 / 02:24.994, 770Mb)
Check /work/output/de/tbl_bck00001110.png                                                            (00:00.000 / 02:24.995, 770Mb)
Check /work/output/de/tbl_bck000011100.png                                                           (00:00.000 / 02:24.995, 770Mb)
Check /work/output/de/tbl_bck0000111000.png                                                          (00:00.000 / 02:24.995, 770Mb)
Check /work/output/de/tbl_bck00001110000.png                                                         (00:00.000 / 02:24.995, 770Mb)
Check /work/output/de/tbl_bck0000111001.png                                                          (00:00.000 / 02:24.996, 770Mb)
Check /work/output/de/tbl_bck00001110010.png                                                         (00:00.000 / 02:24.996, 770Mb)
Check /work/output/de/tbl_bck000011101.png                                                           (00:00.000 / 02:24.996, 770Mb)
Check /work/output/de/tbl_bck0000111010.png                                                          (00:00.000 / 02:24.997, 770Mb)
Check /work/output/de/tbl_bck00001110100.png                                                         (00:00.000 / 02:24.997, 770Mb)
Check /work/output/de/tbl_bck0000111011.png                                                          (00:00.000 / 02:24.997, 770Mb)
Check /work/output/de/tbl_bck00001110110.png                                                         (00:00.000 / 02:24.997, 770Mb)
Check /work/output/de/tbl_bck00001111.png                                                            (00:00.000 / 02:24.998, 770Mb)
Check /work/output/de/tbl_bck000011110.png                                                           (00:00.000 / 02:24.998, 770Mb)
Check /work/output/de/tbl_bck0000111100.png                                                          (00:00.000 / 02:24.998, 770Mb)
Check /work/output/de/tbl_bck000011110000.png                                                        (00:00.000 / 02:24.998, 770Mb)
Check /work/output/de/tbl_bck00001111001.png                                                         (00:00.000 / 02:24.999, 770Mb)
Check /work/output/de/tbl_bck000011110010.png                                                        (00:00.000 / 02:24.999, 770Mb)
Check /work/output/de/tbl_bck0000111101.png                                                          (00:00.000 / 02:24.999, 770Mb)
Check /work/output/de/tbl_bck00001111010.png                                                         (00:00.000 / 02:24.999, 770Mb)
Check /work/output/de/tbl_bck000011111.png                                                           (00:00.000 / 02:25.000, 770Mb)
Check /work/output/de/tbl_bck0000111110.png                                                          (00:00.000 / 02:25.000, 770Mb)
Check /work/output/de/tbl_bck00001111100.png                                                         (00:00.000 / 02:25.000, 770Mb)
Check /work/output/de/tbl_bck000011111000.png                                                        (00:00.000 / 02:25.000, 770Mb)
Check /work/output/de/tbl_bck00001111101.png                                                         (00:00.000 / 02:25.001, 770Mb)
Check /work/output/de/tbl_bck000011111010.png                                                        (00:00.000 / 02:25.001, 770Mb)
Check /work/output/de/tbl_bck0000111110100.png                                                       (00:00.000 / 02:25.001, 770Mb)
Check /work/output/de/tbl_bck000011111011.png                                                        (00:00.000 / 02:25.001, 770Mb)
Check /work/output/de/tbl_bck0000111110110.png                                                       (00:00.000 / 02:25.002, 770Mb)
Check /work/output/de/tbl_bck0000111111.png                                                          (00:00.000 / 02:25.002, 770Mb)
Check /work/output/de/tbl_bck00001111110.png                                                         (00:00.000 / 02:25.002, 770Mb)
Check /work/output/de/tbl_bck000011111100.png                                                        (00:00.000 / 02:25.003, 770Mb)
Check /work/output/de/tbl_bck00001111111.png                                                         (00:00.000 / 02:25.003, 770Mb)
Check /work/output/de/tbl_bck000011111110.png                                                        (00:00.000 / 02:25.003, 770Mb)
Check /work/output/de/tbl_bck0001.png                                                                (00:00.000 / 02:25.003, 770Mb)
Check /work/output/de/tbl_bck00010.png                                                               (00:00.000 / 02:25.004, 770Mb)
Check /work/output/de/tbl_bck000100.png                                                              (00:00.000 / 02:25.004, 770Mb)
Check /work/output/de/tbl_bck00011.png                                                               (00:00.000 / 02:25.004, 770Mb)
Check /work/output/de/tbl_bck000110.png                                                              (00:00.000 / 02:25.005, 770Mb)
Check /work/output/de/tbl_bck001.png                                                                 (00:00.000 / 02:25.005, 770Mb)
Check /work/output/de/tbl_bck0010.png                                                                (00:00.000 / 02:25.005, 770Mb)
.Check /work/output/de/tbl_bck00100.png                                                               (00:00.000 / 02:25.005, 770Mb)
Check /work/output/de/tbl_bck001000.png                                                              (00:00.000 / 02:25.006, 770Mb)
Check /work/output/de/tbl_bck0010000.png                                                             (00:00.000 / 02:25.006, 770Mb)
Check /work/output/de/tbl_bck001001.png                                                              (00:00.000 / 02:25.006, 770Mb)
Check /work/output/de/tbl_bck0010010.png                                                             (00:00.000 / 02:25.007, 770Mb)
Check /work/output/de/tbl_bck00101.png                                                               (00:00.000 / 02:25.007, 770Mb)
Check /work/output/de/tbl_bck001010.png                                                              (00:00.000 / 02:25.007, 770Mb)
Check /work/output/de/tbl_bck0011.png                                                                (00:00.000 / 02:25.007, 770Mb)
Check /work/output/de/tbl_bck00110.png                                                               (00:00.000 / 02:25.008, 770Mb)
Check /work/output/de/tbl_bck001100.png                                                              (00:00.000 / 02:25.008, 770Mb)
Check /work/output/de/tbl_bck00111.png                                                               (00:00.000 / 02:25.008, 770Mb)
Check /work/output/de/tbl_bck001110.png                                                              (00:00.000 / 02:25.009, 770Mb)
Check /work/output/de/tbl_bck001112.png                                                              (00:00.000 / 02:25.009, 770Mb)
Check /work/output/de/tbl_bck00112.png                                                               (00:00.000 / 02:25.009, 770Mb)
Check /work/output/de/tbl_bck01.png                                                                  (00:00.000 / 02:25.010, 770Mb)
Check /work/output/de/tbl_bck010.png                                                                 (00:00.000 / 02:25.010, 770Mb)
Check /work/output/de/tbl_bck0100.png                                                                (00:00.000 / 02:25.011, 770Mb)
Check /work/output/de/tbl_bck01000.png                                                               (00:00.000 / 02:25.011, 770Mb)
Check /work/output/de/tbl_bck0101.png                                                                (00:00.000 / 02:25.011, 770Mb)
Check /work/output/de/tbl_bck01010.png                                                               (00:00.000 / 02:25.011, 770Mb)
Check /work/output/de/tbl_bck010100.png                                                              (00:00.000 / 02:25.012, 770Mb)
Check /work/output/de/tbl_bck01011.png                                                               (00:00.000 / 02:25.012, 770Mb)
Check /work/output/de/tbl_bck010110.png                                                              (00:00.000 / 02:25.012, 770Mb)
Check /work/output/de/tbl_bck011.png                                                                 (00:00.000 / 02:25.013, 770Mb)
Check /work/output/de/tbl_bck0110.png                                                                (00:00.000 / 02:25.013, 770Mb)
Check /work/output/de/tbl_bck01100.png                                                               (00:00.000 / 02:25.013, 770Mb)
Check /work/output/de/tbl_bck011000.png                                                              (00:00.000 / 02:25.013, 770Mb)
Check /work/output/de/tbl_bck0110000.png                                                             (00:00.000 / 02:25.014, 770Mb)
Check /work/output/de/tbl_bck011001.png                                                              (00:00.000 / 02:25.014, 770Mb)
Check /work/output/de/tbl_bck0110010.png                                                             (00:00.000 / 02:25.014, 770Mb)
Check /work/output/de/tbl_bck01101.png                                                               (00:00.000 / 02:25.014, 770Mb)
Check /work/output/de/tbl_bck011010.png                                                              (00:00.000 / 02:25.015, 770Mb)
Check /work/output/de/tbl_bck0110100.png                                                             (00:00.000 / 02:25.015, 770Mb)
Check /work/output/de/tbl_bck011011.png                                                              (00:00.000 / 02:25.015, 770Mb)
Check /work/output/de/tbl_bck0110110.png                                                             (00:00.000 / 02:25.015, 770Mb)
Check /work/output/de/tbl_bck01101100.png                                                            (00:00.000 / 02:25.016, 770Mb)
Check /work/output/de/tbl_bck0110111.png                                                             (00:00.000 / 02:25.016, 770Mb)
Check /work/output/de/tbl_bck01101110.png                                                            (00:00.000 / 02:25.016, 770Mb)
Check /work/output/de/tbl_bck0111.png                                                                (00:00.000 / 02:25.017, 770Mb)
Check /work/output/de/tbl_bck01110.png                                                               (00:00.000 / 02:25.017, 770Mb)
Check /work/output/de/tbl_bck011100.png                                                              (00:00.000 / 02:25.017, 770Mb)
Check /work/output/de/tbl_bck01111.png                                                               (00:00.000 / 02:25.017, 770Mb)
Check /work/output/de/tbl_bck011110.png                                                              (00:00.000 / 02:25.018, 770Mb)
Check /work/output/de/tbl_bck0111100.png                                                             (00:00.000 / 02:25.018, 770Mb)
Check /work/output/de/tbl_bck011110000.png                                                           (00:00.000 / 02:25.018, 770Mb)
Check /work/output/de/tbl_bck01111001.png                                                            (00:00.000 / 02:25.018, 770Mb)
Check /work/output/de/tbl_bck011110010.png                                                           (00:00.000 / 02:25.019, 770Mb)
Check /work/output/de/tbl_bck0111101.png                                                             (00:00.000 / 02:25.019, 770Mb)
Check /work/output/de/tbl_bck01111010.png                                                            (00:00.000 / 02:25.019, 770Mb)
Check /work/output/de/tbl_bck011111.png                                                              (00:00.000 / 02:25.019, 770Mb)
Check /work/output/de/tbl_bck0111110.png                                                             (00:00.000 / 02:25.020, 770Mb)
Check /work/output/de/tbl_bck0112.png                                                                (00:00.000 / 02:25.020, 770Mb)
Check /work/output/de/tbl_bck012.png                                                                 (00:00.000 / 02:25.020, 770Mb)
Check /work/output/de/tbl_bck01240.png                                                               (00:00.000 / 02:25.020, 770Mb)
Check /work/output/de/tbl_bck0125.png                                                                (00:00.000 / 02:25.021, 770Mb)
Check /work/output/de/tbl_bck01250.png                                                               (00:00.000 / 02:25.021, 770Mb)
Check /work/output/de/tbl_bck01252.png                                                               (00:00.000 / 02:25.021, 770Mb)
Check /work/output/de/tbl_bck013.png                                                                 (00:00.000 / 02:25.021, 770Mb)
Check /work/output/de/tbl_bck0140.png                                                                (00:00.000 / 02:25.022, 770Mb)
Check /work/output/de/tbl_bck015.png                                                                 (00:00.000 / 02:25.022, 770Mb)
Check /work/output/de/tbl_bck0240.png                                                                (00:00.000 / 02:25.022, 770Mb)
.Check /work/output/de/tbl_bck02400.png                                                               (00:00.000 / 02:25.023, 770Mb)
Check /work/output/de/tbl_bck0241.png                                                                (00:00.000 / 02:25.023, 770Mb)
Check /work/output/de/tbl_bck02410.png                                                               (00:00.000 / 02:25.023, 770Mb)
Check /work/output/de/tbl_bck025.png                                                                 (00:00.000 / 02:25.023, 770Mb)
Check /work/output/de/tbl_bck0250.png                                                                (00:00.000 / 02:25.024, 770Mb)
Check /work/output/de/tbl_bck02500.png                                                               (00:00.000 / 02:25.024, 770Mb)
Check /work/output/de/tbl_bck025000.png                                                              (00:00.000 / 02:25.024, 770Mb)
Check /work/output/de/tbl_bck02501.png                                                               (00:00.000 / 02:25.024, 770Mb)
Check /work/output/de/tbl_bck025010.png                                                              (00:00.000 / 02:25.025, 770Mb)
Check /work/output/de/tbl_bck0250240.png                                                             (00:00.000 / 02:25.025, 770Mb)
Check /work/output/de/tbl_bck025025.png                                                              (00:00.000 / 02:25.025, 770Mb)
Check /work/output/de/tbl_bck0250250.png                                                             (00:00.000 / 02:25.025, 770Mb)
Check /work/output/de/tbl_bck02503.png                                                               (00:00.000 / 02:25.026, 770Mb)
Check /work/output/de/tbl_bck0251.png                                                                (00:00.000 / 02:25.026, 770Mb)
Check /work/output/de/tbl_bck02510.png                                                               (00:00.000 / 02:25.026, 770Mb)
Check /work/output/de/tbl_bck02512.png                                                               (00:00.000 / 02:25.026, 770Mb)
Check /work/output/de/tbl_bck0251240.png                                                             (00:00.000 / 02:25.027, 770Mb)
Check /work/output/de/tbl_bck025125.png                                                              (00:00.000 / 02:25.027, 770Mb)
Check /work/output/de/tbl_bck0251250.png                                                             (00:00.000 / 02:25.027, 770Mb)
Check /work/output/de/tbl_bck0251252.png                                                             (00:00.000 / 02:25.028, 770Mb)
Check /work/output/de/tbl_bck02513.png                                                               (00:00.000 / 02:25.028, 770Mb)
Check /work/output/de/tbl_bck03.png                                                                  (00:00.000 / 02:25.028, 770Mb)
Check /work/output/de/tbl_bck0320.png                                                                (00:00.000 / 02:25.028, 770Mb)
Check /work/output/de/tbl_bck033.png                                                                 (00:00.000 / 02:25.029, 770Mb)
Check /work/output/de/tbl_bck0330.png                                                                (00:00.000 / 02:25.029, 770Mb)
Check /work/output/de/tbl_bck03300.png                                                               (00:00.000 / 02:25.029, 770Mb)
Check /work/output/de/tbl_bck0331.png                                                                (00:00.000 / 02:25.029, 770Mb)
Check /work/output/de/tbl_bck03310.png                                                               (00:00.000 / 02:25.030, 770Mb)
Check /work/output/de/tbl_bck0340.png                                                                (00:00.000 / 02:25.030, 770Mb)
Check /work/output/de/tbl_bck03400.png                                                               (00:00.000 / 02:25.030, 770Mb)
Check /work/output/de/tbl_bck0341.png                                                                (00:00.000 / 02:25.030, 770Mb)
Check /work/output/de/tbl_bck03410.png                                                               (00:00.000 / 02:25.031, 770Mb)
Check /work/output/de/tbl_bck035.png                                                                 (00:00.000 / 02:25.031, 770Mb)
Check /work/output/de/tbl_bck0350.png                                                                (00:00.000 / 02:25.031, 770Mb)
Check /work/output/de/tbl_bck03500.png                                                               (00:00.000 / 02:25.031, 770Mb)
Check /work/output/de/tbl_bck0350240.png                                                             (00:00.000 / 02:25.032, 770Mb)
Check /work/output/de/tbl_bck035025.png                                                              (00:00.000 / 02:25.032, 770Mb)
Check /work/output/de/tbl_bck0350250.png                                                             (00:00.000 / 02:25.032, 770Mb)
Check /work/output/de/tbl_bck03503.png                                                               (00:00.000 / 02:25.032, 770Mb)
Check /work/output/de/tbl_bck0351.png                                                                (00:00.000 / 02:25.033, 770Mb)
Check /work/output/de/tbl_bck03510.png                                                               (00:00.000 / 02:25.033, 770Mb)
Check /work/output/de/tbl_bck03512.png                                                               (00:00.000 / 02:25.033, 770Mb)
Check /work/output/de/tbl_bck0351240.png                                                             (00:00.000 / 02:25.034, 770Mb)
Check /work/output/de/tbl_bck035125.png                                                              (00:00.000 / 02:25.034, 770Mb)
Check /work/output/de/tbl_bck0351250.png                                                             (00:00.000 / 02:25.034, 770Mb)
Check /work/output/de/tbl_bck0351252.png                                                             (00:00.000 / 02:25.035, 770Mb)
Check /work/output/de/tbl_bck03513.png                                                               (00:00.000 / 02:25.035, 770Mb)
Check /work/output/de/tbl_bck04.png                                                                  (00:00.000 / 02:25.035, 770Mb)
Check /work/output/de/tbl_bck040.png                                                                 (00:00.000 / 02:25.035, 770Mb)
Check /work/output/de/tbl_bck0400.png                                                                (00:00.000 / 02:25.036, 770Mb)
Check /work/output/de/tbl_bck041.png                                                                 (00:00.000 / 02:25.036, 770Mb)
Check /work/output/de/tbl_bck0410.png                                                                (00:00.000 / 02:25.036, 770Mb)
Check /work/output/de/tbl_bck05.png                                                                  (00:00.000 / 02:25.036, 770Mb)
Check /work/output/de/tbl_bck050.png                                                                 (00:00.000 / 02:25.037, 770Mb)
Check /work/output/de/tbl_bck0500.png                                                                (00:00.000 / 02:25.037, 770Mb)
Check /work/output/de/tbl_bck05040.png                                                               (00:00.000 / 02:25.037, 770Mb)
Check /work/output/de/tbl_bck0505.png                                                                (00:00.000 / 02:25.038, 770Mb)
Check /work/output/de/tbl_bck05050.png                                                               (00:00.000 / 02:25.038, 770Mb)
Check /work/output/de/tbl_bck051.png                                                                 (00:00.000 / 02:25.038, 770Mb)
Check /work/output/de/tbl_bck0510.png                                                                (00:00.000 / 02:25.038, 770Mb)
Check /work/output/de/tbl_bck0512.png                                                                (00:00.000 / 02:25.039, 770Mb)
.Check /work/output/de/tbl_bck05140.png                                                               (00:00.000 / 02:25.039, 770Mb)
Check /work/output/de/tbl_bck0515.png                                                                (00:00.000 / 02:25.039, 770Mb)
Check /work/output/de/tbl_bck05150.png                                                               (00:00.000 / 02:25.039, 770Mb)
Check /work/output/de/tbl_bck05152.png                                                               (00:00.000 / 02:25.040, 770Mb)
Check /work/output/de/tbl_bck1.png                                                                   (00:00.000 / 02:25.040, 770Mb)
Check /work/output/de/tbl_bck10.png                                                                  (00:00.000 / 02:25.040, 770Mb)
Check /work/output/de/tbl_bck100.png                                                                 (00:00.000 / 02:25.040, 770Mb)
Check /work/output/de/tbl_bck1000.png                                                                (00:00.000 / 02:25.041, 770Mb)
Check /work/output/de/tbl_bck10000.png                                                               (00:00.000 / 02:25.041, 770Mb)
Check /work/output/de/tbl_bck100000.png                                                              (00:00.000 / 02:25.041, 770Mb)
Check /work/output/de/tbl_bck10001.png                                                               (00:00.000 / 02:25.041, 770Mb)
Check /work/output/de/tbl_bck100010.png                                                              (00:00.000 / 02:25.042, 770Mb)
Check /work/output/de/tbl_bck1001.png                                                                (00:00.000 / 02:25.042, 770Mb)
Check /work/output/de/tbl_bck10010.png                                                               (00:00.000 / 02:25.042, 770Mb)
Check /work/output/de/tbl_bck100100.png                                                              (00:00.000 / 02:25.043, 770Mb)
Check /work/output/de/tbl_bck1001000.png                                                             (00:00.000 / 02:25.043, 770Mb)
Check /work/output/de/tbl_bck10010000.png                                                            (00:00.000 / 02:25.043, 770Mb)
Check /work/output/de/tbl_bck1001001.png                                                             (00:00.000 / 02:25.044, 770Mb)
Check /work/output/de/tbl_bck10010010.png                                                            (00:00.000 / 02:25.045, 770Mb)
Check /work/output/de/tbl_bck100101.png                                                              (00:00.000 / 02:25.046, 770Mb)
Check /work/output/de/tbl_bck1001010.png                                                             (00:00.000 / 02:25.046, 770Mb)
Check /work/output/de/tbl_bck10011.png                                                               (00:00.000 / 02:25.047, 770Mb)
Check /work/output/de/tbl_bck100110.png                                                              (00:00.000 / 02:25.047, 770Mb)
Check /work/output/de/tbl_bck101.png                                                                 (00:00.000 / 02:25.048, 770Mb)
Check /work/output/de/tbl_bck1010.png                                                                (00:00.000 / 02:25.048, 770Mb)
Check /work/output/de/tbl_bck10100.png                                                               (00:00.000 / 02:25.049, 770Mb)
Check /work/output/de/tbl_bck101000.png                                                              (00:00.000 / 02:25.049, 770Mb)
Check /work/output/de/tbl_bck10101.png                                                               (00:00.000 / 02:25.050, 770Mb)
Check /work/output/de/tbl_bck101010.png                                                              (00:00.000 / 02:25.050, 770Mb)
Check /work/output/de/tbl_bck1011.png                                                                (00:00.000 / 02:25.050, 770Mb)
Check /work/output/de/tbl_bck10110.png                                                               (00:00.000 / 02:25.051, 770Mb)
Check /work/output/de/tbl_bck101100.png                                                              (00:00.000 / 02:25.051, 770Mb)
Check /work/output/de/tbl_bck1011000.png                                                             (00:00.000 / 02:25.052, 770Mb)
Check /work/output/de/tbl_bck10110000.png                                                            (00:00.000 / 02:25.052, 770Mb)
Check /work/output/de/tbl_bck1011001.png                                                             (00:00.000 / 02:25.052, 771Mb)
Check /work/output/de/tbl_bck10110010.png                                                            (00:00.000 / 02:25.053, 771Mb)
Check /work/output/de/tbl_bck101101.png                                                              (00:00.000 / 02:25.053, 771Mb)
Check /work/output/de/tbl_bck1011010.png                                                             (00:00.000 / 02:25.054, 771Mb)
Check /work/output/de/tbl_bck10111.png                                                               (00:00.000 / 02:25.054, 771Mb)
Check /work/output/de/tbl_bck101110.png                                                              (00:00.000 / 02:25.055, 771Mb)
Check /work/output/de/tbl_bck1011100.png                                                             (00:00.000 / 02:25.055, 771Mb)
Check /work/output/de/tbl_bck101111.png                                                              (00:00.000 / 02:25.055, 771Mb)
Check /work/output/de/tbl_bck1011110.png                                                             (00:00.000 / 02:25.056, 771Mb)
Check /work/output/de/tbl_bck1024.png                                                                (00:00.000 / 02:25.056, 771Mb)
Check /work/output/de/tbl_bck10240.png                                                               (00:00.000 / 02:25.056, 771Mb)
Check /work/output/de/tbl_bck1025.png                                                                (00:00.000 / 02:25.057, 771Mb)
Check /work/output/de/tbl_bck10250.png                                                               (00:00.000 / 02:25.057, 771Mb)
Check /work/output/de/tbl_bck103.png                                                                 (00:00.000 / 02:25.057, 771Mb)
Check /work/output/de/tbl_bck104.png                                                                 (00:00.000 / 02:25.057, 771Mb)
Check /work/output/de/tbl_bck1040.png                                                                (00:00.000 / 02:25.058, 771Mb)
Check /work/output/de/tbl_bck105.png                                                                 (00:00.000 / 02:25.058, 771Mb)
Check /work/output/de/tbl_bck1050.png                                                                (00:00.000 / 02:25.058, 771Mb)
Check /work/output/de/tbl_bck11.png                                                                  (00:00.000 / 02:25.059, 771Mb)
Check /work/output/de/tbl_bck110.png                                                                 (00:00.000 / 02:25.059, 771Mb)
Check /work/output/de/tbl_bck1100.png                                                                (00:00.000 / 02:25.059, 771Mb)
Check /work/output/de/tbl_bck11000.png                                                               (00:00.000 / 02:25.060, 771Mb)
Check /work/output/de/tbl_bck110000.png                                                              (00:00.000 / 02:25.060, 771Mb)
Check /work/output/de/tbl_bck11001.png                                                               (00:00.000 / 02:25.060, 771Mb)
Check /work/output/de/tbl_bck110010.png                                                              (00:00.000 / 02:25.060, 771Mb)
Check /work/output/de/tbl_bck1101.png                                                                (00:00.000 / 02:25.061, 771Mb)
Check /work/output/de/tbl_bck11010.png                                                               (00:00.000 / 02:25.061, 771Mb)
.Check /work/output/de/tbl_bck110100.png                                                              (00:00.000 / 02:25.061, 771Mb)
Check /work/output/de/tbl_bck11011.png                                                               (00:00.000 / 02:25.062, 771Mb)
Check /work/output/de/tbl_bck110110.png                                                              (00:00.000 / 02:25.062, 771Mb)
Check /work/output/de/tbl_bck111.png                                                                 (00:00.000 / 02:25.063, 771Mb)
Check /work/output/de/tbl_bck1110.png                                                                (00:00.000 / 02:25.063, 771Mb)
Check /work/output/de/tbl_bck11100.png                                                               (00:00.000 / 02:25.064, 771Mb)
Check /work/output/de/tbl_bck111000.png                                                              (00:00.000 / 02:25.064, 771Mb)
Check /work/output/de/tbl_bck11101.png                                                               (00:00.000 / 02:25.064, 771Mb)
Check /work/output/de/tbl_bck111010.png                                                              (00:00.000 / 02:25.064, 771Mb)
Check /work/output/de/tbl_bck1111.png                                                                (00:00.000 / 02:25.065, 771Mb)
Check /work/output/de/tbl_bck11110.png                                                               (00:00.000 / 02:25.065, 771Mb)
Check /work/output/de/tbl_bck111100.png                                                              (00:00.000 / 02:25.065, 771Mb)
Check /work/output/de/tbl_bck1111000.png                                                             (00:00.000 / 02:25.066, 771Mb)
Check /work/output/de/tbl_bck111101.png                                                              (00:00.000 / 02:25.066, 771Mb)
Check /work/output/de/tbl_bck1111010.png                                                             (00:00.000 / 02:25.066, 771Mb)
Check /work/output/de/tbl_bck11111.png                                                               (00:00.000 / 02:25.066, 771Mb)
Check /work/output/de/tbl_bck111110.png                                                              (00:00.000 / 02:25.067, 771Mb)
Check /work/output/de/tbl_bck1112.png                                                                (00:00.000 / 02:25.067, 771Mb)
Check /work/output/de/tbl_bck112.png                                                                 (00:00.000 / 02:25.067, 771Mb)
Check /work/output/de/tbl_bck1124.png                                                                (00:00.000 / 02:25.067, 771Mb)
Check /work/output/de/tbl_bck11240.png                                                               (00:00.000 / 02:25.068, 771Mb)
Check /work/output/de/tbl_bck1125.png                                                                (00:00.000 / 02:25.068, 771Mb)
Check /work/output/de/tbl_bck11250.png                                                               (00:00.000 / 02:25.068, 771Mb)
Check /work/output/de/tbl_bck11252.png                                                               (00:00.000 / 02:25.068, 771Mb)
Check /work/output/de/tbl_bck113.png                                                                 (00:00.000 / 02:25.069, 771Mb)
Check /work/output/de/tbl_bck1140.png                                                                (00:00.000 / 02:25.069, 771Mb)
Check /work/output/de/tbl_bck115.png                                                                 (00:00.000 / 02:25.069, 771Mb)
Check /work/output/de/tbl_bck1150.png                                                                (00:00.000 / 02:25.070, 771Mb)
Check /work/output/de/tbl_bck1152.png                                                                (00:00.000 / 02:25.070, 771Mb)
Check /work/output/de/tbl_bck12.png                                                                  (00:00.000 / 02:25.070, 771Mb)
Check /work/output/de/tbl_bck120.png                                                                 (00:00.000 / 02:25.070, 771Mb)
Check /work/output/de/tbl_bck124.png                                                                 (00:00.000 / 02:25.070, 771Mb)
Check /work/output/de/tbl_bck1240.png                                                                (00:00.000 / 02:25.071, 771Mb)
Check /work/output/de/tbl_bck12400.png                                                               (00:00.000 / 02:25.071, 771Mb)
Check /work/output/de/tbl_bck1241.png                                                                (00:00.000 / 02:25.071, 771Mb)
Check /work/output/de/tbl_bck12410.png                                                               (00:00.000 / 02:25.071, 771Mb)
Check /work/output/de/tbl_bck12424.png                                                               (00:00.000 / 02:25.072, 771Mb)
Check /work/output/de/tbl_bck1243.png                                                                (00:00.000 / 02:25.072, 771Mb)
Check /work/output/de/tbl_bck125.png                                                                 (00:00.000 / 02:25.072, 771Mb)
Check /work/output/de/tbl_bck1250.png                                                                (00:00.000 / 02:25.073, 771Mb)
Check /work/output/de/tbl_bck12500.png                                                               (00:00.000 / 02:25.073, 771Mb)
Check /work/output/de/tbl_bck1251.png                                                                (00:00.000 / 02:25.073, 771Mb)
Check /work/output/de/tbl_bck12510.png                                                               (00:00.000 / 02:25.073, 771Mb)
Check /work/output/de/tbl_bck125100.png                                                              (00:00.000 / 02:25.074, 771Mb)
Check /work/output/de/tbl_bck12511.png                                                               (00:00.000 / 02:25.074, 771Mb)
Check /work/output/de/tbl_bck125110.png                                                              (00:00.000 / 02:25.074, 771Mb)
Check /work/output/de/tbl_bck12512.png                                                               (00:00.000 / 02:25.074, 771Mb)
Check /work/output/de/tbl_bck1252.png                                                                (00:00.000 / 02:25.075, 771Mb)
Check /work/output/de/tbl_bck1252400.png                                                             (00:00.000 / 02:25.075, 771Mb)
Check /work/output/de/tbl_bck125241.png                                                              (00:00.000 / 02:25.075, 771Mb)
Check /work/output/de/tbl_bck1252410.png                                                             (00:00.000 / 02:25.075, 771Mb)
Check /work/output/de/tbl_bck1252412.png                                                             (00:00.000 / 02:25.076, 771Mb)
Check /work/output/de/tbl_bck12525.png                                                               (00:00.000 / 02:25.076, 771Mb)
Check /work/output/de/tbl_bck125250.png                                                              (00:00.000 / 02:25.076, 771Mb)
Check /work/output/de/tbl_bck125252.png                                                              (00:00.000 / 02:25.077, 771Mb)
Check /work/output/de/tbl_bck1253.png                                                                (00:00.000 / 02:25.077, 771Mb)
Check /work/output/de/tbl_bck125340.png                                                              (00:00.000 / 02:25.077, 771Mb)
Check /work/output/de/tbl_bck12535.png                                                               (00:00.000 / 02:25.077, 771Mb)
Check /work/output/de/tbl_bck125350.png                                                              (00:00.000 / 02:25.078, 771Mb)
Check /work/output/de/tbl_bck125352.png                                                              (00:00.000 / 02:25.078, 771Mb)
Check /work/output/de/tbl_bck13.png                                                                  (00:00.000 / 02:25.078, 771Mb)
.Check /work/output/de/tbl_bck130.png                                                                 (00:00.000 / 02:25.078, 771Mb)
Check /work/output/de/tbl_bck1320.png                                                                (00:00.000 / 02:25.079, 771Mb)
Check /work/output/de/tbl_bck133.png                                                                 (00:00.000 / 02:25.079, 771Mb)
Check /work/output/de/tbl_bck1330.png                                                                (00:00.000 / 02:25.079, 771Mb)
Check /work/output/de/tbl_bck134.png                                                                 (00:00.000 / 02:25.079, 771Mb)
Check /work/output/de/tbl_bck1340.png                                                                (00:00.000 / 02:25.080, 771Mb)
Check /work/output/de/tbl_bck13400.png                                                               (00:00.000 / 02:25.080, 771Mb)
Check /work/output/de/tbl_bck1341.png                                                                (00:00.000 / 02:25.081, 771Mb)
Check /work/output/de/tbl_bck13410.png                                                               (00:00.000 / 02:25.081, 771Mb)
Check /work/output/de/tbl_bck135.png                                                                 (00:00.000 / 02:25.081, 771Mb)
Check /work/output/de/tbl_bck1350.png                                                                (00:00.000 / 02:25.082, 771Mb)
Check /work/output/de/tbl_bck13500.png                                                               (00:00.000 / 02:25.082, 771Mb)
Check /work/output/de/tbl_bck1351.png                                                                (00:00.000 / 02:25.083, 771Mb)
Check /work/output/de/tbl_bck13510.png                                                               (00:00.000 / 02:25.083, 771Mb)
Check /work/output/de/tbl_bck13512.png                                                               (00:00.000 / 02:25.084, 771Mb)
Check /work/output/de/tbl_bck1352.png                                                                (00:00.000 / 02:25.084, 771Mb)
Check /work/output/de/tbl_bck14.png                                                                  (00:00.000 / 02:25.084, 771Mb)
Check /work/output/de/tbl_bck140.png                                                                 (00:00.000 / 02:25.084, 771Mb)
Check /work/output/de/tbl_bck1400.png                                                                (00:00.000 / 02:25.085, 771Mb)
Check /work/output/de/tbl_bck141.png                                                                 (00:00.000 / 02:25.085, 771Mb)
Check /work/output/de/tbl_bck1410.png                                                                (00:00.000 / 02:25.085, 771Mb)
Check /work/output/de/tbl_bck1424.png                                                                (00:00.000 / 02:25.086, 771Mb)
Check /work/output/de/tbl_bck143.png                                                                 (00:00.000 / 02:25.086, 771Mb)
Check /work/output/de/tbl_bck144.png                                                                 (00:00.000 / 02:25.086, 771Mb)
Check /work/output/de/tbl_bck15.png                                                                  (00:00.000 / 02:25.086, 771Mb)
Check /work/output/de/tbl_bck150.png                                                                 (00:00.000 / 02:25.087, 771Mb)
Check /work/output/de/tbl_bck1500.png                                                                (00:00.000 / 02:25.087, 771Mb)
Check /work/output/de/tbl_bck15040.png                                                               (00:00.000 / 02:25.087, 771Mb)
Check /work/output/de/tbl_bck1505.png                                                                (00:00.000 / 02:25.088, 771Mb)
Check /work/output/de/tbl_bck15050.png                                                               (00:00.000 / 02:25.088, 771Mb)
Check /work/output/de/tbl_bck151.png                                                                 (00:00.000 / 02:25.088, 771Mb)
Check /work/output/de/tbl_bck1510.png                                                                (00:00.000 / 02:25.088, 771Mb)
Check /work/output/de/tbl_bck1512.png                                                                (00:00.000 / 02:25.089, 771Mb)
Check /work/output/de/tbl_bck15140.png                                                               (00:00.000 / 02:25.089, 771Mb)
Check /work/output/de/tbl_bck1515.png                                                                (00:00.000 / 02:25.089, 771Mb)
Check /work/output/de/tbl_bck15150.png                                                               (00:00.000 / 02:25.089, 771Mb)
Check /work/output/de/tbl_bck15152.png                                                               (00:00.000 / 02:25.090, 771Mb)
Check /work/output/de/tbl_bck152.png                                                                 (00:00.000 / 02:25.090, 771Mb)
Check /work/output/de/tbl_bck1540.png                                                                (00:00.000 / 02:25.090, 771Mb)
Check /work/output/de/tbl_bck15424.png                                                               (00:00.000 / 02:25.091, 771Mb)
Check /work/output/de/tbl_bck1543.png                                                                (00:00.000 / 02:25.091, 771Mb)
Check /work/output/de/tbl_bck155.png                                                                 (00:00.000 / 02:25.091, 771Mb)
Check /work/output/de/tbl_bck1550.png                                                                (00:00.000 / 02:25.091, 771Mb)
Check /work/output/de/tbl_bck1552.png                                                                (00:00.000 / 02:25.092, 771Mb)
Check /work/output/de/tbl_blank.png                                                                  (00:00.000 / 02:25.092, 771Mb)
Check /work/output/de/tbl_spacer.png                                                                 (00:00.000 / 02:25.092, 771Mb)
Check /work/output/de/tbl_vjoin-closed.png                                                           (00:00.000 / 02:25.093, 771Mb)
Check /work/output/de/tbl_vjoin-open.png                                                             (00:00.000 / 02:25.093, 771Mb)
Check /work/output/de/tbl_vjoin.png                                                                  (00:00.000 / 02:25.094, 771Mb)
Check /work/output/de/tbl_vjoin_end-closed.png                                                       (00:00.000 / 02:25.094, 771Mb)
Check /work/output/de/tbl_vjoin_end-open.png                                                         (00:00.000 / 02:25.095, 771Mb)
Check /work/output/de/tbl_vjoin_end.png                                                              (00:00.000 / 02:25.095, 771Mb)
Check /work/output/de/tbl_vjoin_end_slice-closed.png                                                 (00:00.000 / 02:25.095, 771Mb)
Check /work/output/de/tbl_vjoin_end_slice-open.png                                                   (00:00.000 / 02:25.096, 771Mb)
Check /work/output/de/tbl_vjoin_end_slice.png                                                        (00:00.000 / 02:25.096, 771Mb)
Check /work/output/de/tbl_vjoin_end_slicer-closed.png                                                (00:00.000 / 02:25.096, 771Mb)
Check /work/output/de/tbl_vjoin_end_slicer-open.png                                                  (00:00.000 / 02:25.097, 771Mb)
Check /work/output/de/tbl_vjoin_end_slicer.png                                                       (00:00.000 / 02:25.097, 771Mb)
Check /work/output/de/tbl_vjoin_slice-closed.png                                                     (00:00.000 / 02:25.098, 771Mb)
Check /work/output/de/tbl_vjoin_slice-open.png                                                       (00:00.000 / 02:25.098, 771Mb)
Check /work/output/de/tbl_vjoin_slice.png                                                            (00:00.001 / 02:25.100, 771Mb)
.Check /work/output/de/tbl_vjoin_slicer-closed.png                                                    (00:00.000 / 02:25.100, 771Mb)
Check /work/output/de/tbl_vjoin_slicer-open.png                                                      (00:00.000 / 02:25.101, 771Mb)
Check /work/output/de/tbl_vjoin_slicer.png                                                           (00:00.000 / 02:25.102, 771Mb)
Check /work/output/de/tbl_vline.png                                                                  (00:00.000 / 02:25.102, 771Mb)
Check /work/output/de/tbl_vline_slice.png                                                            (00:00.000 / 02:25.102, 771Mb)
Check /work/output/de/tbl_vline_slicer.png                                                           (00:00.000 / 02:25.103, 771Mb)
Check /work/output/de/toc.html                                                                       (00:00.000 / 02:25.103, 771Mb)
Check /work/output/de/translationinfo.html                                                           (00:00.014 / 02:25.118, 788Mb)
Check /work/output/de/translationinfo.md                                                             (00:00.005 / 02:25.123, 796Mb)
Check /work/output/de/tree-filter.png                                                                (00:00.000 / 02:25.123, 796Mb)
Check /work/output/de/uml-diagrams.html                                                              (00:00.000 / 02:25.123, 796Mb)
Check /work/output/de/uml-diagrams.md                                                                (00:00.005 / 02:25.129, 805Mb)
Check /work/output/de/value-sets.html                                                                (00:00.000 / 02:25.129, 805Mb)
Check /work/output/de/value-sets.md                                                                  (00:00.012 / 02:25.141, 814Mb)
Check /work/output/de/version-history.html                                                           (00:00.000 / 02:25.142, 814Mb)
Check /work/output/de/version-history.md                                                             (00:00.006 / 02:25.148, 827Mb)
Check /work/output/definitions.json.zip                                                              (00:00.000 / 02:25.149, 827Mb)
Check /work/output/definitions.xml.zip                                                               (00:00.002 / 02:25.151, 827Mb)
Check /work/output/downloads.html                                                                    (00:00.001 / 02:25.153, 827Mb)
Check /work/output/en/CapabilityStatement-mii-cap-consent-server-testing.html                        (00:00.001 / 02:25.154, 827Mb)
Check /work/output/en/CapabilityStatement-mii-cap-consent-server.change.history.html                 (00:00.010 / 02:25.165, 835Mb)
Check /work/output/en/CapabilityStatement-mii-cap-consent-server.html                                (00:00.009 / 02:25.174, 842Mb)
Check /work/output/en/CapabilityStatement-mii-cap-consent-server.json                                (00:00.020 / 02:25.194, 858Mb)
Check /work/output/en/CapabilityStatement-mii-cap-consent-server.json.html                           (00:00.000 / 02:25.195, 859Mb)
Check /work/output/en/CapabilityStatement-mii-cap-consent-server.md                                  (00:00.015 / 02:25.210, 883Mb)
Check /work/output/en/CapabilityStatement-mii-cap-consent-server.xml                                 (00:00.000 / 02:25.210, 884Mb)
Check /work/output/en/CapabilityStatement-mii-cap-consent-server.xml.html                            (00:00.000 / 02:25.211, 884Mb)
Check /work/output/en/CodeSystem-2.16.840.1.113883.3.1937.777.24.5.2--20210423105554-testing.html    (00:00.013 / 02:25.224, 909Mb)
Check /work/output/en/CodeSystem-2.16.840.1.113883.3.1937.777.24.5.2--20210423105554.change.history.html (00:00.004 / 02:25.229, 917Mb)
Check /work/output/en/CodeSystem-2.16.840.1.113883.3.1937.777.24.5.2--20210423105554.html            (00:00.004 / 02:25.234, 923Mb)
Check /work/output/en/CodeSystem-2.16.840.1.113883.3.1937.777.24.5.2--20210423105554.json            (00:00.009 / 02:25.243, 932Mb)
Check /work/output/en/CodeSystem-2.16.840.1.113883.3.1937.777.24.5.2--20210423105554.json.html       (00:00.000 / 02:25.244, 932Mb)
Check /work/output/en/CodeSystem-2.16.840.1.113883.3.1937.777.24.5.2--20210423105554.md              (00:00.013 / 02:25.258, 948Mb)
Check /work/output/en/CodeSystem-2.16.840.1.113883.3.1937.777.24.5.2--20210423105554.xml             (00:00.000 / 02:25.258, 948Mb)
Check /work/output/en/CodeSystem-2.16.840.1.113883.3.1937.777.24.5.2--20210423105554.xml.html        (00:00.000 / 02:25.259, 948Mb)
Check /work/output/en/CodeSystem-2.16.840.1.113883.3.1937.777.24.5.3--20251211153003-testing.html    (00:00.012 / 02:25.272, 962Mb)
Check /work/output/en/CodeSystem-2.16.840.1.113883.3.1937.777.24.5.3--20251211153003.change.history.html (00:00.005 / 02:25.277, 969Mb)
Check /work/output/en/CodeSystem-2.16.840.1.113883.3.1937.777.24.5.3--20251211153003.html            (00:00.006 / 02:25.283, 976Mb)
Check /work/output/en/CodeSystem-2.16.840.1.113883.3.1937.777.24.5.3--20251211153003.json            (00:00.021 / 02:25.304, 1004Mb)
Check /work/output/en/CodeSystem-2.16.840.1.113883.3.1937.777.24.5.3--20251211153003.json.html       (00:00.001 / 02:25.305, 1005Mb)
Check /work/output/en/CodeSystem-2.16.840.1.113883.3.1937.777.24.5.3--20251211153003.md              (00:00.069 / 02:25.375, 1Gb)
Check /work/output/en/CodeSystem-2.16.840.1.113883.3.1937.777.24.5.3--20251211153003.xml             (00:00.001 / 02:25.376, 1Gb)
Check /work/output/en/CodeSystem-2.16.840.1.113883.3.1937.777.24.5.3--20251211153003.xml.html        (00:00.000 / 02:25.377, 1Gb)
Check /work/output/en/CodeSystem-mii-cs-consent-version-modules-testing.html                         (00:00.056 / 02:25.434, 1Gb)
Check /work/output/en/CodeSystem-mii-cs-consent-version-modules.change.history.html                  (00:00.007 / 02:25.442, 1Gb)
Check /work/output/en/CodeSystem-mii-cs-consent-version-modules.html                                 (00:00.004 / 02:25.446, 1Gb)
Check /work/output/en/CodeSystem-mii-cs-consent-version-modules.json                                 (00:00.014 / 02:25.460, 1Gb)
Check /work/output/en/CodeSystem-mii-cs-consent-version-modules.json.html                            (00:00.001 / 02:25.462, 1Gb)
Check /work/output/en/CodeSystem-mii-cs-consent-version-modules.md                                   (00:00.042 / 02:25.505, 1Gb)
Check /work/output/en/CodeSystem-mii-cs-consent-version-modules.xml                                  (00:00.001 / 02:25.506, 1Gb)
Check /work/output/en/CodeSystem-mii-cs-consent-version-modules.xml.html                             (00:00.000 / 02:25.507, 1Gb)
Check /work/output/en/Consent-34150a23-b1c8-404f-874f-e042a30435d2.change.history.html               (00:00.067 / 02:25.575, 441Mb)
Check /work/output/en/Consent-34150a23-b1c8-404f-874f-e042a30435d2.html                              (00:00.004 / 02:25.579, 447Mb)
Check /work/output/en/Consent-34150a23-b1c8-404f-874f-e042a30435d2.json                              (00:00.011 / 02:25.591, 458Mb)
Check /work/output/en/Consent-34150a23-b1c8-404f-874f-e042a30435d2.json.html                         (00:00.000 / 02:25.591, 458Mb)
Check /work/output/en/Consent-34150a23-b1c8-404f-874f-e042a30435d2.md                                (00:00.023 / 02:25.615, 497Mb)
Check /work/output/en/Consent-34150a23-b1c8-404f-874f-e042a30435d2.xml                               (00:00.000 / 02:25.616, 497Mb)
Check /work/output/en/Consent-34150a23-b1c8-404f-874f-e042a30435d2.xml.html                          (00:00.000 / 02:25.616, 497Mb)
Check /work/output/en/Consent-5143266b-8d60-4b28-8ee9-635140ffa5bb.change.history.html               (00:00.022 / 02:25.639, 524Mb)
Check /work/output/en/Consent-5143266b-8d60-4b28-8ee9-635140ffa5bb.html                              (00:00.005 / 02:25.645, 531Mb)
Check /work/output/en/Consent-5143266b-8d60-4b28-8ee9-635140ffa5bb.json                              (00:00.015 / 02:25.660, 551Mb)
.Check /work/output/en/Consent-5143266b-8d60-4b28-8ee9-635140ffa5bb.json.html                         (00:00.001 / 02:25.661, 551Mb)
Check /work/output/en/Consent-5143266b-8d60-4b28-8ee9-635140ffa5bb.md                                (00:00.023 / 02:25.685, 651Mb)
Check /work/output/en/Consent-5143266b-8d60-4b28-8ee9-635140ffa5bb.xml                               (00:00.001 / 02:25.686, 651Mb)
Check /work/output/en/Consent-5143266b-8d60-4b28-8ee9-635140ffa5bb.xml.html                          (00:00.000 / 02:25.686, 651Mb)
Check /work/output/en/Consent-89f494a3-cd75-44f5-a78a-581dfdd47a94.change.history.html               (00:00.016 / 02:25.703, 715Mb)
Check /work/output/en/Consent-89f494a3-cd75-44f5-a78a-581dfdd47a94.html                              (00:00.003 / 02:25.706, 722Mb)
Check /work/output/en/Consent-89f494a3-cd75-44f5-a78a-581dfdd47a94.json                              (00:00.004 / 02:25.710, 732Mb)
Check /work/output/en/Consent-89f494a3-cd75-44f5-a78a-581dfdd47a94.json.html                         (00:00.000 / 02:25.710, 732Mb)
Check /work/output/en/Consent-89f494a3-cd75-44f5-a78a-581dfdd47a94.md                                (00:00.006 / 02:25.717, 764Mb)
Check /work/output/en/Consent-89f494a3-cd75-44f5-a78a-581dfdd47a94.xml                               (00:00.000 / 02:25.718, 764Mb)
Check /work/output/en/Consent-89f494a3-cd75-44f5-a78a-581dfdd47a94.xml.html                          (00:00.000 / 02:25.719, 764Mb)
Check /work/output/en/Consent-Example-MII-Consent-ResultType-document.change.history.html            (00:00.007 / 02:25.726, 787Mb)
Check /work/output/en/Consent-Example-MII-Consent-ResultType-document.html                           (00:00.002 / 02:25.729, 794Mb)
Check /work/output/en/Consent-Example-MII-Consent-ResultType-document.json                           (00:00.004 / 02:25.733, 804Mb)
Check /work/output/en/Consent-Example-MII-Consent-ResultType-document.json.html                      (00:00.000 / 02:25.734, 804Mb)
Check /work/output/en/Consent-Example-MII-Consent-ResultType-document.md                             (00:00.006 / 02:25.740, 836Mb)
Check /work/output/en/Consent-Example-MII-Consent-ResultType-document.xml                            (00:00.000 / 02:25.741, 836Mb)
Check /work/output/en/Consent-Example-MII-Consent-ResultType-document.xml.html                       (00:00.000 / 02:25.741, 836Mb)
Check /work/output/en/DocumentReference-8a3d1799-2463-405e-b49c-6a16c8692b01.change.history.html     (00:00.006 / 02:25.748, 859Mb)
Check /work/output/en/DocumentReference-8a3d1799-2463-405e-b49c-6a16c8692b01.html                    (00:00.003 / 02:25.751, 866Mb)
Check /work/output/en/DocumentReference-8a3d1799-2463-405e-b49c-6a16c8692b01.json                    (00:00.003 / 02:25.755, 873Mb)
Check /work/output/en/DocumentReference-8a3d1799-2463-405e-b49c-6a16c8692b01.json.html               (00:00.000 / 02:25.755, 873Mb)
Check /work/output/en/DocumentReference-8a3d1799-2463-405e-b49c-6a16c8692b01.md                      (00:00.003 / 02:25.759, 884Mb)
Check /work/output/en/DocumentReference-8a3d1799-2463-405e-b49c-6a16c8692b01.xml                     (00:00.000 / 02:25.759, 884Mb)
Check /work/output/en/DocumentReference-8a3d1799-2463-405e-b49c-6a16c8692b01.xml.html                (00:00.000 / 02:25.760, 884Mb)
Check /work/output/en/ImplementationGuide-mii-ig-consent.html                                        (00:00.003 / 02:25.763, 893Mb)
Check /work/output/en/ImplementationGuide-mii-ig-consent.json                                        (00:00.009 / 02:25.772, 918Mb)
Check /work/output/en/ImplementationGuide-mii-ig-consent.md                                          (00:00.000 / 02:25.773, 918Mb)
Check /work/output/en/ImplementationGuide-mii-ig-consent.xml                                         (00:00.000 / 02:25.774, 918Mb)
Check /work/output/en/MII-KDS_de_Consent.jpg                                                         (00:00.000 / 02:25.774, 918Mb)
Check /work/output/en/Parameters-mii-param-consent-manifest.change.history.html                      (00:00.000 / 02:25.775, 919Mb)
Check /work/output/en/Parameters-mii-param-consent-manifest.html                                     (00:00.003 / 02:25.779, 926Mb)
Check /work/output/en/Parameters-mii-param-consent-manifest.json                                     (00:00.004 / 02:25.784, 938Mb)
Check /work/output/en/Parameters-mii-param-consent-manifest.json.html                                (00:00.000 / 02:25.784, 938Mb)
Check /work/output/en/Parameters-mii-param-consent-manifest.md                                       (00:00.006 / 02:25.791, 956Mb)
Check /work/output/en/Parameters-mii-param-consent-manifest.xml                                      (00:00.000 / 02:25.792, 956Mb)
Check /work/output/en/Parameters-mii-param-consent-manifest.xml.html                                 (00:00.000 / 02:25.792, 956Mb)
Check /work/output/en/Provenance-55219d12-6245-4de4-8b50-ddf6f16a789b.change.history.html            (00:00.006 / 02:25.798, 973Mb)
Check /work/output/en/Provenance-55219d12-6245-4de4-8b50-ddf6f16a789b.html                           (00:00.003 / 02:25.802, 980Mb)
Check /work/output/en/Provenance-55219d12-6245-4de4-8b50-ddf6f16a789b.json                           (00:00.002 / 02:25.805, 987Mb)
Check /work/output/en/Provenance-55219d12-6245-4de4-8b50-ddf6f16a789b.json.html                      (00:00.000 / 02:25.805, 987Mb)
Check /work/output/en/Provenance-55219d12-6245-4de4-8b50-ddf6f16a789b.md                             (00:00.003 / 02:25.809, 999Mb)
Check /work/output/en/Provenance-55219d12-6245-4de4-8b50-ddf6f16a789b.xml                            (00:00.000 / 02:25.809, 1000Mb)
Check /work/output/en/Provenance-55219d12-6245-4de4-8b50-ddf6f16a789b.xml.html                       (00:00.000 / 02:25.810, 1000Mb)
Check /work/output/en/SearchParameter-mii-sp-consent-policyuri-testing.html                          (00:00.004 / 02:25.814, 1013Mb)
Check /work/output/en/SearchParameter-mii-sp-consent-policyuri.change.history.html                   (00:00.002 / 02:25.817, 1020Mb)
Check /work/output/en/SearchParameter-mii-sp-consent-policyuri.html                                  (00:00.005 / 02:25.823, 1Gb)
Check /work/output/en/SearchParameter-mii-sp-consent-policyuri.json                                  (00:00.003 / 02:25.826, 1Gb)
Check /work/output/en/SearchParameter-mii-sp-consent-policyuri.json.html                             (00:00.000 / 02:25.826, 1Gb)
Check /work/output/en/SearchParameter-mii-sp-consent-policyuri.md                                    (00:00.003 / 02:25.829, 1Gb)
Check /work/output/en/SearchParameter-mii-sp-consent-policyuri.xml                                   (00:00.000 / 02:25.830, 1Gb)
Check /work/output/en/SearchParameter-mii-sp-consent-policyuri.xml.html                              (00:00.000 / 02:25.830, 1Gb)
Check /work/output/en/SearchParameter-mii-sp-consent-provisioncode-testing.html                      (00:00.003 / 02:25.833, 1Gb)
Check /work/output/en/SearchParameter-mii-sp-consent-provisioncode.change.history.html               (00:00.002 / 02:25.836, 1Gb)
Check /work/output/en/SearchParameter-mii-sp-consent-provisioncode.html                              (00:00.002 / 02:25.839, 1Gb)
Check /work/output/en/SearchParameter-mii-sp-consent-provisioncode.json                              (00:00.003 / 02:25.842, 1Gb)
Check /work/output/en/SearchParameter-mii-sp-consent-provisioncode.json.html                         (00:00.000 / 02:25.843, 1Gb)
Check /work/output/en/SearchParameter-mii-sp-consent-provisioncode.md                                (00:00.003 / 02:25.846, 1Gb)
Check /work/output/en/SearchParameter-mii-sp-consent-provisioncode.xml                               (00:00.000 / 02:25.847, 1Gb)
Check /work/output/en/SearchParameter-mii-sp-consent-provisioncode.xml.html                          (00:00.000 / 02:25.847, 1Gb)
Check /work/output/en/SearchParameter-mii-sp-consent-provisioncodeperiod-testing.html                (00:00.003 / 02:25.851, 1Gb)
.Check /work/output/en/SearchParameter-mii-sp-consent-provisioncodeperiod.change.history.html         (00:00.002 / 02:25.854, 1Gb)
Check /work/output/en/SearchParameter-mii-sp-consent-provisioncodeperiod.html                        (00:00.002 / 02:25.856, 1Gb)
Check /work/output/en/SearchParameter-mii-sp-consent-provisioncodeperiod.json                        (00:00.003 / 02:25.859, 1Gb)
Check /work/output/en/SearchParameter-mii-sp-consent-provisioncodeperiod.json.html                   (00:00.000 / 02:25.860, 1Gb)
Check /work/output/en/SearchParameter-mii-sp-consent-provisioncodeperiod.md                          (00:00.003 / 02:25.863, 1Gb)
Check /work/output/en/SearchParameter-mii-sp-consent-provisioncodeperiod.xml                         (00:00.000 / 02:25.864, 1Gb)
Check /work/output/en/SearchParameter-mii-sp-consent-provisioncodeperiod.xml.html                    (00:00.000 / 02:25.864, 1Gb)
Check /work/output/en/SearchParameter-mii-sp-consent-provisioncodetype-testing.html                  (00:00.004 / 02:25.868, 1Gb)
Check /work/output/en/SearchParameter-mii-sp-consent-provisioncodetype.change.history.html           (00:00.003 / 02:25.871, 1Gb)
Check /work/output/en/SearchParameter-mii-sp-consent-provisioncodetype.html                          (00:00.002 / 02:25.874, 1Gb)
Check /work/output/en/SearchParameter-mii-sp-consent-provisioncodetype.json                          (00:00.003 / 02:25.878, 1Gb)
Check /work/output/en/SearchParameter-mii-sp-consent-provisioncodetype.json.html                     (00:00.000 / 02:25.878, 1Gb)
Check /work/output/en/SearchParameter-mii-sp-consent-provisioncodetype.md                            (00:00.003 / 02:25.881, 1Gb)
Check /work/output/en/SearchParameter-mii-sp-consent-provisioncodetype.xml                           (00:00.000 / 02:25.882, 1Gb)
Check /work/output/en/SearchParameter-mii-sp-consent-provisioncodetype.xml.html                      (00:00.000 / 02:25.882, 1Gb)
Check /work/output/en/SearchParameter-mii-sp-consent-provisionperiod-testing.html                    (00:00.003 / 02:25.886, 1Gb)
Check /work/output/en/SearchParameter-mii-sp-consent-provisionperiod.change.history.html             (00:00.003 / 02:25.889, 1Gb)
Check /work/output/en/SearchParameter-mii-sp-consent-provisionperiod.html                            (00:00.002 / 02:25.892, 1Gb)
Check /work/output/en/SearchParameter-mii-sp-consent-provisionperiod.json                            (00:00.002 / 02:25.895, 1Gb)
Check /work/output/en/SearchParameter-mii-sp-consent-provisionperiod.json.html                       (00:00.000 / 02:25.895, 1Gb)
Check /work/output/en/SearchParameter-mii-sp-consent-provisionperiod.md                              (00:00.003 / 02:25.899, 1Gb)
Check /work/output/en/SearchParameter-mii-sp-consent-provisionperiod.xml                             (00:00.000 / 02:25.899, 1Gb)
Check /work/output/en/SearchParameter-mii-sp-consent-provisionperiod.xml.html                        (00:00.000 / 02:25.899, 1Gb)
Check /work/output/en/SearchParameter-mii-sp-consent-provisiontype-testing.html                      (00:00.003 / 02:25.903, 1Gb)
Check /work/output/en/SearchParameter-mii-sp-consent-provisiontype.change.history.html               (00:00.002 / 02:25.906, 1Gb)
Check /work/output/en/SearchParameter-mii-sp-consent-provisiontype.html                              (00:00.002 / 02:25.908, 1Gb)
Check /work/output/en/SearchParameter-mii-sp-consent-provisiontype.json                              (00:00.003 / 02:25.912, 1Gb)
Check /work/output/en/SearchParameter-mii-sp-consent-provisiontype.json.html                         (00:00.000 / 02:25.912, 1Gb)
Check /work/output/en/SearchParameter-mii-sp-consent-provisiontype.md                                (00:00.003 / 02:25.916, 1Gb)
Check /work/output/en/SearchParameter-mii-sp-consent-provisiontype.xml                               (00:00.000 / 02:25.916, 1Gb)
Check /work/output/en/SearchParameter-mii-sp-consent-provisiontype.xml.html                          (00:00.000 / 02:25.916, 1Gb)
Check /work/output/en/StructureDefinition-56375452-bfa1-4111-af7c-5b5ba9a1857c-definitions.html      (00:00.003 / 02:25.920, 1Gb)
Check /work/output/en/StructureDefinition-56375452-bfa1-4111-af7c-5b5ba9a1857c-examples.html         (00:00.048 / 02:25.968, 542Mb)
Check /work/output/en/StructureDefinition-56375452-bfa1-4111-af7c-5b5ba9a1857c-intro.md              (00:00.006 / 02:25.975, 549Mb)
Check /work/output/en/StructureDefinition-56375452-bfa1-4111-af7c-5b5ba9a1857c-mappings.html         (00:00.000 / 02:25.975, 549Mb)
Check /work/output/en/StructureDefinition-56375452-bfa1-4111-af7c-5b5ba9a1857c-testing.html          (00:00.047 / 02:26.023, 584Mb)
Check /work/output/en/StructureDefinition-56375452-bfa1-4111-af7c-5b5ba9a1857c.html                  (00:00.008 / 02:26.031, 591Mb)
Check /work/output/en/StructureDefinition-56375452-bfa1-4111-af7c-5b5ba9a1857c.json                  (00:00.224 / 02:26.255, 790Mb)
Check /work/output/en/StructureDefinition-56375452-bfa1-4111-af7c-5b5ba9a1857c.md                    (00:00.003 / 02:26.259, 790Mb)
Check /work/output/en/StructureDefinition-56375452-bfa1-4111-af7c-5b5ba9a1857c.profile.history.html  (00:00.000 / 02:26.260, 790Mb)
Check /work/output/en/StructureDefinition-56375452-bfa1-4111-af7c-5b5ba9a1857c.profile.json.html     (00:00.005 / 02:26.265, 797Mb)
Check /work/output/en/StructureDefinition-56375452-bfa1-4111-af7c-5b5ba9a1857c.profile.xml.html      (00:00.188 / 02:26.454, 1Gb)
Check /work/output/en/StructureDefinition-56375452-bfa1-4111-af7c-5b5ba9a1857c.xml                   (00:00.211 / 02:26.665, 1Gb)
Check /work/output/en/StructureDefinition-e0e166b4-0f77-478d-9062-de0034d98ce0-definitions.html      (00:00.004 / 02:26.669, 1Gb)
Check /work/output/en/StructureDefinition-e0e166b4-0f77-478d-9062-de0034d98ce0-examples.html         (00:00.559 / 02:27.229, 1Gb)
Check /work/output/en/StructureDefinition-e0e166b4-0f77-478d-9062-de0034d98ce0-intro.md              (00:00.007 / 02:27.237, 1Gb)
Check /work/output/en/StructureDefinition-e0e166b4-0f77-478d-9062-de0034d98ce0-mappings.html         (00:00.000 / 02:27.237, 1Gb)
Check /work/output/en/StructureDefinition-e0e166b4-0f77-478d-9062-de0034d98ce0-testing.html          (00:00.046 / 02:27.284, 1Gb)
Check /work/output/en/StructureDefinition-e0e166b4-0f77-478d-9062-de0034d98ce0.html                  (00:00.003 / 02:27.287, 1Gb)
Check /work/output/en/StructureDefinition-e0e166b4-0f77-478d-9062-de0034d98ce0.json                  (00:00.282 / 02:27.570, 929Mb)
Check /work/output/en/StructureDefinition-e0e166b4-0f77-478d-9062-de0034d98ce0.md                    (00:00.002 / 02:27.573, 932Mb)
Check /work/output/en/StructureDefinition-e0e166b4-0f77-478d-9062-de0034d98ce0.profile.history.html  (00:00.000 / 02:27.574, 932Mb)
Check /work/output/en/StructureDefinition-e0e166b4-0f77-478d-9062-de0034d98ce0.profile.json.html     (00:00.003 / 02:27.577, 938Mb)
Check /work/output/en/StructureDefinition-e0e166b4-0f77-478d-9062-de0034d98ce0.profile.xml.html      (00:00.405 / 02:27.982, 1Gb)
Check /work/output/en/StructureDefinition-e0e166b4-0f77-478d-9062-de0034d98ce0.xml                   (00:00.576 / 02:28.559, 1Gb)
Check /work/output/en/StructureDefinition-f675b1e8-9f3f-44e8-bb59-9681f78eb464-definitions.html      (00:00.003 / 02:28.562, 1Gb)
Check /work/output/en/StructureDefinition-f675b1e8-9f3f-44e8-bb59-9681f78eb464-examples.html         (00:00.137 / 02:28.700, 1Gb)
Check /work/output/en/StructureDefinition-f675b1e8-9f3f-44e8-bb59-9681f78eb464-intro.md              (00:00.004 / 02:28.704, 1Gb)
Check /work/output/en/StructureDefinition-f675b1e8-9f3f-44e8-bb59-9681f78eb464-mappings.html         (00:00.000 / 02:28.705, 1Gb)
Check /work/output/en/StructureDefinition-f675b1e8-9f3f-44e8-bb59-9681f78eb464-testing.html          (00:00.035 / 02:28.741, 433Mb)
Check /work/output/en/StructureDefinition-f675b1e8-9f3f-44e8-bb59-9681f78eb464.html                  (00:00.003 / 02:28.745, 441Mb)
.Check /work/output/en/StructureDefinition-f675b1e8-9f3f-44e8-bb59-9681f78eb464.json                  (00:00.232 / 02:28.977, 652Mb)
Check /work/output/en/StructureDefinition-f675b1e8-9f3f-44e8-bb59-9681f78eb464.md                    (00:00.002 / 02:28.979, 652Mb)
Check /work/output/en/StructureDefinition-f675b1e8-9f3f-44e8-bb59-9681f78eb464.profile.history.html  (00:00.004 / 02:28.984, 652Mb)
Check /work/output/en/StructureDefinition-f675b1e8-9f3f-44e8-bb59-9681f78eb464.profile.json.html     (00:00.005 / 02:28.990, 658Mb)
Check /work/output/en/StructureDefinition-f675b1e8-9f3f-44e8-bb59-9681f78eb464.profile.xml.html      (00:00.082 / 02:29.073, 902Mb)
Check /work/output/en/StructureDefinition-f675b1e8-9f3f-44e8-bb59-9681f78eb464.xml                   (00:00.132 / 02:29.205, 1Gb)
Check /work/output/en/ValueSet-2.16.840.1.113883.3.1937.777.24.11.30--20210323234509-testing.html    (00:00.002 / 02:29.207, 1Gb)
Check /work/output/en/ValueSet-2.16.840.1.113883.3.1937.777.24.11.30--20210323234509.change.history.html (00:00.011 / 02:29.218, 1Gb)
Check /work/output/en/ValueSet-2.16.840.1.113883.3.1937.777.24.11.30--20210323234509.html            (00:00.004 / 02:29.223, 1Gb)
Check /work/output/en/ValueSet-2.16.840.1.113883.3.1937.777.24.11.30--20210323234509.json            (00:00.009 / 02:29.232, 1Gb)
Check /work/output/en/ValueSet-2.16.840.1.113883.3.1937.777.24.11.30--20210323234509.json.html       (00:00.000 / 02:29.233, 1Gb)
Check /work/output/en/ValueSet-2.16.840.1.113883.3.1937.777.24.11.30--20210323234509.md              (00:00.009 / 02:29.243, 1Gb)
Check /work/output/en/ValueSet-2.16.840.1.113883.3.1937.777.24.11.30--20210323234509.xml             (00:00.001 / 02:29.244, 1Gb)
Check /work/output/en/ValueSet-2.16.840.1.113883.3.1937.777.24.11.30--20210323234509.xml.html        (00:00.000 / 02:29.245, 1Gb)
Check /work/output/en/ValueSet-2.16.840.1.113883.3.1937.777.24.11.36--20230331232804-testing.html    (00:00.012 / 02:29.258, 1Gb)
Check /work/output/en/ValueSet-2.16.840.1.113883.3.1937.777.24.11.36--20230331232804.change.history.html (00:00.008 / 02:29.266, 1Gb)
Check /work/output/en/ValueSet-2.16.840.1.113883.3.1937.777.24.11.36--20230331232804.html            (00:00.004 / 02:29.270, 1Gb)
Check /work/output/en/ValueSet-2.16.840.1.113883.3.1937.777.24.11.36--20230331232804.json            (00:00.065 / 02:29.336, 1Gb)
Check /work/output/en/ValueSet-2.16.840.1.113883.3.1937.777.24.11.36--20230331232804.json.html       (00:00.001 / 02:29.338, 1Gb)
Check /work/output/en/ValueSet-2.16.840.1.113883.3.1937.777.24.11.36--20230331232804.md              (00:00.016 / 02:29.354, 1Gb)
Check /work/output/en/ValueSet-2.16.840.1.113883.3.1937.777.24.11.36--20230331232804.xml             (00:00.000 / 02:29.355, 1Gb)
Check /work/output/en/ValueSet-2.16.840.1.113883.3.1937.777.24.11.36--20230331232804.xml.html        (00:00.000 / 02:29.356, 1Gb)
Check /work/output/en/ValueSet-88464c5b-5338-4c2b-9c07-b42fef2ada64-testing.html                     (00:00.008 / 02:29.365, 1Gb)
Check /work/output/en/ValueSet-88464c5b-5338-4c2b-9c07-b42fef2ada64.change.history.html              (00:00.007 / 02:29.372, 1Gb)
Check /work/output/en/ValueSet-88464c5b-5338-4c2b-9c07-b42fef2ada64.html                             (00:00.004 / 02:29.376, 1Gb)
Check /work/output/en/ValueSet-88464c5b-5338-4c2b-9c07-b42fef2ada64.json                             (00:00.006 / 02:29.383, 1Gb)
Check /work/output/en/ValueSet-88464c5b-5338-4c2b-9c07-b42fef2ada64.json.html                        (00:00.000 / 02:29.383, 1Gb)
Check /work/output/en/ValueSet-88464c5b-5338-4c2b-9c07-b42fef2ada64.md                               (00:00.010 / 02:29.394, 437Mb)
Check /work/output/en/ValueSet-88464c5b-5338-4c2b-9c07-b42fef2ada64.xml                              (00:00.000 / 02:29.395, 437Mb)
Check /work/output/en/ValueSet-88464c5b-5338-4c2b-9c07-b42fef2ada64.xml.html                         (00:00.000 / 02:29.395, 437Mb)
Check /work/output/en/ai.zip                                                                         (00:00.004 / 02:29.400, 448Mb)
Check /work/output/en/alert.jpg                                                                      (00:00.001 / 02:29.401, 449Mb)
Check /work/output/en/artifacts.html                                                                 (00:00.000 / 02:29.401, 449Mb)
Check /work/output/en/artifacts.md                                                                   (00:00.006 / 02:29.408, 478Mb)
Check /work/output/en/assets/css/bootstrap-accessibility.css                                         (00:00.000 / 02:29.409, 478Mb)
Check /work/output/en/assets/css/bootstrap-fhir.css                                                  (00:00.000 / 02:29.409, 478Mb)
Check /work/output/en/assets/css/bootstrap-glyphicons.css                                            (00:00.000 / 02:29.410, 478Mb)
Check /work/output/en/assets/css/cqf.css                                                             (00:00.000 / 02:29.410, 478Mb)
Check /work/output/en/assets/css/hl7.css                                                             (00:00.000 / 02:29.410, 478Mb)
Check /work/output/en/assets/css/jquery-ui.css                                                       (00:00.000 / 02:29.411, 478Mb)
Check /work/output/en/assets/css/jquery-ui.structure.min.css                                         (00:00.000 / 02:29.411, 478Mb)
Check /work/output/en/assets/css/jquery-ui.theme.min.css                                             (00:00.000 / 02:29.411, 478Mb)
Check /work/output/en/assets/css/mii.css                                                             (00:00.000 / 02:29.412, 478Mb)
Check /work/output/en/assets/css/num-diz.css                                                         (00:00.000 / 02:29.412, 479Mb)
Check /work/output/en/assets/css/prism-fhirpath.css                                                  (00:00.000 / 02:29.412, 479Mb)
Check /work/output/en/assets/css/prism.css                                                           (00:00.000 / 02:29.413, 479Mb)
Check /work/output/en/assets/css/project.css                                                         (00:00.000 / 02:29.413, 479Mb)
Check /work/output/en/assets/css/pygments-manni.css                                                  (00:00.000 / 02:29.413, 479Mb)
Check /work/output/en/assets/css/template-base.css                                                   (00:00.000 / 02:29.414, 479Mb)
Check /work/output/en/assets/css/xml.css                                                             (00:00.000 / 02:29.414, 479Mb)
Check /work/output/en/assets/fonts/OpenSans-CondBold-webfont.eot                                     (00:00.000 / 02:29.414, 479Mb)
Check /work/output/en/assets/fonts/OpenSans-CondBold-webfont.svg                                     (00:00.000 / 02:29.415, 479Mb)
Check /work/output/en/assets/fonts/OpenSans-CondBold-webfont.ttf                                     (00:00.009 / 02:29.425, 495Mb)
Check /work/output/en/assets/fonts/OpenSans-CondBold-webfont.woff                                    (00:00.000 / 02:29.426, 495Mb)
Check /work/output/en/assets/fonts/OpenSans-CondLight-webfont.eot                                    (00:00.000 / 02:29.426, 495Mb)
Check /work/output/en/assets/fonts/OpenSans-CondLight-webfont.svg                                    (00:00.000 / 02:29.427, 495Mb)
Check /work/output/en/assets/fonts/OpenSans-CondLight-webfont.ttf                                    (00:00.011 / 02:29.438, 515Mb)
Check /work/output/en/assets/fonts/OpenSans-CondLight-webfont.woff                                   (00:00.000 / 02:29.439, 515Mb)
Check /work/output/en/assets/fonts/glyphiconshalflings-regular.eot                                   (00:00.000 / 02:29.440, 515Mb)
Check /work/output/en/assets/fonts/glyphiconshalflings-regular.otf                                   (00:00.000 / 02:29.440, 515Mb)
Check /work/output/en/assets/fonts/glyphiconshalflings-regular.svg                                   (00:00.000 / 02:29.441, 515Mb)
.Check /work/output/en/assets/fonts/glyphiconshalflings-regular.ttf                                   (00:00.003 / 02:29.445, 521Mb)
Check /work/output/en/assets/fonts/glyphiconshalflings-regular.woff                                  (00:00.000 / 02:29.445, 521Mb)
Check /work/output/en/assets/ico/favicon.png                                                         (00:00.000 / 02:29.446, 521Mb)
Check /work/output/en/assets/ico/icon-fhir-114.png                                                   (00:00.000 / 02:29.446, 521Mb)
Check /work/output/en/assets/ico/icon-fhir-144.png                                                   (00:00.000 / 02:29.446, 521Mb)
Check /work/output/en/assets/ico/icon-fhir-57.png                                                    (00:00.000 / 02:29.447, 521Mb)
Check /work/output/en/assets/ico/icon-fhir-72.png                                                    (00:00.000 / 02:29.447, 522Mb)
Check /work/output/en/assets/ico/noun_copy to clipboard_1669410.png                                  (00:00.000 / 02:29.448, 522Mb)
Check /work/output/en/assets/images/001.svg                                                          (00:00.000 / 02:29.448, 522Mb)
Check /work/output/en/assets/images/deu.svg                                                          (00:00.001 / 02:29.449, 523Mb)
Check /work/output/en/assets/images/download.png                                                     (00:00.000 / 02:29.450, 523Mb)
Check /work/output/en/assets/images/dragon.png                                                       (00:00.000 / 02:29.450, 523Mb)
Check /work/output/en/assets/images/external.png                                                     (00:00.001 / 02:29.451, 524Mb)
Check /work/output/en/assets/images/fcp-logo.png                                                     (00:00.000 / 02:29.452, 524Mb)
Check /work/output/en/assets/images/fhir-logo-www.png                                                (00:00.001 / 02:29.453, 525Mb)
Check /work/output/en/assets/images/hl7-logo-header.png                                              (00:00.000 / 02:29.453, 525Mb)
Check /work/output/en/assets/images/icon_arrow_down.png                                              (00:00.000 / 02:29.454, 526Mb)
Check /work/output/en/assets/images/icon_arrow_up.png                                                (00:00.000 / 02:29.454, 526Mb)
Check /work/output/en/assets/images/lang-ar.png                                                      (00:00.000 / 02:29.454, 526Mb)
Check /work/output/en/assets/images/lang-de.png                                                      (00:00.000 / 02:29.455, 526Mb)
Check /work/output/en/assets/images/lang-en.png                                                      (00:00.000 / 02:29.455, 526Mb)
Check /work/output/en/assets/images/lang-es.png                                                      (00:00.000 / 02:29.455, 526Mb)
Check /work/output/en/assets/images/lang-fr.png                                                      (00:00.000 / 02:29.456, 526Mb)
Check /work/output/en/assets/images/lang-ja.png                                                      (00:00.000 / 02:29.456, 526Mb)
Check /work/output/en/assets/images/lang-kr.png                                                      (00:00.000 / 02:29.456, 526Mb)
Check /work/output/en/assets/images/lang-nl.png                                                      (00:00.000 / 02:29.456, 526Mb)
Check /work/output/en/assets/images/lang-pt.png                                                      (00:00.000 / 02:29.457, 526Mb)
Check /work/output/en/assets/images/lang-pt_BR.png                                                   (00:00.000 / 02:29.457, 526Mb)
Check /work/output/en/assets/images/lang-ru.png                                                      (00:00.000 / 02:29.457, 526Mb)
Check /work/output/en/assets/images/lang-zh-TW.png                                                   (00:00.000 / 02:29.457, 526Mb)
Check /work/output/en/assets/images/lang-zh.png                                                      (00:00.000 / 02:29.458, 526Mb)
Check /work/output/en/assets/images/link.svg                                                         (00:00.000 / 02:29.458, 526Mb)
Check /work/output/en/assets/images/logo-de.svg                                                      (00:00.000 / 02:29.458, 526Mb)
Check /work/output/en/assets/images/logo-en.svg                                                      (00:00.003 / 02:29.462, 530Mb)
Check /work/output/en/assets/images/logo-num-diz-de.svg                                              (00:00.006 / 02:29.469, 539Mb)
Check /work/output/en/assets/images/logo-num-diz-en.svg                                              (00:00.004 / 02:29.473, 545Mb)
Check /work/output/en/assets/images/logo_ansinew.jpg                                                 (00:00.003 / 02:29.476, 549Mb)
Check /work/output/en/assets/images/search.png                                                       (00:00.000 / 02:29.477, 549Mb)
Check /work/output/en/assets/images/stripe.png                                                       (00:00.000 / 02:29.477, 549Mb)
Check /work/output/en/assets/images/target.png                                                       (00:00.000 / 02:29.478, 549Mb)
Check /work/output/en/assets/js/anchor-hover.js                                                      (00:00.000 / 02:29.478, 549Mb)
Check /work/output/en/assets/js/anchor.min.js                                                        (00:00.000 / 02:29.478, 549Mb)
Check /work/output/en/assets/js/back-to-top.js                                                       (00:00.000 / 02:29.479, 549Mb)
Check /work/output/en/assets/js/bootstrap-accessibility.min.js                                       (00:00.000 / 02:29.479, 549Mb)
Check /work/output/en/assets/js/bootstrap.min.js                                                     (00:00.000 / 02:29.480, 549Mb)
Check /work/output/en/assets/js/clipboard-btn.js                                                     (00:00.000 / 02:29.480, 549Mb)
Check /work/output/en/assets/js/clipboard.min.js                                                     (00:00.000 / 02:29.481, 549Mb)
Check /work/output/en/assets/js/direction-management.js                                              (00:00.000 / 02:29.481, 549Mb)
Check /work/output/en/assets/js/fhir-table-scripts.js                                                (00:00.000 / 02:29.481, 549Mb)
Check /work/output/en/assets/js/fhir.js                                                              (00:00.000 / 02:29.482, 549Mb)
Check /work/output/en/assets/js/flags.js                                                             (00:00.000 / 02:29.482, 549Mb)
Check /work/output/en/assets/js/font-size-control.js                                                 (00:00.000 / 02:29.483, 549Mb)
Check /work/output/en/assets/js/html5shiv.js                                                         (00:00.000 / 02:29.483, 549Mb)
Check /work/output/en/assets/js/jquery-3.7.0.min.map                                                 (00:00.000 / 02:29.484, 549Mb)
Check /work/output/en/assets/js/jquery-ui.min.js                                                     (00:00.001 / 02:29.485, 549Mb)
Check /work/output/en/assets/js/jquery.js                                                            (00:00.000 / 02:29.485, 549Mb)
Check /work/output/en/assets/js/lang-redirects.js                                                    (00:00.000 / 02:29.486, 549Mb)
Check /work/output/en/assets/js/mermaid-init.js                                                      (00:00.000 / 02:29.486, 549Mb)
Check /work/output/en/assets/js/mermaid.js                                                           (00:00.000 / 02:29.487, 549Mb)
Check /work/output/en/assets/js/prism-fhirpath.js                                                    (00:00.059 / 02:29.547, 449Mb)
Check /work/output/en/assets/js/prism.js                                                             (00:00.003 / 02:29.550, 449Mb)
.Check /work/output/en/assets/js/readme.txt                                                           (00:00.003 / 02:29.554, 451Mb)
Check /work/output/en/assets/js/respond.min.js                                                       (00:00.001 / 02:29.555, 451Mb)
Check /work/output/en/assets/js/tabs.js                                                              (00:00.000 / 02:29.556, 451Mb)
Check /work/output/en/assets/js/topofpage.js                                                         (00:00.001 / 02:29.557, 451Mb)
Check /work/output/en/assets/js/window-hash.js                                                       (00:00.001 / 02:29.558, 451Mb)
Check /work/output/en/assets/js/xml.js                                                               (00:00.000 / 02:29.559, 451Mb)
Check /work/output/en/capability-statements.html                                                     (00:00.000 / 02:29.560, 451Mb)
Check /work/output/en/capability-statements.md                                                       (00:00.014 / 02:29.574, 467Mb)
Check /work/output/en/cc0.png                                                                        (00:00.000 / 02:29.575, 467Mb)
Check /work/output/en/changes.html                                                                   (00:00.001 / 02:29.577, 467Mb)
Check /work/output/en/changes.md                                                                     (00:00.016 / 02:29.593, 486Mb)
Check /work/output/en/code-systems.html                                                              (00:00.002 / 02:29.596, 486Mb)
Check /work/output/en/code-systems.md                                                                (00:00.047 / 02:29.643, 534Mb)
Check /work/output/en/downloads.html                                                                 (00:00.002 / 02:29.645, 534Mb)
Check /work/output/en/downloads.md                                                                   (00:00.008 / 02:29.654, 545Mb)
Check /work/output/en/examples.html                                                                  (00:00.005 / 02:29.659, 545Mb)
Check /work/output/en/examples.md                                                                    (00:00.009 / 02:29.669, 554Mb)
Check /work/output/en/external.png                                                                   (00:00.005 / 02:29.674, 554Mb)
Check /work/output/en/fhir-table-scripts.js                                                          (00:00.001 / 02:29.676, 554Mb)
Check /work/output/en/fhir.css                                                                       (00:00.001 / 02:29.677, 554Mb)
Check /work/output/en/frageboegen.html                                                               (00:00.002 / 02:29.680, 554Mb)
Check /work/output/en/frageboegen.md                                                                 (00:00.012 / 02:29.692, 565Mb)
Check /work/output/en/guidance.html                                                                  (00:00.002 / 02:29.695, 565Mb)
Check /work/output/en/guidance.md                                                                    (00:00.005 / 02:29.700, 576Mb)
Check /work/output/en/help.png                                                                       (00:00.000 / 02:29.701, 576Mb)
Check /work/output/en/icon-administration.png                                                        (00:00.000 / 02:29.702, 576Mb)
Check /work/output/en/icon-change-add.png                                                            (00:00.001 / 02:29.704, 576Mb)
Check /work/output/en/icon-change-edit.png                                                           (00:00.000 / 02:29.705, 576Mb)
Check /work/output/en/icon-change-remove.png                                                         (00:00.000 / 02:29.705, 576Mb)
Check /work/output/en/icon-clinical.png                                                              (00:00.000 / 02:29.706, 576Mb)
Check /work/output/en/icon-dictionary.png                                                            (00:00.001 / 02:29.707, 576Mb)
Check /work/output/en/icon-directory.gif                                                             (00:00.000 / 02:29.708, 576Mb)
Check /work/output/en/icon-documentation.png                                                         (00:00.000 / 02:29.708, 576Mb)
Check /work/output/en/icon-error.gif                                                                 (00:00.000 / 02:29.709, 576Mb)
Check /work/output/en/icon-example.png                                                               (00:00.000 / 02:29.710, 576Mb)
Check /work/output/en/icon-fhir-1024.png                                                             (00:00.000 / 02:29.711, 576Mb)
Check /work/output/en/icon-fhir-128.png                                                              (00:00.002 / 02:29.713, 577Mb)
Check /work/output/en/icon-fhir-16-grey.png                                                          (00:00.001 / 02:29.714, 578Mb)
Check /work/output/en/icon-fhir-16.png                                                               (00:00.001 / 02:29.715, 578Mb)
Check /work/output/en/icon-fhir-24.png                                                               (00:00.000 / 02:29.715, 578Mb)
Check /work/output/en/icon-fhir-32.png                                                               (00:00.000 / 02:29.716, 578Mb)
Check /work/output/en/icon-fhir-48.png                                                               (00:00.000 / 02:29.716, 578Mb)
Check /work/output/en/icon-fhir-64.png                                                               (00:00.000 / 02:29.717, 578Mb)
Check /work/output/en/icon-fhir-720.png                                                              (00:00.000 / 02:29.718, 578Mb)
Check /work/output/en/icon-implementation.png                                                        (00:00.000 / 02:29.718, 578Mb)
Check /work/output/en/icon-include.png                                                               (00:00.001 / 02:29.720, 578Mb)
Check /work/output/en/icon-infrastructure.png                                                        (00:00.000 / 02:29.720, 578Mb)
Check /work/output/en/icon-key.png                                                                   (00:00.001 / 02:29.722, 578Mb)
Check /work/output/en/icon-list.gif                                                                  (00:00.000 / 02:29.722, 578Mb)
Check /work/output/en/icon-not-selected.png                                                          (00:00.000 / 02:29.723, 578Mb)
Check /work/output/en/icon-object-box.png                                                            (00:00.000 / 02:29.723, 578Mb)
Check /work/output/en/icon-page.png                                                                  (00:00.000 / 02:29.724, 578Mb)
Check /work/output/en/icon-q-attachment.png                                                          (00:00.000 / 02:29.724, 578Mb)
Check /work/output/en/icon-q-boolean.png                                                             (00:00.001 / 02:29.726, 578Mb)
Check /work/output/en/icon-q-choice.png                                                              (00:00.001 / 02:29.728, 578Mb)
Check /work/output/en/icon-q-coding.png                                                              (00:00.000 / 02:29.728, 578Mb)
Check /work/output/en/icon-q-date.png                                                                (00:00.000 / 02:29.729, 578Mb)
Check /work/output/en/icon-q-datetime.png                                                            (00:00.000 / 02:29.729, 578Mb)
Check /work/output/en/icon-q-decimal.png                                                             (00:00.000 / 02:29.730, 578Mb)
Check /work/output/en/icon-q-display.png                                                             (00:00.000 / 02:29.730, 578Mb)
Check /work/output/en/icon-q-group.png                                                               (00:00.000 / 02:29.731, 578Mb)
.Check /work/output/en/icon-q-integer.png                                                             (00:00.000 / 02:29.731, 578Mb)
Check /work/output/en/icon-q-item.png                                                                (00:00.000 / 02:29.732, 578Mb)
Check /work/output/en/icon-q-open-choice.png                                                         (00:00.000 / 02:29.732, 578Mb)
Check /work/output/en/icon-q-quantity.png                                                            (00:00.000 / 02:29.733, 578Mb)
Check /work/output/en/icon-q-reference.png                                                           (00:00.000 / 02:29.733, 578Mb)
Check /work/output/en/icon-q-string.png                                                              (00:00.000 / 02:29.734, 578Mb)
Check /work/output/en/icon-q-text.png                                                                (00:00.000 / 02:29.734, 578Mb)
Check /work/output/en/icon-q-time.png                                                                (00:00.000 / 02:29.735, 578Mb)
Check /work/output/en/icon-q-url.png                                                                 (00:00.000 / 02:29.736, 578Mb)
Check /work/output/en/icon-qi-help.png                                                               (00:00.000 / 02:29.736, 578Mb)
Check /work/output/en/icon-qi-hidden.png                                                             (00:00.000 / 02:29.737, 578Mb)
Check /work/output/en/icon-qi-horizontal.png                                                         (00:00.000 / 02:29.738, 578Mb)
Check /work/output/en/icon-qi-instructions.png                                                       (00:00.000 / 02:29.738, 578Mb)
Check /work/output/en/icon-qi-observation.png                                                        (00:00.000 / 02:29.739, 578Mb)
Check /work/output/en/icon-qi-optional.png                                                           (00:00.000 / 02:29.739, 578Mb)
Check /work/output/en/icon-qi-readonly.png                                                           (00:00.000 / 02:29.740, 578Mb)
Check /work/output/en/icon-qi-security.bmp                                                           (00:00.000 / 02:29.741, 578Mb)
Check /work/output/en/icon-qi-security.png                                                           (00:00.000 / 02:29.741, 578Mb)
Check /work/output/en/icon-qi-subject.png                                                            (00:00.000 / 02:29.742, 578Mb)
Check /work/output/en/icon-qi-vertical.png                                                           (00:00.000 / 02:29.742, 578Mb)
Check /work/output/en/icon-resource.png                                                              (00:00.000 / 02:29.743, 578Mb)
Check /work/output/en/icon-selected.png                                                              (00:00.000 / 02:29.743, 578Mb)
Check /work/output/en/icon-toc.png                                                                   (00:00.000 / 02:29.744, 578Mb)
Check /work/output/en/icon-type-operation.png                                                        (00:00.000 / 02:29.744, 578Mb)
Check /work/output/en/icon-warning.png                                                               (00:00.000 / 02:29.745, 578Mb)
Check /work/output/en/icon_bundle.png                                                                (00:00.000 / 02:29.745, 578Mb)
Check /work/output/en/icon_choice.gif                                                                (00:00.000 / 02:29.746, 578Mb)
Check /work/output/en/icon_datatype.gif                                                              (00:00.000 / 02:29.747, 578Mb)
Check /work/output/en/icon_element.gif                                                               (00:00.000 / 02:29.747, 578Mb)
Check /work/output/en/icon_entry_blue.png                                                            (00:00.001 / 02:29.748, 578Mb)
Check /work/output/en/icon_extension.png                                                             (00:00.000 / 02:29.749, 578Mb)
Check /work/output/en/icon_extension_complex.png                                                     (00:00.002 / 02:29.752, 578Mb)
Check /work/output/en/icon_extension_simple.png                                                      (00:00.000 / 02:29.753, 578Mb)
Check /work/output/en/icon_fixed.gif                                                                 (00:00.001 / 02:29.754, 578Mb)
Check /work/output/en/icon_group.png                                                                 (00:00.000 / 02:29.755, 578Mb)
Check /work/output/en/icon_latest.png                                                                (00:00.001 / 02:29.756, 578Mb)
Check /work/output/en/icon_modifier_extension_complex.png                                            (00:00.001 / 02:29.757, 578Mb)
Check /work/output/en/icon_modifier_extension_simple.png                                             (00:00.000 / 02:29.758, 578Mb)
Check /work/output/en/icon_page-child.gif                                                            (00:00.000 / 02:29.759, 578Mb)
Check /work/output/en/icon_page.gif                                                                  (00:00.000 / 02:29.759, 578Mb)
Check /work/output/en/icon_page_n.gif                                                                (00:00.000 / 02:29.760, 578Mb)
Check /work/output/en/icon_page_n_c.gif                                                              (00:00.000 / 02:29.761, 578Mb)
Check /work/output/en/icon_page_n_i.gif                                                              (00:00.000 / 02:29.762, 578Mb)
Check /work/output/en/icon_page_n_o.gif                                                              (00:00.000 / 02:29.762, 578Mb)
Check /work/output/en/icon_page_n_p.gif                                                              (00:00.000 / 02:29.763, 578Mb)
Check /work/output/en/icon_primitive.png                                                             (00:00.000 / 02:29.764, 578Mb)
Check /work/output/en/icon_profile.png                                                               (00:00.000 / 02:29.765, 578Mb)
Check /work/output/en/icon_q_item.png                                                                (00:00.000 / 02:29.765, 578Mb)
Check /work/output/en/icon_q_root.gif                                                                (00:00.002 / 02:29.768, 578Mb)
Check /work/output/en/icon_reference.png                                                             (00:00.001 / 02:29.769, 578Mb)
Check /work/output/en/icon_resource.png                                                              (00:00.000 / 02:29.770, 578Mb)
Check /work/output/en/icon_reuse.png                                                                 (00:00.000 / 02:29.770, 578Mb)
Check /work/output/en/icon_slice.png                                                                 (00:00.000 / 02:29.771, 579Mb)
Check /work/output/en/icon_slice_item.png                                                            (00:00.000 / 02:29.772, 579Mb)
Check /work/output/en/icon_text.png                                                                  (00:00.000 / 02:29.772, 579Mb)
Check /work/output/en/icon_vd_col.png                                                                (00:00.000 / 02:29.773, 579Mb)
Check /work/output/en/icon_vd_foreach.png                                                            (00:00.001 / 02:29.774, 579Mb)
Check /work/output/en/icon_vd_select.png                                                             (00:00.000 / 02:29.775, 579Mb)
Check /work/output/en/icon_vd_union.png                                                              (00:00.000 / 02:29.776, 579Mb)
Check /work/output/en/icon_vd_view.png                                                               (00:00.000 / 02:29.777, 579Mb)
Check /work/output/en/implementer-guidance.html                                                      (00:00.000 / 02:29.777, 579Mb)
.Check /work/output/en/implementer-guidance.md                                                        (00:00.016 / 02:29.794, 595Mb)
Check /work/output/en/index.html                                                                     (00:00.003 / 02:29.797, 595Mb)
Check /work/output/en/index.md                                                                       (00:00.012 / 02:29.810, 608Mb)
Check /work/output/en/information-model_UML-Diagramm_MII-spez.png                                    (00:00.001 / 02:29.811, 608Mb)
Check /work/output/en/information.png                                                                (00:00.006 / 02:29.818, 610Mb)
Check /work/output/en/link.svg                                                                       (00:00.004 / 02:29.822, 610Mb)
Check /work/output/en/llms.txt                                                                       (00:00.007 / 02:29.830, 610Mb)
Check /work/output/en/lock.png                                                                       (00:00.002 / 02:29.832, 610Mb)
Check /work/output/en/logical-models.html                                                            (00:00.000 / 02:29.833, 610Mb)
Check /work/output/en/logical-models.md                                                              (00:00.017 / 02:29.851, 618Mb)
Check /work/output/en/modifier.png                                                                   (00:00.002 / 02:29.854, 618Mb)
Check /work/output/en/mustsupport.png                                                                (00:00.002 / 02:29.857, 618Mb)
Check /work/output/en/new.png                                                                        (00:00.003 / 02:29.860, 618Mb)
Check /work/output/en/prism.css                                                                      (00:00.002 / 02:29.862, 618Mb)
Check /work/output/en/prism.js                                                                       (00:00.005 / 02:29.868, 618Mb)
Check /work/output/en/profiles.html                                                                  (00:00.004 / 02:29.872, 620Mb)
Check /work/output/en/profiles.md                                                                    (00:00.016 / 02:29.889, 632Mb)
Check /work/output/en/search-parameters.html                                                         (00:00.002 / 02:29.891, 632Mb)
Check /work/output/en/search-parameters.md                                                           (00:00.015 / 02:29.906, 649Mb)
Check /work/output/en/searchform.html                                                                (00:00.001 / 02:29.908, 649Mb)
Check /work/output/en/security-and-privacy.html                                                      (00:00.004 / 02:29.912, 650Mb)
Check /work/output/en/security-and-privacy.md                                                        (00:00.007 / 02:29.920, 661Mb)
Check /work/output/en/summary.png                                                                    (00:00.001 / 02:29.922, 661Mb)
Check /work/output/en/target.png                                                                     (00:00.001 / 02:29.923, 661Mb)
Check /work/output/en/tbl-closed.png                                                                 (00:00.000 / 02:29.924, 661Mb)
Check /work/output/en/tbl-open.png                                                                   (00:00.001 / 02:29.925, 661Mb)
Check /work/output/en/tbl_bck0.png                                                                   (00:00.000 / 02:29.926, 662Mb)
Check /work/output/en/tbl_bck00.png                                                                  (00:00.001 / 02:29.927, 662Mb)
Check /work/output/en/tbl_bck000.png                                                                 (00:00.001 / 02:29.928, 662Mb)
Check /work/output/en/tbl_bck0000.png                                                                (00:00.001 / 02:29.929, 662Mb)
Check /work/output/en/tbl_bck00000.png                                                               (00:00.001 / 02:29.931, 662Mb)
Check /work/output/en/tbl_bck000000.png                                                              (00:00.000 / 02:29.931, 662Mb)
Check /work/output/en/tbl_bck0000000.png                                                             (00:00.000 / 02:29.932, 662Mb)
Check /work/output/en/tbl_bck000001.png                                                              (00:00.000 / 02:29.933, 662Mb)
Check /work/output/en/tbl_bck0000010.png                                                             (00:00.001 / 02:29.934, 662Mb)
Check /work/output/en/tbl_bck00001.png                                                               (00:00.001 / 02:29.936, 662Mb)
Check /work/output/en/tbl_bck000010.png                                                              (00:00.000 / 02:29.937, 662Mb)
Check /work/output/en/tbl_bck0000100.png                                                             (00:00.001 / 02:29.938, 662Mb)
Check /work/output/en/tbl_bck000010000.png                                                           (00:00.000 / 02:29.939, 662Mb)
Check /work/output/en/tbl_bck00001001.png                                                            (00:00.001 / 02:29.941, 662Mb)
Check /work/output/en/tbl_bck000010010.png                                                           (00:00.001 / 02:29.942, 662Mb)
Check /work/output/en/tbl_bck0000101.png                                                             (00:00.002 / 02:29.944, 662Mb)
Check /work/output/en/tbl_bck00001010.png                                                            (00:00.001 / 02:29.946, 662Mb)
Check /work/output/en/tbl_bck000011.png                                                              (00:00.002 / 02:29.949, 662Mb)
Check /work/output/en/tbl_bck0000110.png                                                             (00:00.001 / 02:29.950, 662Mb)
Check /work/output/en/tbl_bck00001100.png                                                            (00:00.001 / 02:29.952, 662Mb)
Check /work/output/en/tbl_bck0000111.png                                                             (00:00.002 / 02:29.954, 662Mb)
Check /work/output/en/tbl_bck00001110.png                                                            (00:00.000 / 02:29.955, 662Mb)
Check /work/output/en/tbl_bck000011100.png                                                           (00:00.001 / 02:29.956, 662Mb)
Check /work/output/en/tbl_bck0000111000.png                                                          (00:00.000 / 02:29.957, 662Mb)
Check /work/output/en/tbl_bck00001110000.png                                                         (00:00.001 / 02:29.959, 662Mb)
Check /work/output/en/tbl_bck0000111001.png                                                          (00:00.000 / 02:29.959, 662Mb)
Check /work/output/en/tbl_bck00001110010.png                                                         (00:00.000 / 02:29.960, 662Mb)
Check /work/output/en/tbl_bck000011101.png                                                           (00:00.001 / 02:29.961, 662Mb)
Check /work/output/en/tbl_bck0000111010.png                                                          (00:00.003 / 02:29.965, 662Mb)
Check /work/output/en/tbl_bck00001110100.png                                                         (00:00.021 / 02:29.986, 662Mb)
Check /work/output/en/tbl_bck0000111011.png                                                          (00:00.001 / 02:29.987, 662Mb)
Check /work/output/en/tbl_bck00001110110.png                                                         (00:00.000 / 02:29.987, 662Mb)
Check /work/output/en/tbl_bck00001111.png                                                            (00:00.000 / 02:29.988, 662Mb)
Check /work/output/en/tbl_bck000011110.png                                                           (00:00.000 / 02:29.989, 662Mb)
Check /work/output/en/tbl_bck0000111100.png                                                          (00:00.000 / 02:29.990, 662Mb)
.Check /work/output/en/tbl_bck000011110000.png                                                        (00:00.000 / 02:29.990, 662Mb)
Check /work/output/en/tbl_bck00001111001.png                                                         (00:00.000 / 02:29.991, 662Mb)
Check /work/output/en/tbl_bck000011110010.png                                                        (00:00.000 / 02:29.992, 662Mb)
Check /work/output/en/tbl_bck0000111101.png                                                          (00:00.000 / 02:29.993, 662Mb)
Check /work/output/en/tbl_bck00001111010.png                                                         (00:00.000 / 02:29.993, 662Mb)
Check /work/output/en/tbl_bck000011111.png                                                           (00:00.000 / 02:29.994, 662Mb)
Check /work/output/en/tbl_bck0000111110.png                                                          (00:00.001 / 02:29.996, 662Mb)
Check /work/output/en/tbl_bck00001111100.png                                                         (00:00.000 / 02:29.996, 662Mb)
Check /work/output/en/tbl_bck000011111000.png                                                        (00:00.000 / 02:29.997, 662Mb)
Check /work/output/en/tbl_bck00001111101.png                                                         (00:00.000 / 02:29.997, 662Mb)
Check /work/output/en/tbl_bck000011111010.png                                                        (00:00.000 / 02:29.998, 662Mb)
Check /work/output/en/tbl_bck0000111110100.png                                                       (00:00.000 / 02:29.998, 662Mb)
Check /work/output/en/tbl_bck000011111011.png                                                        (00:00.000 / 02:29.999, 662Mb)
Check /work/output/en/tbl_bck0000111110110.png                                                       (00:00.000 / 02:30.000, 662Mb)
Check /work/output/en/tbl_bck0000111111.png                                                          (00:00.000 / 02:30.000, 662Mb)
Check /work/output/en/tbl_bck00001111110.png                                                         (00:00.000 / 02:30.001, 662Mb)
Check /work/output/en/tbl_bck000011111100.png                                                        (00:00.000 / 02:30.001, 662Mb)
Check /work/output/en/tbl_bck00001111111.png                                                         (00:00.000 / 02:30.002, 662Mb)
Check /work/output/en/tbl_bck000011111110.png                                                        (00:00.000 / 02:30.002, 662Mb)
Check /work/output/en/tbl_bck0001.png                                                                (00:00.000 / 02:30.002, 662Mb)
Check /work/output/en/tbl_bck00010.png                                                               (00:00.000 / 02:30.003, 662Mb)
Check /work/output/en/tbl_bck000100.png                                                              (00:00.000 / 02:30.003, 662Mb)
Check /work/output/en/tbl_bck00011.png                                                               (00:00.000 / 02:30.004, 662Mb)
Check /work/output/en/tbl_bck000110.png                                                              (00:00.000 / 02:30.004, 662Mb)
Check /work/output/en/tbl_bck001.png                                                                 (00:00.000 / 02:30.005, 662Mb)
Check /work/output/en/tbl_bck0010.png                                                                (00:00.000 / 02:30.005, 662Mb)
Check /work/output/en/tbl_bck00100.png                                                               (00:00.000 / 02:30.006, 662Mb)
Check /work/output/en/tbl_bck001000.png                                                              (00:00.000 / 02:30.006, 662Mb)
Check /work/output/en/tbl_bck0010000.png                                                             (00:00.000 / 02:30.007, 662Mb)
Check /work/output/en/tbl_bck001001.png                                                              (00:00.000 / 02:30.008, 662Mb)
Check /work/output/en/tbl_bck0010010.png                                                             (00:00.000 / 02:30.008, 662Mb)
Check /work/output/en/tbl_bck00101.png                                                               (00:00.000 / 02:30.009, 662Mb)
Check /work/output/en/tbl_bck001010.png                                                              (00:00.000 / 02:30.009, 662Mb)
Check /work/output/en/tbl_bck0011.png                                                                (00:00.000 / 02:30.010, 662Mb)
Check /work/output/en/tbl_bck00110.png                                                               (00:00.000 / 02:30.011, 662Mb)
Check /work/output/en/tbl_bck001100.png                                                              (00:00.000 / 02:30.012, 662Mb)
Check /work/output/en/tbl_bck00111.png                                                               (00:00.000 / 02:30.012, 662Mb)
Check /work/output/en/tbl_bck001110.png                                                              (00:00.000 / 02:30.012, 662Mb)
Check /work/output/en/tbl_bck001112.png                                                              (00:00.000 / 02:30.013, 662Mb)
Check /work/output/en/tbl_bck00112.png                                                               (00:00.000 / 02:30.013, 662Mb)
Check /work/output/en/tbl_bck01.png                                                                  (00:00.000 / 02:30.014, 662Mb)
Check /work/output/en/tbl_bck010.png                                                                 (00:00.000 / 02:30.014, 662Mb)
Check /work/output/en/tbl_bck0100.png                                                                (00:00.000 / 02:30.015, 662Mb)
Check /work/output/en/tbl_bck01000.png                                                               (00:00.000 / 02:30.015, 662Mb)
Check /work/output/en/tbl_bck0101.png                                                                (00:00.000 / 02:30.015, 662Mb)
Check /work/output/en/tbl_bck01010.png                                                               (00:00.000 / 02:30.016, 662Mb)
Check /work/output/en/tbl_bck010100.png                                                              (00:00.000 / 02:30.016, 662Mb)
Check /work/output/en/tbl_bck01011.png                                                               (00:00.000 / 02:30.017, 662Mb)
Check /work/output/en/tbl_bck010110.png                                                              (00:00.000 / 02:30.017, 662Mb)
Check /work/output/en/tbl_bck011.png                                                                 (00:00.000 / 02:30.018, 662Mb)
Check /work/output/en/tbl_bck0110.png                                                                (00:00.000 / 02:30.018, 662Mb)
Check /work/output/en/tbl_bck01100.png                                                               (00:00.000 / 02:30.018, 662Mb)
Check /work/output/en/tbl_bck011000.png                                                              (00:00.000 / 02:30.019, 662Mb)
Check /work/output/en/tbl_bck0110000.png                                                             (00:00.000 / 02:30.019, 662Mb)
Check /work/output/en/tbl_bck011001.png                                                              (00:00.000 / 02:30.019, 662Mb)
Check /work/output/en/tbl_bck0110010.png                                                             (00:00.000 / 02:30.020, 662Mb)
Check /work/output/en/tbl_bck01101.png                                                               (00:00.000 / 02:30.020, 662Mb)
Check /work/output/en/tbl_bck011010.png                                                              (00:00.000 / 02:30.021, 662Mb)
Check /work/output/en/tbl_bck0110100.png                                                             (00:00.000 / 02:30.021, 662Mb)
Check /work/output/en/tbl_bck011011.png                                                              (00:00.000 / 02:30.022, 662Mb)
Check /work/output/en/tbl_bck0110110.png                                                             (00:00.000 / 02:30.022, 662Mb)
.Check /work/output/en/tbl_bck01101100.png                                                            (00:00.000 / 02:30.022, 662Mb)
Check /work/output/en/tbl_bck0110111.png                                                             (00:00.000 / 02:30.023, 662Mb)
Check /work/output/en/tbl_bck01101110.png                                                            (00:00.000 / 02:30.023, 662Mb)
Check /work/output/en/tbl_bck0111.png                                                                (00:00.000 / 02:30.024, 662Mb)
Check /work/output/en/tbl_bck01110.png                                                               (00:00.000 / 02:30.024, 662Mb)
Check /work/output/en/tbl_bck011100.png                                                              (00:00.000 / 02:30.024, 662Mb)
Check /work/output/en/tbl_bck01111.png                                                               (00:00.000 / 02:30.025, 662Mb)
Check /work/output/en/tbl_bck011110.png                                                              (00:00.000 / 02:30.026, 662Mb)
Check /work/output/en/tbl_bck0111100.png                                                             (00:00.001 / 02:30.027, 662Mb)
Check /work/output/en/tbl_bck011110000.png                                                           (00:00.000 / 02:30.027, 662Mb)
Check /work/output/en/tbl_bck01111001.png                                                            (00:00.000 / 02:30.028, 662Mb)
Check /work/output/en/tbl_bck011110010.png                                                           (00:00.000 / 02:30.028, 662Mb)
Check /work/output/en/tbl_bck0111101.png                                                             (00:00.000 / 02:30.028, 662Mb)
Check /work/output/en/tbl_bck01111010.png                                                            (00:00.000 / 02:30.029, 662Mb)
Check /work/output/en/tbl_bck011111.png                                                              (00:00.000 / 02:30.029, 662Mb)
Check /work/output/en/tbl_bck0111110.png                                                             (00:00.000 / 02:30.030, 662Mb)
Check /work/output/en/tbl_bck0112.png                                                                (00:00.000 / 02:30.030, 662Mb)
Check /work/output/en/tbl_bck012.png                                                                 (00:00.000 / 02:30.030, 662Mb)
Check /work/output/en/tbl_bck01240.png                                                               (00:00.000 / 02:30.031, 662Mb)
Check /work/output/en/tbl_bck0125.png                                                                (00:00.000 / 02:30.031, 662Mb)
Check /work/output/en/tbl_bck01250.png                                                               (00:00.000 / 02:30.032, 662Mb)
Check /work/output/en/tbl_bck01252.png                                                               (00:00.000 / 02:30.032, 662Mb)
Check /work/output/en/tbl_bck013.png                                                                 (00:00.000 / 02:30.032, 662Mb)
Check /work/output/en/tbl_bck0140.png                                                                (00:00.000 / 02:30.033, 662Mb)
Check /work/output/en/tbl_bck015.png                                                                 (00:00.000 / 02:30.033, 662Mb)
Check /work/output/en/tbl_bck0240.png                                                                (00:00.000 / 02:30.034, 662Mb)
Check /work/output/en/tbl_bck02400.png                                                               (00:00.000 / 02:30.034, 662Mb)
Check /work/output/en/tbl_bck0241.png                                                                (00:00.000 / 02:30.035, 662Mb)
Check /work/output/en/tbl_bck02410.png                                                               (00:00.000 / 02:30.035, 662Mb)
Check /work/output/en/tbl_bck025.png                                                                 (00:00.000 / 02:30.035, 662Mb)
Check /work/output/en/tbl_bck0250.png                                                                (00:00.000 / 02:30.036, 662Mb)
Check /work/output/en/tbl_bck02500.png                                                               (00:00.000 / 02:30.036, 662Mb)
Check /work/output/en/tbl_bck025000.png                                                              (00:00.000 / 02:30.037, 662Mb)
Check /work/output/en/tbl_bck02501.png                                                               (00:00.000 / 02:30.037, 662Mb)
Check /work/output/en/tbl_bck025010.png                                                              (00:00.000 / 02:30.037, 662Mb)
Check /work/output/en/tbl_bck0250240.png                                                             (00:00.000 / 02:30.038, 662Mb)
Check /work/output/en/tbl_bck025025.png                                                              (00:00.000 / 02:30.038, 662Mb)
Check /work/output/en/tbl_bck0250250.png                                                             (00:00.000 / 02:30.039, 662Mb)
Check /work/output/en/tbl_bck02503.png                                                               (00:00.000 / 02:30.039, 662Mb)
Check /work/output/en/tbl_bck0251.png                                                                (00:00.000 / 02:30.039, 662Mb)
Check /work/output/en/tbl_bck02510.png                                                               (00:00.000 / 02:30.040, 662Mb)
Check /work/output/en/tbl_bck02512.png                                                               (00:00.000 / 02:30.040, 662Mb)
Check /work/output/en/tbl_bck0251240.png                                                             (00:00.000 / 02:30.041, 662Mb)
Check /work/output/en/tbl_bck025125.png                                                              (00:00.000 / 02:30.041, 662Mb)
Check /work/output/en/tbl_bck0251250.png                                                             (00:00.000 / 02:30.041, 662Mb)
Check /work/output/en/tbl_bck0251252.png                                                             (00:00.000 / 02:30.042, 662Mb)
Check /work/output/en/tbl_bck02513.png                                                               (00:00.000 / 02:30.042, 662Mb)
Check /work/output/en/tbl_bck03.png                                                                  (00:00.000 / 02:30.043, 662Mb)
Check /work/output/en/tbl_bck0320.png                                                                (00:00.000 / 02:30.043, 662Mb)
Check /work/output/en/tbl_bck033.png                                                                 (00:00.000 / 02:30.043, 662Mb)
Check /work/output/en/tbl_bck0330.png                                                                (00:00.000 / 02:30.044, 662Mb)
Check /work/output/en/tbl_bck03300.png                                                               (00:00.000 / 02:30.044, 662Mb)
Check /work/output/en/tbl_bck0331.png                                                                (00:00.000 / 02:30.045, 662Mb)
Check /work/output/en/tbl_bck03310.png                                                               (00:00.000 / 02:30.045, 662Mb)
Check /work/output/en/tbl_bck0340.png                                                                (00:00.000 / 02:30.045, 662Mb)
Check /work/output/en/tbl_bck03400.png                                                               (00:00.000 / 02:30.046, 662Mb)
Check /work/output/en/tbl_bck0341.png                                                                (00:00.000 / 02:30.046, 662Mb)
Check /work/output/en/tbl_bck03410.png                                                               (00:00.000 / 02:30.047, 662Mb)
Check /work/output/en/tbl_bck035.png                                                                 (00:00.000 / 02:30.047, 662Mb)
Check /work/output/en/tbl_bck0350.png                                                                (00:00.000 / 02:30.047, 662Mb)
Check /work/output/en/tbl_bck03500.png                                                               (00:00.000 / 02:30.048, 662Mb)
.Check /work/output/en/tbl_bck0350240.png                                                             (00:00.002 / 02:30.050, 662Mb)
Check /work/output/en/tbl_bck035025.png                                                              (00:00.002 / 02:30.052, 662Mb)
Check /work/output/en/tbl_bck0350250.png                                                             (00:00.000 / 02:30.053, 662Mb)
Check /work/output/en/tbl_bck03503.png                                                               (00:00.001 / 02:30.054, 662Mb)
Check /work/output/en/tbl_bck0351.png                                                                (00:00.000 / 02:30.055, 662Mb)
Check /work/output/en/tbl_bck03510.png                                                               (00:00.000 / 02:30.055, 662Mb)
Check /work/output/en/tbl_bck03512.png                                                               (00:00.000 / 02:30.055, 662Mb)
Check /work/output/en/tbl_bck0351240.png                                                             (00:00.000 / 02:30.056, 662Mb)
Check /work/output/en/tbl_bck035125.png                                                              (00:00.000 / 02:30.056, 662Mb)
Check /work/output/en/tbl_bck0351250.png                                                             (00:00.000 / 02:30.057, 662Mb)
Check /work/output/en/tbl_bck0351252.png                                                             (00:00.000 / 02:30.057, 662Mb)
Check /work/output/en/tbl_bck03513.png                                                               (00:00.000 / 02:30.058, 662Mb)
Check /work/output/en/tbl_bck04.png                                                                  (00:00.001 / 02:30.059, 662Mb)
Check /work/output/en/tbl_bck040.png                                                                 (00:00.000 / 02:30.060, 662Mb)
Check /work/output/en/tbl_bck0400.png                                                                (00:00.000 / 02:30.060, 662Mb)
Check /work/output/en/tbl_bck041.png                                                                 (00:00.000 / 02:30.061, 662Mb)
Check /work/output/en/tbl_bck0410.png                                                                (00:00.000 / 02:30.061, 662Mb)
Check /work/output/en/tbl_bck05.png                                                                  (00:00.000 / 02:30.061, 662Mb)
Check /work/output/en/tbl_bck050.png                                                                 (00:00.000 / 02:30.062, 662Mb)
Check /work/output/en/tbl_bck0500.png                                                                (00:00.000 / 02:30.062, 662Mb)
Check /work/output/en/tbl_bck05040.png                                                               (00:00.000 / 02:30.062, 662Mb)
Check /work/output/en/tbl_bck0505.png                                                                (00:00.000 / 02:30.063, 662Mb)
Check /work/output/en/tbl_bck05050.png                                                               (00:00.000 / 02:30.063, 662Mb)
Check /work/output/en/tbl_bck051.png                                                                 (00:00.000 / 02:30.064, 662Mb)
Check /work/output/en/tbl_bck0510.png                                                                (00:00.000 / 02:30.064, 662Mb)
Check /work/output/en/tbl_bck0512.png                                                                (00:00.001 / 02:30.066, 662Mb)
Check /work/output/en/tbl_bck05140.png                                                               (00:00.000 / 02:30.066, 662Mb)
Check /work/output/en/tbl_bck0515.png                                                                (00:00.000 / 02:30.066, 662Mb)
Check /work/output/en/tbl_bck05150.png                                                               (00:00.000 / 02:30.067, 662Mb)
Check /work/output/en/tbl_bck05152.png                                                               (00:00.000 / 02:30.067, 662Mb)
Check /work/output/en/tbl_bck1.png                                                                   (00:00.000 / 02:30.067, 662Mb)
Check /work/output/en/tbl_bck10.png                                                                  (00:00.000 / 02:30.068, 662Mb)
Check /work/output/en/tbl_bck100.png                                                                 (00:00.000 / 02:30.068, 662Mb)
Check /work/output/en/tbl_bck1000.png                                                                (00:00.000 / 02:30.068, 662Mb)
Check /work/output/en/tbl_bck10000.png                                                               (00:00.000 / 02:30.068, 662Mb)
Check /work/output/en/tbl_bck100000.png                                                              (00:00.000 / 02:30.069, 662Mb)
Check /work/output/en/tbl_bck10001.png                                                               (00:00.000 / 02:30.069, 662Mb)
Check /work/output/en/tbl_bck100010.png                                                              (00:00.000 / 02:30.069, 662Mb)
Check /work/output/en/tbl_bck1001.png                                                                (00:00.000 / 02:30.070, 662Mb)
Check /work/output/en/tbl_bck10010.png                                                               (00:00.000 / 02:30.070, 662Mb)
Check /work/output/en/tbl_bck100100.png                                                              (00:00.000 / 02:30.070, 662Mb)
Check /work/output/en/tbl_bck1001000.png                                                             (00:00.000 / 02:30.070, 662Mb)
Check /work/output/en/tbl_bck10010000.png                                                            (00:00.000 / 02:30.071, 662Mb)
Check /work/output/en/tbl_bck1001001.png                                                             (00:00.000 / 02:30.071, 662Mb)
Check /work/output/en/tbl_bck10010010.png                                                            (00:00.000 / 02:30.071, 662Mb)
Check /work/output/en/tbl_bck100101.png                                                              (00:00.000 / 02:30.072, 662Mb)
Check /work/output/en/tbl_bck1001010.png                                                             (00:00.000 / 02:30.072, 662Mb)
Check /work/output/en/tbl_bck10011.png                                                               (00:00.001 / 02:30.073, 662Mb)
Check /work/output/en/tbl_bck100110.png                                                              (00:00.000 / 02:30.074, 662Mb)
Check /work/output/en/tbl_bck101.png                                                                 (00:00.000 / 02:30.075, 662Mb)
Check /work/output/en/tbl_bck1010.png                                                                (00:00.000 / 02:30.075, 662Mb)
Check /work/output/en/tbl_bck10100.png                                                               (00:00.001 / 02:30.076, 662Mb)
Check /work/output/en/tbl_bck101000.png                                                              (00:00.002 / 02:30.079, 662Mb)
Check /work/output/en/tbl_bck10101.png                                                               (00:00.001 / 02:30.080, 662Mb)
Check /work/output/en/tbl_bck101010.png                                                              (00:00.002 / 02:30.083, 662Mb)
Check /work/output/en/tbl_bck1011.png                                                                (00:00.000 / 02:30.084, 662Mb)
Check /work/output/en/tbl_bck10110.png                                                               (00:00.000 / 02:30.085, 662Mb)
Check /work/output/en/tbl_bck101100.png                                                              (00:00.000 / 02:30.085, 662Mb)
Check /work/output/en/tbl_bck1011000.png                                                             (00:00.000 / 02:30.086, 662Mb)
Check /work/output/en/tbl_bck10110000.png                                                            (00:00.000 / 02:30.086, 662Mb)
Check /work/output/en/tbl_bck1011001.png                                                             (00:00.000 / 02:30.087, 662Mb)
.Check /work/output/en/tbl_bck10110010.png                                                            (00:00.000 / 02:30.087, 662Mb)
Check /work/output/en/tbl_bck101101.png                                                              (00:00.000 / 02:30.088, 662Mb)
Check /work/output/en/tbl_bck1011010.png                                                             (00:00.004 / 02:30.092, 662Mb)
Check /work/output/en/tbl_bck10111.png                                                               (00:00.004 / 02:30.097, 662Mb)
Check /work/output/en/tbl_bck101110.png                                                              (00:00.001 / 02:30.099, 662Mb)
Check /work/output/en/tbl_bck1011100.png                                                             (00:00.000 / 02:30.100, 662Mb)
Check /work/output/en/tbl_bck101111.png                                                              (00:00.001 / 02:30.101, 663Mb)
Check /work/output/en/tbl_bck1011110.png                                                             (00:00.000 / 02:30.101, 663Mb)
Check /work/output/en/tbl_bck1024.png                                                                (00:00.000 / 02:30.102, 663Mb)
Check /work/output/en/tbl_bck10240.png                                                               (00:00.000 / 02:30.102, 663Mb)
Check /work/output/en/tbl_bck1025.png                                                                (00:00.000 / 02:30.102, 663Mb)
Check /work/output/en/tbl_bck10250.png                                                               (00:00.000 / 02:30.103, 663Mb)
Check /work/output/en/tbl_bck103.png                                                                 (00:00.000 / 02:30.103, 663Mb)
Check /work/output/en/tbl_bck104.png                                                                 (00:00.000 / 02:30.104, 663Mb)
Check /work/output/en/tbl_bck1040.png                                                                (00:00.000 / 02:30.104, 663Mb)
Check /work/output/en/tbl_bck105.png                                                                 (00:00.000 / 02:30.105, 663Mb)
Check /work/output/en/tbl_bck1050.png                                                                (00:00.000 / 02:30.106, 663Mb)
Check /work/output/en/tbl_bck11.png                                                                  (00:00.000 / 02:30.106, 663Mb)
Check /work/output/en/tbl_bck110.png                                                                 (00:00.000 / 02:30.107, 663Mb)
Check /work/output/en/tbl_bck1100.png                                                                (00:00.000 / 02:30.107, 663Mb)
Check /work/output/en/tbl_bck11000.png                                                               (00:00.000 / 02:30.107, 663Mb)
Check /work/output/en/tbl_bck110000.png                                                              (00:00.000 / 02:30.108, 663Mb)
Check /work/output/en/tbl_bck11001.png                                                               (00:00.000 / 02:30.108, 663Mb)
Check /work/output/en/tbl_bck110010.png                                                              (00:00.000 / 02:30.108, 663Mb)
Check /work/output/en/tbl_bck1101.png                                                                (00:00.000 / 02:30.109, 663Mb)
Check /work/output/en/tbl_bck11010.png                                                               (00:00.000 / 02:30.109, 663Mb)
Check /work/output/en/tbl_bck110100.png                                                              (00:00.000 / 02:30.109, 663Mb)
Check /work/output/en/tbl_bck11011.png                                                               (00:00.000 / 02:30.110, 663Mb)
Check /work/output/en/tbl_bck110110.png                                                              (00:00.000 / 02:30.110, 663Mb)
Check /work/output/en/tbl_bck111.png                                                                 (00:00.000 / 02:30.111, 663Mb)
Check /work/output/en/tbl_bck1110.png                                                                (00:00.000 / 02:30.111, 663Mb)
Check /work/output/en/tbl_bck11100.png                                                               (00:00.000 / 02:30.112, 663Mb)
Check /work/output/en/tbl_bck111000.png                                                              (00:00.000 / 02:30.112, 663Mb)
Check /work/output/en/tbl_bck11101.png                                                               (00:00.000 / 02:30.113, 663Mb)
Check /work/output/en/tbl_bck111010.png                                                              (00:00.000 / 02:30.113, 663Mb)
Check /work/output/en/tbl_bck1111.png                                                                (00:00.000 / 02:30.113, 663Mb)
Check /work/output/en/tbl_bck11110.png                                                               (00:00.000 / 02:30.114, 663Mb)
Check /work/output/en/tbl_bck111100.png                                                              (00:00.000 / 02:30.114, 663Mb)
Check /work/output/en/tbl_bck1111000.png                                                             (00:00.000 / 02:30.115, 663Mb)
Check /work/output/en/tbl_bck111101.png                                                              (00:00.000 / 02:30.115, 663Mb)
Check /work/output/en/tbl_bck1111010.png                                                             (00:00.000 / 02:30.116, 663Mb)
Check /work/output/en/tbl_bck11111.png                                                               (00:00.000 / 02:30.116, 663Mb)
Check /work/output/en/tbl_bck111110.png                                                              (00:00.000 / 02:30.117, 663Mb)
Check /work/output/en/tbl_bck1112.png                                                                (00:00.000 / 02:30.117, 663Mb)
Check /work/output/en/tbl_bck112.png                                                                 (00:00.000 / 02:30.118, 663Mb)
Check /work/output/en/tbl_bck1124.png                                                                (00:00.000 / 02:30.118, 663Mb)
Check /work/output/en/tbl_bck11240.png                                                               (00:00.000 / 02:30.119, 663Mb)
Check /work/output/en/tbl_bck1125.png                                                                (00:00.000 / 02:30.119, 663Mb)
Check /work/output/en/tbl_bck11250.png                                                               (00:00.000 / 02:30.119, 663Mb)
Check /work/output/en/tbl_bck11252.png                                                               (00:00.000 / 02:30.120, 663Mb)
Check /work/output/en/tbl_bck113.png                                                                 (00:00.000 / 02:30.120, 663Mb)
Check /work/output/en/tbl_bck1140.png                                                                (00:00.000 / 02:30.120, 663Mb)
Check /work/output/en/tbl_bck115.png                                                                 (00:00.000 / 02:30.121, 663Mb)
Check /work/output/en/tbl_bck1150.png                                                                (00:00.000 / 02:30.121, 663Mb)
Check /work/output/en/tbl_bck1152.png                                                                (00:00.000 / 02:30.121, 663Mb)
Check /work/output/en/tbl_bck12.png                                                                  (00:00.001 / 02:30.123, 663Mb)
Check /work/output/en/tbl_bck120.png                                                                 (00:00.000 / 02:30.123, 663Mb)
Check /work/output/en/tbl_bck124.png                                                                 (00:00.000 / 02:30.124, 663Mb)
Check /work/output/en/tbl_bck1240.png                                                                (00:00.000 / 02:30.125, 663Mb)
Check /work/output/en/tbl_bck12400.png                                                               (00:00.000 / 02:30.125, 663Mb)
Check /work/output/en/tbl_bck1241.png                                                                (00:00.001 / 02:30.127, 663Mb)
.Check /work/output/en/tbl_bck12410.png                                                               (00:00.000 / 02:30.127, 663Mb)
Check /work/output/en/tbl_bck12424.png                                                               (00:00.000 / 02:30.128, 663Mb)
Check /work/output/en/tbl_bck1243.png                                                                (00:00.000 / 02:30.128, 663Mb)
Check /work/output/en/tbl_bck125.png                                                                 (00:00.000 / 02:30.128, 663Mb)
Check /work/output/en/tbl_bck1250.png                                                                (00:00.000 / 02:30.129, 663Mb)
Check /work/output/en/tbl_bck12500.png                                                               (00:00.000 / 02:30.129, 663Mb)
Check /work/output/en/tbl_bck1251.png                                                                (00:00.000 / 02:30.129, 663Mb)
Check /work/output/en/tbl_bck12510.png                                                               (00:00.000 / 02:30.129, 663Mb)
Check /work/output/en/tbl_bck125100.png                                                              (00:00.000 / 02:30.130, 663Mb)
Check /work/output/en/tbl_bck12511.png                                                               (00:00.000 / 02:30.130, 663Mb)
Check /work/output/en/tbl_bck125110.png                                                              (00:00.000 / 02:30.131, 663Mb)
Check /work/output/en/tbl_bck12512.png                                                               (00:00.000 / 02:30.131, 663Mb)
Check /work/output/en/tbl_bck1252.png                                                                (00:00.000 / 02:30.131, 663Mb)
Check /work/output/en/tbl_bck1252400.png                                                             (00:00.000 / 02:30.132, 663Mb)
Check /work/output/en/tbl_bck125241.png                                                              (00:00.000 / 02:30.132, 663Mb)
Check /work/output/en/tbl_bck1252410.png                                                             (00:00.000 / 02:30.132, 663Mb)
Check /work/output/en/tbl_bck1252412.png                                                             (00:00.000 / 02:30.133, 663Mb)
Check /work/output/en/tbl_bck12525.png                                                               (00:00.000 / 02:30.133, 663Mb)
Check /work/output/en/tbl_bck125250.png                                                              (00:00.000 / 02:30.133, 663Mb)
Check /work/output/en/tbl_bck125252.png                                                              (00:00.001 / 02:30.135, 663Mb)
Check /work/output/en/tbl_bck1253.png                                                                (00:00.000 / 02:30.135, 663Mb)
Check /work/output/en/tbl_bck125340.png                                                              (00:00.000 / 02:30.136, 663Mb)
Check /work/output/en/tbl_bck12535.png                                                               (00:00.001 / 02:30.137, 663Mb)
Check /work/output/en/tbl_bck125350.png                                                              (00:00.000 / 02:30.138, 663Mb)
Check /work/output/en/tbl_bck125352.png                                                              (00:00.000 / 02:30.138, 663Mb)
Check /work/output/en/tbl_bck13.png                                                                  (00:00.000 / 02:30.138, 663Mb)
Check /work/output/en/tbl_bck130.png                                                                 (00:00.000 / 02:30.138, 663Mb)
Check /work/output/en/tbl_bck1320.png                                                                (00:00.000 / 02:30.139, 663Mb)
Check /work/output/en/tbl_bck133.png                                                                 (00:00.000 / 02:30.139, 663Mb)
Check /work/output/en/tbl_bck1330.png                                                                (00:00.000 / 02:30.139, 663Mb)
Check /work/output/en/tbl_bck134.png                                                                 (00:00.000 / 02:30.140, 663Mb)
Check /work/output/en/tbl_bck1340.png                                                                (00:00.000 / 02:30.140, 663Mb)
Check /work/output/en/tbl_bck13400.png                                                               (00:00.000 / 02:30.140, 663Mb)
Check /work/output/en/tbl_bck1341.png                                                                (00:00.000 / 02:30.141, 663Mb)
Check /work/output/en/tbl_bck13410.png                                                               (00:00.000 / 02:30.141, 663Mb)
Check /work/output/en/tbl_bck135.png                                                                 (00:00.000 / 02:30.141, 663Mb)
Check /work/output/en/tbl_bck1350.png                                                                (00:00.000 / 02:30.141, 663Mb)
Check /work/output/en/tbl_bck13500.png                                                               (00:00.000 / 02:30.142, 663Mb)
Check /work/output/en/tbl_bck1351.png                                                                (00:00.000 / 02:30.142, 663Mb)
Check /work/output/en/tbl_bck13510.png                                                               (00:00.000 / 02:30.142, 663Mb)
Check /work/output/en/tbl_bck13512.png                                                               (00:00.000 / 02:30.143, 663Mb)
Check /work/output/en/tbl_bck1352.png                                                                (00:00.000 / 02:30.143, 663Mb)
Check /work/output/en/tbl_bck14.png                                                                  (00:00.000 / 02:30.143, 663Mb)
Check /work/output/en/tbl_bck140.png                                                                 (00:00.000 / 02:30.143, 663Mb)
Check /work/output/en/tbl_bck1400.png                                                                (00:00.000 / 02:30.144, 663Mb)
Check /work/output/en/tbl_bck141.png                                                                 (00:00.000 / 02:30.144, 663Mb)
Check /work/output/en/tbl_bck1410.png                                                                (00:00.000 / 02:30.144, 663Mb)
Check /work/output/en/tbl_bck1424.png                                                                (00:00.000 / 02:30.145, 663Mb)
Check /work/output/en/tbl_bck143.png                                                                 (00:00.000 / 02:30.145, 663Mb)
Check /work/output/en/tbl_bck144.png                                                                 (00:00.000 / 02:30.145, 663Mb)
Check /work/output/en/tbl_bck15.png                                                                  (00:00.000 / 02:30.146, 663Mb)
Check /work/output/en/tbl_bck150.png                                                                 (00:00.000 / 02:30.146, 663Mb)
Check /work/output/en/tbl_bck1500.png                                                                (00:00.000 / 02:30.147, 663Mb)
Check /work/output/en/tbl_bck15040.png                                                               (00:00.000 / 02:30.147, 663Mb)
Check /work/output/en/tbl_bck1505.png                                                                (00:00.000 / 02:30.148, 663Mb)
Check /work/output/en/tbl_bck15050.png                                                               (00:00.000 / 02:30.148, 663Mb)
Check /work/output/en/tbl_bck151.png                                                                 (00:00.000 / 02:30.148, 663Mb)
Check /work/output/en/tbl_bck1510.png                                                                (00:00.000 / 02:30.148, 663Mb)
Check /work/output/en/tbl_bck1512.png                                                                (00:00.000 / 02:30.149, 663Mb)
Check /work/output/en/tbl_bck15140.png                                                               (00:00.000 / 02:30.149, 663Mb)
Check /work/output/en/tbl_bck1515.png                                                                (00:00.000 / 02:30.150, 663Mb)
.Check /work/output/en/tbl_bck15150.png                                                               (00:00.000 / 02:30.150, 663Mb)
Check /work/output/en/tbl_bck15152.png                                                               (00:00.000 / 02:30.150, 663Mb)
Check /work/output/en/tbl_bck152.png                                                                 (00:00.000 / 02:30.151, 663Mb)
Check /work/output/en/tbl_bck1540.png                                                                (00:00.000 / 02:30.152, 663Mb)
Check /work/output/en/tbl_bck15424.png                                                               (00:00.000 / 02:30.153, 663Mb)
Check /work/output/en/tbl_bck1543.png                                                                (00:00.000 / 02:30.153, 663Mb)
Check /work/output/en/tbl_bck155.png                                                                 (00:00.000 / 02:30.154, 663Mb)
Check /work/output/en/tbl_bck1550.png                                                                (00:00.000 / 02:30.154, 663Mb)
Check /work/output/en/tbl_bck1552.png                                                                (00:00.000 / 02:30.154, 663Mb)
Check /work/output/en/tbl_blank.png                                                                  (00:00.000 / 02:30.155, 663Mb)
Check /work/output/en/tbl_spacer.png                                                                 (00:00.000 / 02:30.155, 663Mb)
Check /work/output/en/tbl_vjoin-closed.png                                                           (00:00.000 / 02:30.156, 663Mb)
Check /work/output/en/tbl_vjoin-open.png                                                             (00:00.000 / 02:30.156, 663Mb)
Check /work/output/en/tbl_vjoin.png                                                                  (00:00.000 / 02:30.157, 663Mb)
Check /work/output/en/tbl_vjoin_end-closed.png                                                       (00:00.000 / 02:30.157, 663Mb)
Check /work/output/en/tbl_vjoin_end-open.png                                                         (00:00.000 / 02:30.158, 663Mb)
Check /work/output/en/tbl_vjoin_end.png                                                              (00:00.000 / 02:30.158, 663Mb)
Check /work/output/en/tbl_vjoin_end_slice-closed.png                                                 (00:00.000 / 02:30.159, 663Mb)
Check /work/output/en/tbl_vjoin_end_slice-open.png                                                   (00:00.001 / 02:30.161, 663Mb)
Check /work/output/en/tbl_vjoin_end_slice.png                                                        (00:00.000 / 02:30.161, 663Mb)
Check /work/output/en/tbl_vjoin_end_slicer-closed.png                                                (00:00.001 / 02:30.163, 663Mb)
Check /work/output/en/tbl_vjoin_end_slicer-open.png                                                  (00:00.000 / 02:30.163, 663Mb)
Check /work/output/en/tbl_vjoin_end_slicer.png                                                       (00:00.000 / 02:30.164, 663Mb)
Check /work/output/en/tbl_vjoin_slice-closed.png                                                     (00:00.000 / 02:30.164, 663Mb)
Check /work/output/en/tbl_vjoin_slice-open.png                                                       (00:00.000 / 02:30.165, 663Mb)
Check /work/output/en/tbl_vjoin_slice.png                                                            (00:00.000 / 02:30.165, 663Mb)
Check /work/output/en/tbl_vjoin_slicer-closed.png                                                    (00:00.000 / 02:30.165, 663Mb)
Check /work/output/en/tbl_vjoin_slicer-open.png                                                      (00:00.000 / 02:30.166, 663Mb)
Check /work/output/en/tbl_vjoin_slicer.png                                                           (00:00.000 / 02:30.166, 663Mb)
Check /work/output/en/tbl_vline.png                                                                  (00:00.000 / 02:30.167, 663Mb)
Check /work/output/en/tbl_vline_slice.png                                                            (00:00.000 / 02:30.167, 663Mb)
Check /work/output/en/tbl_vline_slicer.png                                                           (00:00.000 / 02:30.167, 663Mb)
Check /work/output/en/toc.html                                                                       (00:00.000 / 02:30.168, 663Mb)
Check /work/output/en/translationinfo.html                                                           (00:00.027 / 02:30.195, 680Mb)
Check /work/output/en/translationinfo.md                                                             (00:00.009 / 02:30.205, 688Mb)
Check /work/output/en/tree-filter.png                                                                (00:00.000 / 02:30.206, 688Mb)
Check /work/output/en/uml-diagrams.html                                                              (00:00.001 / 02:30.207, 688Mb)
Check /work/output/en/uml-diagrams.md                                                                (00:00.007 / 02:30.214, 698Mb)
Check /work/output/en/value-sets.html                                                                (00:00.000 / 02:30.215, 698Mb)
Check /work/output/en/value-sets.md                                                                  (00:00.009 / 02:30.225, 707Mb)
Check /work/output/en/version-history.html                                                           (00:00.000 / 02:30.225, 707Mb)
Check /work/output/en/version-history.md                                                             (00:00.010 / 02:30.235, 720Mb)
Check /work/output/examples.html                                                                     (00:00.000 / 02:30.236, 720Mb)
Check /work/output/examples.json.zip                                                                 (00:00.000 / 02:30.237, 720Mb)
Check /work/output/examples.xml.zip                                                                  (00:00.000 / 02:30.238, 720Mb)
Check /work/output/excels.zip                                                                        (00:00.000 / 02:30.238, 720Mb)
Check /work/output/expansions.json                                                                   (00:00.002 / 02:30.240, 721Mb)
Check /work/output/expansions.json.zip                                                               (00:00.001 / 02:30.242, 723Mb)
Check /work/output/expansions.xml                                                                    (00:00.001 / 02:30.243, 723Mb)
Check /work/output/expansions.xml.zip                                                                (00:00.002 / 02:30.245, 725Mb)
Check /work/output/external.png                                                                      (00:00.000 / 02:30.246, 725Mb)
Check /work/output/fhir-table-scripts.js                                                             (00:00.000 / 02:30.246, 725Mb)
Check /work/output/fhir.css                                                                          (00:00.000 / 02:30.247, 725Mb)
Check /work/output/frageboegen.html                                                                  (00:00.000 / 02:30.247, 725Mb)
Check /work/output/guidance.html                                                                     (00:00.000 / 02:30.248, 725Mb)
Check /work/output/help.png                                                                          (00:00.000 / 02:30.248, 725Mb)
Check /work/output/icon-administration.png                                                           (00:00.000 / 02:30.248, 725Mb)
Check /work/output/icon-change-add.png                                                               (00:00.000 / 02:30.249, 726Mb)
Check /work/output/icon-change-edit.png                                                              (00:00.000 / 02:30.250, 726Mb)
Check /work/output/icon-change-remove.png                                                            (00:00.000 / 02:30.250, 726Mb)
Check /work/output/icon-clinical.png                                                                 (00:00.000 / 02:30.250, 726Mb)
.Check /work/output/icon-dictionary.png                                                               (00:00.000 / 02:30.251, 726Mb)
Check /work/output/icon-directory.gif                                                                (00:00.000 / 02:30.252, 726Mb)
Check /work/output/icon-documentation.png                                                            (00:00.000 / 02:30.252, 726Mb)
Check /work/output/icon-error.gif                                                                    (00:00.000 / 02:30.252, 726Mb)
Check /work/output/icon-example.png                                                                  (00:00.000 / 02:30.253, 726Mb)
Check /work/output/icon-fhir-1024.png                                                                (00:00.000 / 02:30.253, 726Mb)
Check /work/output/icon-fhir-128.png                                                                 (00:00.001 / 02:30.255, 727Mb)
Check /work/output/icon-fhir-16-grey.png                                                             (00:00.000 / 02:30.255, 727Mb)
Check /work/output/icon-fhir-16.png                                                                  (00:00.000 / 02:30.255, 727Mb)
Check /work/output/icon-fhir-24.png                                                                  (00:00.000 / 02:30.256, 727Mb)
Check /work/output/icon-fhir-32.png                                                                  (00:00.000 / 02:30.256, 728Mb)
Check /work/output/icon-fhir-48.png                                                                  (00:00.000 / 02:30.257, 728Mb)
Check /work/output/icon-fhir-64.png                                                                  (00:00.000 / 02:30.257, 728Mb)
Check /work/output/icon-fhir-720.png                                                                 (00:00.000 / 02:30.257, 728Mb)
Check /work/output/icon-implementation.png                                                           (00:00.000 / 02:30.258, 728Mb)
Check /work/output/icon-include.png                                                                  (00:00.000 / 02:30.259, 728Mb)
Check /work/output/icon-infrastructure.png                                                           (00:00.000 / 02:30.259, 728Mb)
Check /work/output/icon-key.png                                                                      (00:00.003 / 02:30.263, 728Mb)
Check /work/output/icon-list.gif                                                                     (00:00.000 / 02:30.263, 728Mb)
Check /work/output/icon-not-selected.png                                                             (00:00.000 / 02:30.263, 728Mb)
Check /work/output/icon-object-box.png                                                               (00:00.000 / 02:30.264, 728Mb)
Check /work/output/icon-page.png                                                                     (00:00.000 / 02:30.264, 728Mb)
Check /work/output/icon-q-attachment.png                                                             (00:00.000 / 02:30.265, 728Mb)
Check /work/output/icon-q-boolean.png                                                                (00:00.000 / 02:30.265, 728Mb)
Check /work/output/icon-q-choice.png                                                                 (00:00.000 / 02:30.265, 728Mb)
Check /work/output/icon-q-coding.png                                                                 (00:00.000 / 02:30.265, 728Mb)
Check /work/output/icon-q-date.png                                                                   (00:00.000 / 02:30.266, 728Mb)
Check /work/output/icon-q-datetime.png                                                               (00:00.000 / 02:30.266, 728Mb)
Check /work/output/icon-q-decimal.png                                                                (00:00.000 / 02:30.266, 728Mb)
Check /work/output/icon-q-display.png                                                                (00:00.000 / 02:30.267, 728Mb)
Check /work/output/icon-q-group.png                                                                  (00:00.000 / 02:30.267, 728Mb)
Check /work/output/icon-q-integer.png                                                                (00:00.000 / 02:30.267, 728Mb)
Check /work/output/icon-q-item.png                                                                   (00:00.000 / 02:30.268, 728Mb)
Check /work/output/icon-q-open-choice.png                                                            (00:00.000 / 02:30.268, 728Mb)
Check /work/output/icon-q-quantity.png                                                               (00:00.000 / 02:30.268, 728Mb)
Check /work/output/icon-q-reference.png                                                              (00:00.000 / 02:30.268, 728Mb)
Check /work/output/icon-q-string.png                                                                 (00:00.000 / 02:30.269, 728Mb)
Check /work/output/icon-q-text.png                                                                   (00:00.000 / 02:30.269, 728Mb)
Check /work/output/icon-q-time.png                                                                   (00:00.000 / 02:30.269, 728Mb)
Check /work/output/icon-q-url.png                                                                    (00:00.000 / 02:30.270, 728Mb)
Check /work/output/icon-qi-help.png                                                                  (00:00.000 / 02:30.270, 728Mb)
Check /work/output/icon-qi-hidden.png                                                                (00:00.000 / 02:30.270, 728Mb)
Check /work/output/icon-qi-horizontal.png                                                            (00:00.000 / 02:30.271, 728Mb)
Check /work/output/icon-qi-instructions.png                                                          (00:00.000 / 02:30.271, 728Mb)
Check /work/output/icon-qi-observation.png                                                           (00:00.000 / 02:30.271, 728Mb)
Check /work/output/icon-qi-optional.png                                                              (00:00.000 / 02:30.271, 728Mb)
Check /work/output/icon-qi-readonly.png                                                              (00:00.000 / 02:30.272, 728Mb)
Check /work/output/icon-qi-security.bmp                                                              (00:00.000 / 02:30.272, 728Mb)
Check /work/output/icon-qi-security.png                                                              (00:00.000 / 02:30.272, 728Mb)
Check /work/output/icon-qi-subject.png                                                               (00:00.000 / 02:30.273, 728Mb)
Check /work/output/icon-qi-vertical.png                                                              (00:00.000 / 02:30.273, 728Mb)
Check /work/output/icon-resource.png                                                                 (00:00.000 / 02:30.273, 728Mb)
Check /work/output/icon-selected.png                                                                 (00:00.000 / 02:30.274, 728Mb)
Check /work/output/icon-toc.png                                                                      (00:00.000 / 02:30.274, 728Mb)
Check /work/output/icon-type-operation.png                                                           (00:00.000 / 02:30.274, 728Mb)
Check /work/output/icon-warning.png                                                                  (00:00.000 / 02:30.274, 728Mb)
Check /work/output/icon_bundle.png                                                                   (00:00.000 / 02:30.275, 728Mb)
Check /work/output/icon_choice.gif                                                                   (00:00.000 / 02:30.275, 728Mb)
Check /work/output/icon_datatype.gif                                                                 (00:00.000 / 02:30.275, 728Mb)
Check /work/output/icon_element.gif                                                                  (00:00.000 / 02:30.276, 728Mb)
Check /work/output/icon_entry_blue.png                                                               (00:00.000 / 02:30.276, 728Mb)
.Check /work/output/icon_extension.png                                                                (00:00.000 / 02:30.276, 728Mb)
Check /work/output/icon_extension_complex.png                                                        (00:00.000 / 02:30.276, 728Mb)
Check /work/output/icon_extension_simple.png                                                         (00:00.000 / 02:30.277, 728Mb)
Check /work/output/icon_fixed.gif                                                                    (00:00.000 / 02:30.277, 728Mb)
Check /work/output/icon_group.png                                                                    (00:00.000 / 02:30.277, 728Mb)
Check /work/output/icon_latest.png                                                                   (00:00.000 / 02:30.278, 728Mb)
Check /work/output/icon_modifier_extension_complex.png                                               (00:00.000 / 02:30.278, 728Mb)
Check /work/output/icon_modifier_extension_simple.png                                                (00:00.000 / 02:30.278, 728Mb)
Check /work/output/icon_page-child.gif                                                               (00:00.000 / 02:30.279, 728Mb)
Check /work/output/icon_page.gif                                                                     (00:00.000 / 02:30.279, 728Mb)
Check /work/output/icon_page_n.gif                                                                   (00:00.000 / 02:30.279, 728Mb)
Check /work/output/icon_page_n_c.gif                                                                 (00:00.000 / 02:30.280, 728Mb)
Check /work/output/icon_page_n_i.gif                                                                 (00:00.000 / 02:30.280, 728Mb)
Check /work/output/icon_page_n_o.gif                                                                 (00:00.000 / 02:30.280, 728Mb)
Check /work/output/icon_page_n_p.gif                                                                 (00:00.000 / 02:30.281, 728Mb)
Check /work/output/icon_primitive.png                                                                (00:00.000 / 02:30.281, 728Mb)
Check /work/output/icon_profile.png                                                                  (00:00.000 / 02:30.281, 728Mb)
Check /work/output/icon_q_item.png                                                                   (00:00.000 / 02:30.281, 728Mb)
Check /work/output/icon_q_root.gif                                                                   (00:00.000 / 02:30.282, 728Mb)
Check /work/output/icon_reference.png                                                                (00:00.000 / 02:30.282, 728Mb)
Check /work/output/icon_resource.png                                                                 (00:00.000 / 02:30.282, 728Mb)
Check /work/output/icon_reuse.png                                                                    (00:00.000 / 02:30.283, 728Mb)
Check /work/output/icon_slice.png                                                                    (00:00.000 / 02:30.283, 728Mb)
Check /work/output/icon_slice_item.png                                                               (00:00.000 / 02:30.283, 728Mb)
Check /work/output/icon_text.png                                                                     (00:00.000 / 02:30.283, 728Mb)
Check /work/output/icon_vd_col.png                                                                   (00:00.000 / 02:30.284, 728Mb)
Check /work/output/icon_vd_foreach.png                                                               (00:00.000 / 02:30.284, 728Mb)
Check /work/output/icon_vd_select.png                                                                (00:00.000 / 02:30.284, 728Mb)
Check /work/output/icon_vd_union.png                                                                 (00:00.000 / 02:30.285, 728Mb)
Check /work/output/icon_vd_view.png                                                                  (00:00.000 / 02:30.285, 728Mb)
Check /work/output/implementer-guidance.html                                                         (00:00.000 / 02:30.285, 728Mb)
Check /work/output/index.html                                                                        (00:00.000 / 02:30.286, 729Mb)
Check /work/output/information-model_UML-Diagramm_MII-spez.png                                       (00:00.000 / 02:30.286, 729Mb)
Check /work/output/information.png                                                                   (00:00.003 / 02:30.289, 730Mb)
Check /work/output/link.svg                                                                          (00:00.000 / 02:30.290, 730Mb)
Check /work/output/llms.txt                                                                          (00:00.000 / 02:30.290, 730Mb)
Check /work/output/lock.png                                                                          (00:00.000 / 02:30.291, 730Mb)
Check /work/output/logical-models.html                                                               (00:00.000 / 02:30.291, 730Mb)
Check /work/output/mii-cap-consent-server.openapi.json                                               (00:00.000 / 02:30.291, 731Mb)
Check /work/output/modifier.png                                                                      (00:00.000 / 02:30.292, 731Mb)
Check /work/output/mustsupport.png                                                                   (00:00.000 / 02:30.292, 731Mb)
Check /work/output/new.png                                                                           (00:00.000 / 02:30.292, 731Mb)
Check /work/output/observations-summary.xlsx                                                         (00:00.000 / 02:30.293, 731Mb)
Check /work/output/package.db                                                                        (00:00.000 / 02:30.293, 731Mb)
Check /work/output/package.manifest.json                                                             (00:00.014 / 02:30.308, 437Mb)
Check /work/output/package.r4.manifest.json                                                          (00:00.001 / 02:30.309, 437Mb)
Check /work/output/package.r4.tgz                                                                    (00:00.000 / 02:30.310, 437Mb)
Check /work/output/package.r4b.manifest.json                                                         (00:00.002 / 02:30.312, 437Mb)
Check /work/output/package.r4b.tgz                                                                   (00:00.001 / 02:30.313, 437Mb)
Check /work/output/package.tgz                                                                       (00:00.003 / 02:30.316, 438Mb)
Check /work/output/prism.css                                                                         (00:00.001 / 02:30.318, 438Mb)
Check /work/output/prism.js                                                                          (00:00.000 / 02:30.319, 438Mb)
Check /work/output/profiles.html                                                                     (00:00.003 / 02:30.322, 441Mb)
Check /work/output/schematrons.zip                                                                   (00:00.001 / 02:30.324, 441Mb)
Check /work/output/search-parameters.html                                                            (00:00.000 / 02:30.325, 441Mb)
Check /work/output/searchform.html                                                                   (00:00.000 / 02:30.326, 441Mb)
Check /work/output/security-and-privacy.html                                                         (00:00.002 / 02:30.328, 443Mb)
Check /work/output/sub-package-list.json                                                             (00:00.001 / 02:30.329, 443Mb)
Check /work/output/summary.png                                                                       (00:00.000 / 02:30.330, 443Mb)
Check /work/output/target.png                                                                        (00:00.002 / 02:30.333, 443Mb)
Check /work/output/tbl-closed.png                                                                    (00:00.002 / 02:30.335, 443Mb)
.Check /work/output/tbl-open.png                                                                      (00:00.003 / 02:30.339, 443Mb)
Check /work/output/tbl_bck0.png                                                                      (00:00.001 / 02:30.340, 443Mb)
Check /work/output/tbl_bck00.png                                                                     (00:00.000 / 02:30.341, 443Mb)
Check /work/output/tbl_bck000.png                                                                    (00:00.000 / 02:30.341, 443Mb)
Check /work/output/tbl_bck0000.png                                                                   (00:00.000 / 02:30.342, 443Mb)
Check /work/output/tbl_bck00000.png                                                                  (00:00.001 / 02:30.344, 443Mb)
Check /work/output/tbl_bck000000.png                                                                 (00:00.001 / 02:30.345, 443Mb)
Check /work/output/tbl_bck0000000.png                                                                (00:00.000 / 02:30.345, 443Mb)
Check /work/output/tbl_bck000001.png                                                                 (00:00.000 / 02:30.346, 443Mb)
Check /work/output/tbl_bck0000010.png                                                                (00:00.001 / 02:30.348, 443Mb)
Check /work/output/tbl_bck00001.png                                                                  (00:00.001 / 02:30.350, 443Mb)
Check /work/output/tbl_bck000010.png                                                                 (00:00.001 / 02:30.351, 443Mb)
Check /work/output/tbl_bck0000100.png                                                                (00:00.000 / 02:30.352, 443Mb)
Check /work/output/tbl_bck000010000.png                                                              (00:00.001 / 02:30.353, 443Mb)
Check /work/output/tbl_bck00001001.png                                                               (00:00.000 / 02:30.354, 443Mb)
Check /work/output/tbl_bck000010010.png                                                              (00:00.000 / 02:30.354, 443Mb)
Check /work/output/tbl_bck0000101.png                                                                (00:00.000 / 02:30.355, 443Mb)
Check /work/output/tbl_bck00001010.png                                                               (00:00.000 / 02:30.355, 443Mb)
Check /work/output/tbl_bck000011.png                                                                 (00:00.000 / 02:30.356, 443Mb)
Check /work/output/tbl_bck0000110.png                                                                (00:00.000 / 02:30.357, 443Mb)
Check /work/output/tbl_bck00001100.png                                                               (00:00.000 / 02:30.357, 443Mb)
Check /work/output/tbl_bck0000111.png                                                                (00:00.000 / 02:30.358, 443Mb)
Check /work/output/tbl_bck00001110.png                                                               (00:00.000 / 02:30.359, 443Mb)
Check /work/output/tbl_bck000011100.png                                                              (00:00.000 / 02:30.359, 443Mb)
Check /work/output/tbl_bck0000111000.png                                                             (00:00.000 / 02:30.360, 443Mb)
Check /work/output/tbl_bck00001110000.png                                                            (00:00.000 / 02:30.361, 443Mb)
Check /work/output/tbl_bck0000111001.png                                                             (00:00.000 / 02:30.362, 443Mb)
Check /work/output/tbl_bck00001110010.png                                                            (00:00.000 / 02:30.362, 443Mb)
Check /work/output/tbl_bck000011101.png                                                              (00:00.000 / 02:30.363, 443Mb)
Check /work/output/tbl_bck0000111010.png                                                             (00:00.000 / 02:30.363, 443Mb)
Check /work/output/tbl_bck00001110100.png                                                            (00:00.000 / 02:30.364, 443Mb)
Check /work/output/tbl_bck0000111011.png                                                             (00:00.000 / 02:30.364, 443Mb)
Check /work/output/tbl_bck00001110110.png                                                            (00:00.000 / 02:30.364, 443Mb)
Check /work/output/tbl_bck00001111.png                                                               (00:00.000 / 02:30.365, 443Mb)
Check /work/output/tbl_bck000011110.png                                                              (00:00.000 / 02:30.365, 443Mb)
Check /work/output/tbl_bck0000111100.png                                                             (00:00.000 / 02:30.366, 443Mb)
Check /work/output/tbl_bck000011110000.png                                                           (00:00.000 / 02:30.366, 443Mb)
Check /work/output/tbl_bck00001111001.png                                                            (00:00.000 / 02:30.366, 443Mb)
Check /work/output/tbl_bck000011110010.png                                                           (00:00.000 / 02:30.367, 443Mb)
Check /work/output/tbl_bck0000111101.png                                                             (00:00.000 / 02:30.367, 443Mb)
Check /work/output/tbl_bck00001111010.png                                                            (00:00.000 / 02:30.367, 443Mb)
Check /work/output/tbl_bck000011111.png                                                              (00:00.000 / 02:30.368, 443Mb)
Check /work/output/tbl_bck0000111110.png                                                             (00:00.000 / 02:30.368, 443Mb)
Check /work/output/tbl_bck00001111100.png                                                            (00:00.000 / 02:30.369, 443Mb)
Check /work/output/tbl_bck000011111000.png                                                           (00:00.000 / 02:30.369, 443Mb)
Check /work/output/tbl_bck00001111101.png                                                            (00:00.000 / 02:30.370, 443Mb)
Check /work/output/tbl_bck000011111010.png                                                           (00:00.000 / 02:30.370, 443Mb)
Check /work/output/tbl_bck0000111110100.png                                                          (00:00.000 / 02:30.370, 443Mb)
Check /work/output/tbl_bck000011111011.png                                                           (00:00.000 / 02:30.371, 443Mb)
Check /work/output/tbl_bck0000111110110.png                                                          (00:00.000 / 02:30.371, 443Mb)
Check /work/output/tbl_bck0000111111.png                                                             (00:00.000 / 02:30.372, 443Mb)
Check /work/output/tbl_bck00001111110.png                                                            (00:00.000 / 02:30.372, 443Mb)
Check /work/output/tbl_bck000011111100.png                                                           (00:00.000 / 02:30.372, 443Mb)
Check /work/output/tbl_bck00001111111.png                                                            (00:00.000 / 02:30.373, 443Mb)
Check /work/output/tbl_bck000011111110.png                                                           (00:00.000 / 02:30.373, 443Mb)
Check /work/output/tbl_bck0001.png                                                                   (00:00.000 / 02:30.373, 443Mb)
Check /work/output/tbl_bck00010.png                                                                  (00:00.000 / 02:30.374, 443Mb)
Check /work/output/tbl_bck000100.png                                                                 (00:00.000 / 02:30.374, 443Mb)
Check /work/output/tbl_bck00011.png                                                                  (00:00.000 / 02:30.374, 443Mb)
Check /work/output/tbl_bck000110.png                                                                 (00:00.000 / 02:30.375, 443Mb)
Check /work/output/tbl_bck001.png                                                                    (00:00.000 / 02:30.375, 443Mb)
.Check /work/output/tbl_bck0010.png                                                                   (00:00.000 / 02:30.376, 443Mb)
Check /work/output/tbl_bck00100.png                                                                  (00:00.000 / 02:30.376, 443Mb)
Check /work/output/tbl_bck001000.png                                                                 (00:00.000 / 02:30.377, 443Mb)
Check /work/output/tbl_bck0010000.png                                                                (00:00.000 / 02:30.377, 443Mb)
Check /work/output/tbl_bck001001.png                                                                 (00:00.000 / 02:30.377, 443Mb)
Check /work/output/tbl_bck0010010.png                                                                (00:00.000 / 02:30.378, 443Mb)
Check /work/output/tbl_bck00101.png                                                                  (00:00.000 / 02:30.378, 443Mb)
Check /work/output/tbl_bck001010.png                                                                 (00:00.000 / 02:30.378, 443Mb)
Check /work/output/tbl_bck0011.png                                                                   (00:00.000 / 02:30.379, 443Mb)
Check /work/output/tbl_bck00110.png                                                                  (00:00.000 / 02:30.379, 443Mb)
Check /work/output/tbl_bck001100.png                                                                 (00:00.000 / 02:30.379, 443Mb)
Check /work/output/tbl_bck00111.png                                                                  (00:00.000 / 02:30.380, 443Mb)
Check /work/output/tbl_bck001110.png                                                                 (00:00.000 / 02:30.380, 443Mb)
Check /work/output/tbl_bck001112.png                                                                 (00:00.000 / 02:30.380, 443Mb)
Check /work/output/tbl_bck00112.png                                                                  (00:00.000 / 02:30.381, 443Mb)
Check /work/output/tbl_bck01.png                                                                     (00:00.000 / 02:30.381, 443Mb)
Check /work/output/tbl_bck010.png                                                                    (00:00.000 / 02:30.382, 444Mb)
Check /work/output/tbl_bck0100.png                                                                   (00:00.000 / 02:30.382, 444Mb)
Check /work/output/tbl_bck01000.png                                                                  (00:00.000 / 02:30.383, 444Mb)
Check /work/output/tbl_bck0101.png                                                                   (00:00.000 / 02:30.383, 444Mb)
Check /work/output/tbl_bck01010.png                                                                  (00:00.000 / 02:30.384, 444Mb)
Check /work/output/tbl_bck010100.png                                                                 (00:00.000 / 02:30.384, 444Mb)
Check /work/output/tbl_bck01011.png                                                                  (00:00.000 / 02:30.385, 444Mb)
Check /work/output/tbl_bck010110.png                                                                 (00:00.000 / 02:30.385, 444Mb)
Check /work/output/tbl_bck011.png                                                                    (00:00.000 / 02:30.386, 444Mb)
Check /work/output/tbl_bck0110.png                                                                   (00:00.000 / 02:30.386, 444Mb)
Check /work/output/tbl_bck01100.png                                                                  (00:00.000 / 02:30.386, 444Mb)
Check /work/output/tbl_bck011000.png                                                                 (00:00.000 / 02:30.387, 444Mb)
Check /work/output/tbl_bck0110000.png                                                                (00:00.000 / 02:30.387, 444Mb)
Check /work/output/tbl_bck011001.png                                                                 (00:00.000 / 02:30.388, 444Mb)
Check /work/output/tbl_bck0110010.png                                                                (00:00.000 / 02:30.388, 444Mb)
Check /work/output/tbl_bck01101.png                                                                  (00:00.000 / 02:30.388, 444Mb)
Check /work/output/tbl_bck011010.png                                                                 (00:00.000 / 02:30.389, 444Mb)
Check /work/output/tbl_bck0110100.png                                                                (00:00.000 / 02:30.389, 444Mb)
Check /work/output/tbl_bck011011.png                                                                 (00:00.000 / 02:30.390, 444Mb)
Check /work/output/tbl_bck0110110.png                                                                (00:00.000 / 02:30.390, 444Mb)
Check /work/output/tbl_bck01101100.png                                                               (00:00.000 / 02:30.391, 444Mb)
Check /work/output/tbl_bck0110111.png                                                                (00:00.000 / 02:30.391, 444Mb)
Check /work/output/tbl_bck01101110.png                                                               (00:00.000 / 02:30.392, 444Mb)
Check /work/output/tbl_bck0111.png                                                                   (00:00.000 / 02:30.392, 444Mb)
Check /work/output/tbl_bck01110.png                                                                  (00:00.000 / 02:30.393, 444Mb)
Check /work/output/tbl_bck011100.png                                                                 (00:00.000 / 02:30.393, 444Mb)
Check /work/output/tbl_bck01111.png                                                                  (00:00.000 / 02:30.394, 444Mb)
Check /work/output/tbl_bck011110.png                                                                 (00:00.000 / 02:30.394, 444Mb)
Check /work/output/tbl_bck0111100.png                                                                (00:00.000 / 02:30.395, 444Mb)
Check /work/output/tbl_bck011110000.png                                                              (00:00.000 / 02:30.395, 444Mb)
Check /work/output/tbl_bck01111001.png                                                               (00:00.000 / 02:30.395, 444Mb)
Check /work/output/tbl_bck011110010.png                                                              (00:00.000 / 02:30.396, 444Mb)
Check /work/output/tbl_bck0111101.png                                                                (00:00.000 / 02:30.396, 444Mb)
Check /work/output/tbl_bck01111010.png                                                               (00:00.000 / 02:30.397, 444Mb)
Check /work/output/tbl_bck011111.png                                                                 (00:00.000 / 02:30.397, 444Mb)
Check /work/output/tbl_bck0111110.png                                                                (00:00.000 / 02:30.398, 444Mb)
Check /work/output/tbl_bck0112.png                                                                   (00:00.000 / 02:30.398, 444Mb)
Check /work/output/tbl_bck012.png                                                                    (00:00.000 / 02:30.399, 444Mb)
Check /work/output/tbl_bck01240.png                                                                  (00:00.000 / 02:30.400, 444Mb)
Check /work/output/tbl_bck0125.png                                                                   (00:00.000 / 02:30.400, 444Mb)
Check /work/output/tbl_bck01250.png                                                                  (00:00.000 / 02:30.401, 444Mb)
Check /work/output/tbl_bck01252.png                                                                  (00:00.000 / 02:30.402, 444Mb)
Check /work/output/tbl_bck013.png                                                                    (00:00.000 / 02:30.402, 444Mb)
Check /work/output/tbl_bck0140.png                                                                   (00:00.000 / 02:30.403, 444Mb)
Check /work/output/tbl_bck015.png                                                                    (00:00.000 / 02:30.403, 444Mb)
.Check /work/output/tbl_bck0240.png                                                                   (00:00.000 / 02:30.404, 444Mb)
Check /work/output/tbl_bck02400.png                                                                  (00:00.000 / 02:30.404, 444Mb)
Check /work/output/tbl_bck0241.png                                                                   (00:00.000 / 02:30.405, 444Mb)
Check /work/output/tbl_bck02410.png                                                                  (00:00.000 / 02:30.405, 444Mb)
Check /work/output/tbl_bck025.png                                                                    (00:00.000 / 02:30.406, 444Mb)
Check /work/output/tbl_bck0250.png                                                                   (00:00.000 / 02:30.406, 444Mb)
Check /work/output/tbl_bck02500.png                                                                  (00:00.000 / 02:30.407, 444Mb)
Check /work/output/tbl_bck025000.png                                                                 (00:00.000 / 02:30.407, 444Mb)
Check /work/output/tbl_bck02501.png                                                                  (00:00.000 / 02:30.408, 444Mb)
Check /work/output/tbl_bck025010.png                                                                 (00:00.000 / 02:30.408, 444Mb)
Check /work/output/tbl_bck0250240.png                                                                (00:00.000 / 02:30.409, 444Mb)
Check /work/output/tbl_bck025025.png                                                                 (00:00.000 / 02:30.409, 444Mb)
Check /work/output/tbl_bck0250250.png                                                                (00:00.000 / 02:30.410, 444Mb)
Check /work/output/tbl_bck02503.png                                                                  (00:00.000 / 02:30.410, 444Mb)
Check /work/output/tbl_bck0251.png                                                                   (00:00.000 / 02:30.411, 444Mb)
Check /work/output/tbl_bck02510.png                                                                  (00:00.000 / 02:30.411, 444Mb)
Check /work/output/tbl_bck02512.png                                                                  (00:00.000 / 02:30.412, 444Mb)
Check /work/output/tbl_bck0251240.png                                                                (00:00.000 / 02:30.412, 444Mb)
Check /work/output/tbl_bck025125.png                                                                 (00:00.000 / 02:30.413, 444Mb)
Check /work/output/tbl_bck0251250.png                                                                (00:00.000 / 02:30.413, 444Mb)
Check /work/output/tbl_bck0251252.png                                                                (00:00.000 / 02:30.414, 444Mb)
Check /work/output/tbl_bck02513.png                                                                  (00:00.000 / 02:30.414, 444Mb)
Check /work/output/tbl_bck03.png                                                                     (00:00.000 / 02:30.414, 444Mb)
Check /work/output/tbl_bck0320.png                                                                   (00:00.000 / 02:30.415, 444Mb)
Check /work/output/tbl_bck033.png                                                                    (00:00.000 / 02:30.415, 444Mb)
Check /work/output/tbl_bck0330.png                                                                   (00:00.000 / 02:30.416, 444Mb)
Check /work/output/tbl_bck03300.png                                                                  (00:00.000 / 02:30.416, 444Mb)
Check /work/output/tbl_bck0331.png                                                                   (00:00.000 / 02:30.417, 444Mb)
Check /work/output/tbl_bck03310.png                                                                  (00:00.000 / 02:30.417, 444Mb)
Check /work/output/tbl_bck0340.png                                                                   (00:00.000 / 02:30.418, 444Mb)
Check /work/output/tbl_bck03400.png                                                                  (00:00.000 / 02:30.418, 444Mb)
Check /work/output/tbl_bck0341.png                                                                   (00:00.000 / 02:30.418, 444Mb)
Check /work/output/tbl_bck03410.png                                                                  (00:00.000 / 02:30.419, 444Mb)
Check /work/output/tbl_bck035.png                                                                    (00:00.000 / 02:30.419, 444Mb)
Check /work/output/tbl_bck0350.png                                                                   (00:00.000 / 02:30.420, 444Mb)
Check /work/output/tbl_bck03500.png                                                                  (00:00.000 / 02:30.421, 444Mb)
Check /work/output/tbl_bck0350240.png                                                                (00:00.000 / 02:30.421, 444Mb)
Check /work/output/tbl_bck035025.png                                                                 (00:00.000 / 02:30.422, 444Mb)
Check /work/output/tbl_bck0350250.png                                                                (00:00.000 / 02:30.422, 444Mb)
Check /work/output/tbl_bck03503.png                                                                  (00:00.000 / 02:30.423, 444Mb)
Check /work/output/tbl_bck0351.png                                                                   (00:00.000 / 02:30.423, 444Mb)
Check /work/output/tbl_bck03510.png                                                                  (00:00.000 / 02:30.424, 444Mb)
Check /work/output/tbl_bck03512.png                                                                  (00:00.000 / 02:30.424, 444Mb)
Check /work/output/tbl_bck0351240.png                                                                (00:00.000 / 02:30.425, 444Mb)
Check /work/output/tbl_bck035125.png                                                                 (00:00.000 / 02:30.425, 444Mb)
Check /work/output/tbl_bck0351250.png                                                                (00:00.000 / 02:30.426, 444Mb)
Check /work/output/tbl_bck0351252.png                                                                (00:00.000 / 02:30.426, 444Mb)
Check /work/output/tbl_bck03513.png                                                                  (00:00.000 / 02:30.427, 444Mb)
Check /work/output/tbl_bck04.png                                                                     (00:00.000 / 02:30.427, 444Mb)
Check /work/output/tbl_bck040.png                                                                    (00:00.000 / 02:30.427, 444Mb)
Check /work/output/tbl_bck0400.png                                                                   (00:00.000 / 02:30.428, 444Mb)
Check /work/output/tbl_bck041.png                                                                    (00:00.000 / 02:30.428, 444Mb)
Check /work/output/tbl_bck0410.png                                                                   (00:00.000 / 02:30.429, 444Mb)
Check /work/output/tbl_bck05.png                                                                     (00:00.000 / 02:30.429, 444Mb)
Check /work/output/tbl_bck050.png                                                                    (00:00.000 / 02:30.430, 444Mb)
Check /work/output/tbl_bck0500.png                                                                   (00:00.000 / 02:30.430, 444Mb)
Check /work/output/tbl_bck05040.png                                                                  (00:00.000 / 02:30.430, 444Mb)
Check /work/output/tbl_bck0505.png                                                                   (00:00.000 / 02:30.431, 444Mb)
Check /work/output/tbl_bck05050.png                                                                  (00:00.000 / 02:30.431, 444Mb)
Check /work/output/tbl_bck051.png                                                                    (00:00.000 / 02:30.432, 444Mb)
Check /work/output/tbl_bck0510.png                                                                   (00:00.000 / 02:30.432, 444Mb)
.Check /work/output/tbl_bck0512.png                                                                   (00:00.000 / 02:30.432, 444Mb)
Check /work/output/tbl_bck05140.png                                                                  (00:00.000 / 02:30.433, 444Mb)
Check /work/output/tbl_bck0515.png                                                                   (00:00.000 / 02:30.433, 444Mb)
Check /work/output/tbl_bck05150.png                                                                  (00:00.000 / 02:30.433, 444Mb)
Check /work/output/tbl_bck05152.png                                                                  (00:00.000 / 02:30.434, 444Mb)
Check /work/output/tbl_bck1.png                                                                      (00:00.000 / 02:30.434, 444Mb)
Check /work/output/tbl_bck10.png                                                                     (00:00.000 / 02:30.434, 444Mb)
Check /work/output/tbl_bck100.png                                                                    (00:00.000 / 02:30.435, 444Mb)
Check /work/output/tbl_bck1000.png                                                                   (00:00.000 / 02:30.435, 444Mb)
Check /work/output/tbl_bck10000.png                                                                  (00:00.000 / 02:30.435, 444Mb)
Check /work/output/tbl_bck100000.png                                                                 (00:00.000 / 02:30.436, 444Mb)
Check /work/output/tbl_bck10001.png                                                                  (00:00.000 / 02:30.436, 444Mb)
Check /work/output/tbl_bck100010.png                                                                 (00:00.000 / 02:30.436, 444Mb)
Check /work/output/tbl_bck1001.png                                                                   (00:00.000 / 02:30.437, 444Mb)
Check /work/output/tbl_bck10010.png                                                                  (00:00.000 / 02:30.437, 444Mb)
Check /work/output/tbl_bck100100.png                                                                 (00:00.000 / 02:30.437, 444Mb)
Check /work/output/tbl_bck1001000.png                                                                (00:00.000 / 02:30.438, 444Mb)
Check /work/output/tbl_bck10010000.png                                                               (00:00.000 / 02:30.438, 444Mb)
Check /work/output/tbl_bck1001001.png                                                                (00:00.000 / 02:30.438, 444Mb)
Check /work/output/tbl_bck10010010.png                                                               (00:00.000 / 02:30.439, 444Mb)
Check /work/output/tbl_bck100101.png                                                                 (00:00.000 / 02:30.439, 444Mb)
Check /work/output/tbl_bck1001010.png                                                                (00:00.000 / 02:30.440, 444Mb)
Check /work/output/tbl_bck10011.png                                                                  (00:00.000 / 02:30.440, 444Mb)
Check /work/output/tbl_bck100110.png                                                                 (00:00.000 / 02:30.440, 444Mb)
Check /work/output/tbl_bck101.png                                                                    (00:00.000 / 02:30.441, 444Mb)
Check /work/output/tbl_bck1010.png                                                                   (00:00.000 / 02:30.441, 444Mb)
Check /work/output/tbl_bck10100.png                                                                  (00:00.000 / 02:30.441, 444Mb)
Check /work/output/tbl_bck101000.png                                                                 (00:00.000 / 02:30.442, 444Mb)
Check /work/output/tbl_bck10101.png                                                                  (00:00.000 / 02:30.442, 444Mb)
Check /work/output/tbl_bck101010.png                                                                 (00:00.000 / 02:30.442, 444Mb)
Check /work/output/tbl_bck1011.png                                                                   (00:00.000 / 02:30.443, 444Mb)
Check /work/output/tbl_bck10110.png                                                                  (00:00.000 / 02:30.443, 444Mb)
Check /work/output/tbl_bck101100.png                                                                 (00:00.000 / 02:30.443, 444Mb)
Check /work/output/tbl_bck1011000.png                                                                (00:00.000 / 02:30.444, 444Mb)
Check /work/output/tbl_bck10110000.png                                                               (00:00.000 / 02:30.444, 444Mb)
Check /work/output/tbl_bck1011001.png                                                                (00:00.000 / 02:30.444, 444Mb)
Check /work/output/tbl_bck10110010.png                                                               (00:00.000 / 02:30.445, 444Mb)
Check /work/output/tbl_bck101101.png                                                                 (00:00.000 / 02:30.445, 444Mb)
Check /work/output/tbl_bck1011010.png                                                                (00:00.000 / 02:30.445, 444Mb)
Check /work/output/tbl_bck10111.png                                                                  (00:00.000 / 02:30.446, 444Mb)
Check /work/output/tbl_bck101110.png                                                                 (00:00.000 / 02:30.446, 444Mb)
Check /work/output/tbl_bck1011100.png                                                                (00:00.000 / 02:30.446, 444Mb)
Check /work/output/tbl_bck101111.png                                                                 (00:00.000 / 02:30.447, 444Mb)
Check /work/output/tbl_bck1011110.png                                                                (00:00.000 / 02:30.447, 444Mb)
Check /work/output/tbl_bck1024.png                                                                   (00:00.000 / 02:30.447, 444Mb)
Check /work/output/tbl_bck10240.png                                                                  (00:00.000 / 02:30.448, 444Mb)
Check /work/output/tbl_bck1025.png                                                                   (00:00.000 / 02:30.448, 444Mb)
Check /work/output/tbl_bck10250.png                                                                  (00:00.000 / 02:30.448, 444Mb)
Check /work/output/tbl_bck103.png                                                                    (00:00.000 / 02:30.449, 444Mb)
Check /work/output/tbl_bck104.png                                                                    (00:00.000 / 02:30.449, 444Mb)
Check /work/output/tbl_bck1040.png                                                                   (00:00.000 / 02:30.449, 444Mb)
Check /work/output/tbl_bck105.png                                                                    (00:00.000 / 02:30.450, 444Mb)
Check /work/output/tbl_bck1050.png                                                                   (00:00.000 / 02:30.450, 444Mb)
Check /work/output/tbl_bck11.png                                                                     (00:00.000 / 02:30.450, 444Mb)
Check /work/output/tbl_bck110.png                                                                    (00:00.000 / 02:30.451, 444Mb)
Check /work/output/tbl_bck1100.png                                                                   (00:00.000 / 02:30.451, 444Mb)
Check /work/output/tbl_bck11000.png                                                                  (00:00.000 / 02:30.451, 444Mb)
Check /work/output/tbl_bck110000.png                                                                 (00:00.000 / 02:30.452, 444Mb)
Check /work/output/tbl_bck11001.png                                                                  (00:00.000 / 02:30.452, 444Mb)
Check /work/output/tbl_bck110010.png                                                                 (00:00.000 / 02:30.452, 444Mb)
Check /work/output/tbl_bck1101.png                                                                   (00:00.000 / 02:30.453, 444Mb)
.Check /work/output/tbl_bck11010.png                                                                  (00:00.000 / 02:30.453, 444Mb)
Check /work/output/tbl_bck110100.png                                                                 (00:00.000 / 02:30.453, 444Mb)
Check /work/output/tbl_bck11011.png                                                                  (00:00.000 / 02:30.454, 444Mb)
Check /work/output/tbl_bck110110.png                                                                 (00:00.000 / 02:30.454, 444Mb)
Check /work/output/tbl_bck111.png                                                                    (00:00.000 / 02:30.454, 444Mb)
Check /work/output/tbl_bck1110.png                                                                   (00:00.000 / 02:30.455, 444Mb)
Check /work/output/tbl_bck11100.png                                                                  (00:00.000 / 02:30.455, 444Mb)
Check /work/output/tbl_bck111000.png                                                                 (00:00.000 / 02:30.455, 444Mb)
Check /work/output/tbl_bck11101.png                                                                  (00:00.000 / 02:30.456, 444Mb)
Check /work/output/tbl_bck111010.png                                                                 (00:00.000 / 02:30.456, 444Mb)
Check /work/output/tbl_bck1111.png                                                                   (00:00.000 / 02:30.456, 444Mb)
Check /work/output/tbl_bck11110.png                                                                  (00:00.000 / 02:30.457, 444Mb)
Check /work/output/tbl_bck111100.png                                                                 (00:00.000 / 02:30.457, 444Mb)
Check /work/output/tbl_bck1111000.png                                                                (00:00.000 / 02:30.457, 444Mb)
Check /work/output/tbl_bck111101.png                                                                 (00:00.000 / 02:30.458, 444Mb)
Check /work/output/tbl_bck1111010.png                                                                (00:00.000 / 02:30.458, 444Mb)
Check /work/output/tbl_bck11111.png                                                                  (00:00.000 / 02:30.458, 444Mb)
Check /work/output/tbl_bck111110.png                                                                 (00:00.000 / 02:30.459, 444Mb)
Check /work/output/tbl_bck1112.png                                                                   (00:00.000 / 02:30.459, 444Mb)
Check /work/output/tbl_bck112.png                                                                    (00:00.000 / 02:30.459, 444Mb)
Check /work/output/tbl_bck1124.png                                                                   (00:00.000 / 02:30.460, 444Mb)
Check /work/output/tbl_bck11240.png                                                                  (00:00.000 / 02:30.460, 444Mb)
Check /work/output/tbl_bck1125.png                                                                   (00:00.000 / 02:30.460, 444Mb)
Check /work/output/tbl_bck11250.png                                                                  (00:00.000 / 02:30.461, 444Mb)
Check /work/output/tbl_bck11252.png                                                                  (00:00.000 / 02:30.461, 444Mb)
Check /work/output/tbl_bck113.png                                                                    (00:00.000 / 02:30.461, 444Mb)
Check /work/output/tbl_bck1140.png                                                                   (00:00.000 / 02:30.462, 444Mb)
Check /work/output/tbl_bck115.png                                                                    (00:00.000 / 02:30.462, 444Mb)
Check /work/output/tbl_bck1150.png                                                                   (00:00.000 / 02:30.462, 444Mb)
Check /work/output/tbl_bck1152.png                                                                   (00:00.000 / 02:30.463, 444Mb)
Check /work/output/tbl_bck12.png                                                                     (00:00.000 / 02:30.463, 444Mb)
Check /work/output/tbl_bck120.png                                                                    (00:00.000 / 02:30.463, 444Mb)
Check /work/output/tbl_bck124.png                                                                    (00:00.000 / 02:30.464, 444Mb)
Check /work/output/tbl_bck1240.png                                                                   (00:00.000 / 02:30.464, 444Mb)
Check /work/output/tbl_bck12400.png                                                                  (00:00.000 / 02:30.464, 444Mb)
Check /work/output/tbl_bck1241.png                                                                   (00:00.000 / 02:30.465, 444Mb)
Check /work/output/tbl_bck12410.png                                                                  (00:00.000 / 02:30.465, 444Mb)
Check /work/output/tbl_bck12424.png                                                                  (00:00.000 / 02:30.465, 444Mb)
Check /work/output/tbl_bck1243.png                                                                   (00:00.000 / 02:30.466, 444Mb)
Check /work/output/tbl_bck125.png                                                                    (00:00.000 / 02:30.466, 444Mb)
Check /work/output/tbl_bck1250.png                                                                   (00:00.000 / 02:30.466, 444Mb)
Check /work/output/tbl_bck12500.png                                                                  (00:00.000 / 02:30.467, 444Mb)
Check /work/output/tbl_bck1251.png                                                                   (00:00.000 / 02:30.467, 444Mb)
Check /work/output/tbl_bck12510.png                                                                  (00:00.000 / 02:30.467, 444Mb)
Check /work/output/tbl_bck125100.png                                                                 (00:00.000 / 02:30.468, 444Mb)
Check /work/output/tbl_bck12511.png                                                                  (00:00.000 / 02:30.468, 444Mb)
Check /work/output/tbl_bck125110.png                                                                 (00:00.000 / 02:30.469, 444Mb)
Check /work/output/tbl_bck12512.png                                                                  (00:00.000 / 02:30.469, 444Mb)
Check /work/output/tbl_bck1252.png                                                                   (00:00.000 / 02:30.470, 444Mb)
Check /work/output/tbl_bck1252400.png                                                                (00:00.000 / 02:30.470, 444Mb)
Check /work/output/tbl_bck125241.png                                                                 (00:00.000 / 02:30.470, 444Mb)
Check /work/output/tbl_bck1252410.png                                                                (00:00.000 / 02:30.471, 444Mb)
Check /work/output/tbl_bck1252412.png                                                                (00:00.000 / 02:30.471, 444Mb)
Check /work/output/tbl_bck12525.png                                                                  (00:00.000 / 02:30.472, 444Mb)
Check /work/output/tbl_bck125250.png                                                                 (00:00.000 / 02:30.472, 444Mb)
Check /work/output/tbl_bck125252.png                                                                 (00:00.000 / 02:30.473, 444Mb)
Check /work/output/tbl_bck1253.png                                                                   (00:00.000 / 02:30.473, 444Mb)
Check /work/output/tbl_bck125340.png                                                                 (00:00.000 / 02:30.473, 444Mb)
Check /work/output/tbl_bck12535.png                                                                  (00:00.000 / 02:30.474, 444Mb)
Check /work/output/tbl_bck125350.png                                                                 (00:00.000 / 02:30.474, 444Mb)
Check /work/output/tbl_bck125352.png                                                                 (00:00.000 / 02:30.475, 444Mb)
.Check /work/output/tbl_bck13.png                                                                     (00:00.000 / 02:30.475, 444Mb)
Check /work/output/tbl_bck130.png                                                                    (00:00.000 / 02:30.475, 445Mb)
Check /work/output/tbl_bck1320.png                                                                   (00:00.000 / 02:30.476, 445Mb)
Check /work/output/tbl_bck133.png                                                                    (00:00.000 / 02:30.476, 445Mb)
Check /work/output/tbl_bck1330.png                                                                   (00:00.000 / 02:30.476, 445Mb)
Check /work/output/tbl_bck134.png                                                                    (00:00.000 / 02:30.477, 445Mb)
Check /work/output/tbl_bck1340.png                                                                   (00:00.000 / 02:30.477, 445Mb)
Check /work/output/tbl_bck13400.png                                                                  (00:00.000 / 02:30.478, 445Mb)
Check /work/output/tbl_bck1341.png                                                                   (00:00.000 / 02:30.478, 445Mb)
Check /work/output/tbl_bck13410.png                                                                  (00:00.000 / 02:30.479, 445Mb)
Check /work/output/tbl_bck135.png                                                                    (00:00.000 / 02:30.479, 445Mb)
Check /work/output/tbl_bck1350.png                                                                   (00:00.000 / 02:30.479, 445Mb)
Check /work/output/tbl_bck13500.png                                                                  (00:00.000 / 02:30.480, 445Mb)
Check /work/output/tbl_bck1351.png                                                                   (00:00.000 / 02:30.480, 445Mb)
Check /work/output/tbl_bck13510.png                                                                  (00:00.000 / 02:30.480, 445Mb)
Check /work/output/tbl_bck13512.png                                                                  (00:00.000 / 02:30.481, 445Mb)
Check /work/output/tbl_bck1352.png                                                                   (00:00.000 / 02:30.481, 445Mb)
Check /work/output/tbl_bck14.png                                                                     (00:00.000 / 02:30.482, 445Mb)
Check /work/output/tbl_bck140.png                                                                    (00:00.000 / 02:30.482, 445Mb)
Check /work/output/tbl_bck1400.png                                                                   (00:00.000 / 02:30.482, 445Mb)
Check /work/output/tbl_bck141.png                                                                    (00:00.000 / 02:30.483, 445Mb)
Check /work/output/tbl_bck1410.png                                                                   (00:00.000 / 02:30.483, 445Mb)
Check /work/output/tbl_bck1424.png                                                                   (00:00.000 / 02:30.484, 445Mb)
Check /work/output/tbl_bck143.png                                                                    (00:00.000 / 02:30.484, 445Mb)
Check /work/output/tbl_bck144.png                                                                    (00:00.000 / 02:30.484, 445Mb)
Check /work/output/tbl_bck15.png                                                                     (00:00.000 / 02:30.485, 445Mb)
Check /work/output/tbl_bck150.png                                                                    (00:00.000 / 02:30.485, 445Mb)
Check /work/output/tbl_bck1500.png                                                                   (00:00.000 / 02:30.486, 445Mb)
Check /work/output/tbl_bck15040.png                                                                  (00:00.000 / 02:30.486, 445Mb)
Check /work/output/tbl_bck1505.png                                                                   (00:00.000 / 02:30.487, 445Mb)
Check /work/output/tbl_bck15050.png                                                                  (00:00.000 / 02:30.487, 445Mb)
Check /work/output/tbl_bck151.png                                                                    (00:00.000 / 02:30.488, 445Mb)
Check /work/output/tbl_bck1510.png                                                                   (00:00.000 / 02:30.488, 445Mb)
Check /work/output/tbl_bck1512.png                                                                   (00:00.000 / 02:30.489, 445Mb)
Check /work/output/tbl_bck15140.png                                                                  (00:00.000 / 02:30.489, 445Mb)
Check /work/output/tbl_bck1515.png                                                                   (00:00.000 / 02:30.490, 445Mb)
Check /work/output/tbl_bck15150.png                                                                  (00:00.000 / 02:30.491, 445Mb)
Check /work/output/tbl_bck15152.png                                                                  (00:00.000 / 02:30.491, 445Mb)
Check /work/output/tbl_bck152.png                                                                    (00:00.000 / 02:30.492, 445Mb)
Check /work/output/tbl_bck1540.png                                                                   (00:00.000 / 02:30.492, 445Mb)
Check /work/output/tbl_bck15424.png                                                                  (00:00.000 / 02:30.493, 445Mb)
Check /work/output/tbl_bck1543.png                                                                   (00:00.000 / 02:30.493, 445Mb)
Check /work/output/tbl_bck155.png                                                                    (00:00.000 / 02:30.494, 445Mb)
Check /work/output/tbl_bck1550.png                                                                   (00:00.000 / 02:30.494, 445Mb)
Check /work/output/tbl_bck1552.png                                                                   (00:00.000 / 02:30.495, 445Mb)
Check /work/output/tbl_blank.png                                                                     (00:00.001 / 02:30.497, 445Mb)
Check /work/output/tbl_spacer.png                                                                    (00:00.000 / 02:30.497, 445Mb)
Check /work/output/tbl_vjoin-closed.png                                                              (00:00.000 / 02:30.498, 445Mb)
Check /work/output/tbl_vjoin-open.png                                                                (00:00.000 / 02:30.498, 445Mb)
Check /work/output/tbl_vjoin.png                                                                     (00:00.000 / 02:30.499, 445Mb)
Check /work/output/tbl_vjoin_end-closed.png                                                          (00:00.000 / 02:30.500, 445Mb)
Check /work/output/tbl_vjoin_end-open.png                                                            (00:00.001 / 02:30.501, 445Mb)
Check /work/output/tbl_vjoin_end.png                                                                 (00:00.001 / 02:30.502, 445Mb)
Check /work/output/tbl_vjoin_end_slice-closed.png                                                    (00:00.001 / 02:30.503, 445Mb)
Check /work/output/tbl_vjoin_end_slice-open.png                                                      (00:00.000 / 02:30.504, 445Mb)
Check /work/output/tbl_vjoin_end_slice.png                                                           (00:00.000 / 02:30.504, 445Mb)
Check /work/output/tbl_vjoin_end_slicer-closed.png                                                   (00:00.000 / 02:30.505, 445Mb)
Check /work/output/tbl_vjoin_end_slicer-open.png                                                     (00:00.000 / 02:30.506, 445Mb)
Check /work/output/tbl_vjoin_end_slicer.png                                                          (00:00.001 / 02:30.508, 445Mb)
Check /work/output/tbl_vjoin_slice-closed.png                                                        (00:00.001 / 02:30.510, 445Mb)
Check /work/output/tbl_vjoin_slice-open.png                                                          (00:00.000 / 02:30.510, 445Mb)
.Check /work/output/tbl_vjoin_slice.png                                                               (00:00.000 / 02:30.511, 445Mb)
Check /work/output/tbl_vjoin_slicer-closed.png                                                       (00:00.001 / 02:30.512, 445Mb)
Check /work/output/tbl_vjoin_slicer-open.png                                                         (00:00.001 / 02:30.513, 445Mb)
Check /work/output/tbl_vjoin_slicer.png                                                              (00:00.000 / 02:30.514, 445Mb)
Check /work/output/tbl_vline.png                                                                     (00:00.000 / 02:30.515, 445Mb)
Check /work/output/tbl_vline_slice.png                                                               (00:00.000 / 02:30.515, 445Mb)
Check /work/output/tbl_vline_slicer.png                                                              (00:00.000 / 02:30.516, 445Mb)
Check /work/output/toc.html                                                                          (00:00.000 / 02:30.517, 445Mb)
Check /work/output/translationinfo.html                                                              (00:00.001 / 02:30.518, 445Mb)
Check /work/output/tree-filter.png                                                                   (00:00.001 / 02:30.519, 445Mb)
Check /work/output/uml-diagrams.html                                                                 (00:00.000 / 02:30.520, 445Mb)
Check /work/output/url-literals.json                                                                 (00:00.001 / 02:30.521, 445Mb)
Check /work/output/usage-stats.json                                                                  (00:00.000 / 02:30.522, 445Mb)
Check /work/output/validator-mii-ig-consent.pack                                                     (00:00.001 / 02:30.523, 445Mb)
Check /work/output/validator.pack                                                                    (00:00.004 / 02:30.527, 446Mb)
Check /work/output/value-sets.html                                                                   (00:00.004 / 02:30.532, 446Mb)
Check /work/output/valueset-list.csv                                                                 (00:00.001 / 02:30.533, 446Mb)
Check /work/output/valueset-list.json                                                                (00:00.000 / 02:30.534, 446Mb)
Check /work/output/valueset-ref-all-list.csv                                                         (00:00.000 / 02:30.535, 446Mb)
Check /work/output/valueset-ref-all-list.json                                                        (00:00.000 / 02:30.535, 447Mb)
Check /work/output/valueset-ref-list.csv                                                             (00:00.001 / 02:30.537, 447Mb)
Check /work/output/valueset-ref-list.json                                                            (00:00.000 / 02:30.537, 447Mb)
Check /work/output/version-history.html                                                              (00:00.001 / 02:30.539, 447Mb)

Checking Other Links                                                                                 (00:00.001 / 02:30.540, 447Mb)
Sorting Conformance Clauses                                                                          (00:00.004 / 02:30.544, 448Mb)
Done checking                                                                                        (00:00.015 / 02:30.560, 448Mb)
  ... 2464 html files, 0 pages invalid xhtml (0%)                                                    (00:00.032 / 02:30.593, 448Mb)
  ... 118171 links, 0 broken links (0%)                                                              (00:00.002 / 02:30.596, 448Mb)
Generate fragment-usage-analysis.csv                                                                 (00:00.005 / 02:30.602, 448Mb)
Build final .zip                                                                                     (00:00.014 / 02:30.616, 449Mb)
Final .zip built                                                                                     (00:02.087 / 02:32.704, 461Mb)
Built. Times: loading: 00:01.574, generate: 02:03.373, narrative generation: 00:00.700, realm-rules: 00:00.003, previous-version: 00:00.001, jekyll: 00:04.387, validation: 00:19.659 (#24), template: 00:05.571 (#3) (00:05.903 / 02:38.607, 709Mb)
Generating QA                                                                                        (00:00.001 / 02:38.609, 709Mb)
Validation output in /work/output/qa.html
Errors: 70, Warnings: 137, Info: 498, Broken Links: 2     (00:00.484 / 02:39.094, 871Mb)
Finished @ 31.08.26, 19:47. Max Memory Used = 1Gb. Log file saved in /tmp/fhir-ig-publisher-tmp.log  (00:00.015 / 02:39.109, 872Mb)
