publisher ---> UID = 1001 / GID = 1001
usermod: no changes
Cloning into '/home/publisher/bin/ig-publisher-scripts'...
npm warn deprecated inflight@1.0.6: This module is not supported, and leaks memory. Do not use it. Check out lru-cache if you want a good and tested way to coalesce async requests by a key value, which is much more comprehensive and powerful.
npm warn deprecated glob@7.2.3: Old versions of glob are not supported, and contain widely publicized security vulnerabilities, which have been fixed in the current version. Please update. Support for old versions may be purchased (at exorbitant rates) by contacting i@izs.me
npm warn deprecated rimraf@2.6.3: Rimraf versions prior to v4 are no longer supported

added 142 packages in 17s

14 packages are looking for funding
  run `npm fund` for details
npm notice
npm notice New major version of npm available! 10.9.7 -> 12.0.2
npm notice Changelog: https://github.com/npm/cli/releases/tag/v12.0.2
npm notice To update run: npm install -g npm@12.0.2
npm notice
FHIR IG Publisher Version 2.3.2 (Git# 04466d0486ed). Built 2026-08-13T02:20:51.957Z (19 days old)   
Detected Java version: 21.0.10 from /opt/java/openjdk on Linux/aarch64 (64bit). 4096MB available    
dir = /home/publisher/ig, path = /home/publisher/bin:/home/publisher/bin:/home/publisher/bin/ig-publisher-scripts:/home/publisher/.node/bin:/opt/java/openjdk/bin:/usr/local/sbin:/usr/local/bin:/usr/sbin:/usr/bin:/sbin:/bin
Parameters: -ig /work                                                                               
Character encoding = UTF-8 / UTF-8                                                                  
Start Clock @ Tuesday, September 1, 2026, 8:54:52 AM Coordinated Universal Time (2026-09-01T08:54:52Z)
                                                                                                    
Build FHIR IG from /work                                                                             (00:00.013 / 00:00.014, 24Mb)
No FHIR settings file at /home/publisher/.fhir/fhir-settings.json; using defaults (no API keys or npm path) (00:00.001 / 00:00.015, 24Mb)
Package Cache: /home/publisher/.fhir/packages                                                        (00:00.002 / 00:00.017, 24Mb)
Run Sushi on /work                                                                                   (00:00.010 / 00:00.027, 25Mb)
Sushi: info  Running SUSHI v3.20.1 (implements FHIR Shorthand specification v3.0.0)                  (00:00.406 / 00:00.434, 26Mb)
Sushi: info  Arguments:                                                                              (00:00.001 / 00:00.436, 26Mb)
Sushi: info    --out /work                                                                           (00:00.000 / 00:00.437, 26Mb)
Sushi: info    /work                                                                                 (00:00.000 / 00:00.437, 26Mb)
Sushi: info  Using configuration file: /work/sushi-config.yaml                                       (00:00.620 / 00:01.059, 26Mb)
Sushi: info  Importing FSH text...                                                                   (00:00.092 / 00:01.150, 26Mb)
Sushi: info  Preprocessed 34 documents with 56 aliases.                                              (00:00.233 / 00:01.384, 26Mb)
Sushi: info  Imported 9 definitions and 13 instances.                                                (00:00.018 / 00:01.402, 26Mb)
Sushi: info  Loaded virtual package sushi-r5forR4#1.0.0 with 7 resources                             (00:00.108 / 00:01.511, 26Mb)
Sushi: info  Resolved hl7.fhir.uv.tools.r4#latest to concrete version 1.1.2                          (00:00.508 / 00:02.020, 26Mb)
Sushi: info  Loaded hl7.fhir.uv.tools.r4#1.1.2 with 119 resources                                    (00:00.093 / 00:02.114, 26Mb)
Sushi: info  Loaded hl7.terminology.r4#7.3.0 with 4176 resources                                     (00:01.923 / 00:04.048, 26Mb)
Sushi: info  Loaded de.einwilligungsmanagement#2.0.3-snapshots with 32 resources                     (00:00.036 / 00:04.074, 26Mb)
Sushi: info  Loaded hl7.fhir.uv.crmi#2.0.0 with 123 resources                                        (00:00.147 / 00:04.222, 26Mb)
Sushi: info  Loaded hl7.fhir.r4.core#4.0.1 with 4578 resources                                       (00:01.320 / 00:05.542, 26Mb)
Sushi: info  Loaded hl7.fhir.uv.extensions.r4#5.3.0 with 885 resources                               (00:00.301 / 00:05.843, 26Mb)
Sushi: info  Found 1 non-JSON / non-XML file(s) in directory: /work/input/resources. Only resource files with JSON or XML extensions are supported. To see the skipped files in the logs, use debug logging. (00:00.008 / 00:05.852, 26Mb)
Sushi: info  Loaded virtual package sushi-local#LOCAL with 1 resources                               (00:00.000 / 00:05.852, 26Mb)
Sushi: info  Converting FSH to FHIR resources...                                                     (00:00.012 / 00:05.864, 26Mb)
Sushi: info  Converted 3 FHIR StructureDefinitions.                                                  (00:00.276 / 00:06.141, 26Mb)
Sushi: warn  The name "MII CS Consent Policy" may not be suitable for machine processing applications such as code generation. Valid names start with an upper-case ASCII letter ('A'..'Z') followed by any combination of upper- or lower-case ASCII letters ('A'..'Z', and 'a'..'z'), numerals ('0'..'9') and '_', with a length limit of 255 characters. (00:00.752 / 00:06.892, 26Mb)
Sushi:   File: /work/input/fsh/codesystems/MII_CS_Consent_Policy.fsh                                 (00:00.000 / 00:06.893, 26Mb)
Sushi:   Line: 5                                                                                     (00:00.000 / 00:06.893, 26Mb)
Sushi: info  Converted 3 FHIR CodeSystems.                                                           (00:00.935 / 00:07.829, 26Mb)
Sushi: info  Converted 3 FHIR ValueSets.                                                             (00:00.370 / 00:08.200, 26Mb)
Sushi: info  Converted 13 FHIR instances.                                                            (00:00.589 / 00:08.790, 26Mb)
Sushi: info  Exporting FHIR resources as JSON...                                                     (00:00.001 / 00:08.791, 26Mb)
Sushi: info  Exported 22 FHIR resources as JSON.                                                     (00:00.061 / 00:08.853, 26Mb)
Sushi: info  Assembling Implementation Guide sources...                                              (00:00.002 / 00:08.855, 26Mb)
Sushi: info  Generated ImplementationGuide-mii-ig-consent.json                                       (00:00.040 / 00:08.896, 26Mb)
Sushi: info  Assembled Implementation Guide sources; ready for IG Publisher.                         (00:00.000 / 00:08.896, 26Mb)
Sushi: info  The _build script hosted at https://github.com/HL7/ig-publisher-scripts is useful for downloading and running the IG Publisher. (00:00.001 / 00:08.897, 26Mb)
Sushi: ========================= SUSHI RESULTS ===========================                           (00:00.001 / 00:08.899, 26Mb)
Sushi: |  -------------------------------------------------------------  |                           (00:00.000 / 00:08.899, 26Mb)
Sushi: | |    Profiles   |  Extensions  |   Logicals   |   Resources   | |                           (00:00.000 / 00:08.899, 26Mb)
Sushi: | |-------------------------------------------------------------| |                           (00:00.000 / 00:08.899, 26Mb)
Sushi: | |       3       |      0       |      0       |       0       | |                           (00:00.000 / 00:08.900, 26Mb)
Sushi: |  -------------------------------------------------------------  |                           (00:00.000 / 00:08.900, 26Mb)
Sushi: |  -------------------------------------------------------------  |                           (00:00.000 / 00:08.901, 26Mb)
Sushi: | |      ValueSets     |    CodeSystems    |     Instances      | |                           (00:00.000 / 00:08.901, 26Mb)
Sushi: | |-------------------------------------------------------------| |                           (00:00.000 / 00:08.901, 26Mb)
Sushi: | |         3          |         3         |         13         | |                           (00:00.000 / 00:08.902, 26Mb)
Sushi: |  -------------------------------------------------------------  |                           (00:00.000 / 00:08.902, 26Mb)
Sushi: |                                                                 |                           (00:00.000 / 00:08.902, 26Mb)
Sushi: ===================================================================                           (00:00.000 / 00:08.902, 26Mb)
Sushi: | Maybe you should scale back            0 Errors       1 Warning |                           (00:00.000 / 00:08.902, 26Mb)
Sushi: ===================================================================                           (00:00.000 / 00:08.903, 26Mb)
Root directory: /work                                                                                (00:00.052 / 00:08.956, 26Mb)
Unable to load IG as an r5 IG - try R4 (property code is a class com.google.gson.JsonPrimitive looking for an object) (00:00.359 / 00:09.315, 56Mb)
Load Template from https://github.com/medizininformatik-initiative/ig-template-mii-kds               (00:00.586 / 00:09.902, 36Mb)
 Load Template from fhir2.base.template#0.1.0                                                        (00:01.823 / 00:11.725, 38Mb)
Scanning directory: /work/template
======================================================================
Check folders                                                                                        (00:09.474 / 00:21.201, 147Mb)
Source: /work/input/predefined-resources                                                             (00:00.006 / 00:21.206, 147Mb)
Source: /work/input/capabilities                                                                     (00:00.000 / 00:21.207, 147Mb)
Source: /work/input/examples                                                                         (00:00.001 / 00:21.208, 147Mb)
Source: /work/input/extensions                                                                       (00:00.000 / 00:21.208, 147Mb)
Source: /work/input/models                                                                           (00:00.000 / 00:21.209, 147Mb)
Source: /work/input/operations                                                                       (00:00.000 / 00:21.210, 147Mb)
Source: /work/input/profiles                                                                         (00:00.000 / 00:21.210, 147Mb)
Source: /work/input/resources                                                                        (00:00.000 / 00:21.211, 147Mb)
Source: /work/input/vocabulary                                                                       (00:00.000 / 00:21.211, 147Mb)
Source: /work/input/testing                                                                          (00:00.000 / 00:21.211, 147Mb)
Source: /work/input/history                                                                          (00:00.000 / 00:21.212, 147Mb)
Source: /work/fsh-generated/resources                                                                (00:00.000 / 00:21.212, 147Mb)
Pages: /work/input/intro-notes                                                                       (00:00.050 / 00:21.263, 152Mb)
Pages: /work/template/config                                                                         (00:00.000 / 00:21.263, 152Mb)
Pages: /work/input/images                                                                            (00:00.000 / 00:21.264, 153Mb)
Output: /work/output                                                                                 (00:00.000 / 00:21.264, 153Mb)
QA Dir: /work/temp/qa                                                                                (00:00.780 / 00:22.044, 91Mb)
Terminology Cache is at /work/input-cache/txcache. 16 files in cache                                 (00:00.006 / 00:22.050, 91Mb)
Load Terminology Cache from /work/input-cache/txcache                                                (00:00.000 / 00:22.050, 91Mb)
Core Package hl7.fhir.r4.core#4.0.1                                                                  (00:00.001 / 00:22.051, 91Mb)
Load hl7.fhir.core-4.0.1 package from /home/publisher/.fhir/packages/hl7.fhir.r4.core#4.0.1          (00:00.299 / 00:22.351, 107Mb)
Running Terminology Log: /tmp/ohfu-fhir-ig-5642953233049785986.html
Connect to Terminology Server at https://tx.fhir.org                                                 (00:03.793 / 00:26.145, 491Mb)
Connect to https://tx.fhir.org/r4                                                                    (00:00.921 / 00:27.067, 176Mb)
[39mLoad Package hl7.fhir.pubpack#0.2.5
[0;39m[39mLoad Package hl7.fhir.xver-extensions#0.1.0
[0;39mLoad de_einwilligungsmanagement (http://fhir.org/packages/de.einwilligungsmanagement) from de.einwilligungsmanagement#2.0.3-snapshots (00:00.077 / 00:27.144, 178Mb)
[39mLoad Package de.einwilligungsmanagement#2.0.3-snapshots
[0;39mLoad hl7_fhir_uv_crmi (http://hl7.org/fhir/uv/crmi) from hl7.fhir.uv.crmi#2.0.0                      (00:00.019 / 00:27.163, 180Mb)
Load package dependency hl7.terminology.r4#7.2.0                                                     (00:00.154 / 00:27.318, 198Mb)
Load package dependency hl7.fhir.uv.extensions.r4#5.3.0                                              (00:00.079 / 00:27.397, 232Mb)
Load package dependency hl7.terminology.r4#7.1.0                                                     (00:00.149 / 00:27.547, 255Mb)
Load package dependency hl7.fhir.uv.extensions.r4#5.2.0                                              (00:00.121 / 00:27.668, 289Mb)
[39mLoad Package hl7.fhir.uv.extensions.r4#5.2.0
[0;39m[39mLoad Package hl7.terminology.r4#7.1.0
[0;39m[39mLoad Package hl7.fhir.uv.extensions.r4#5.3.0
[0;39m[39mLoad Package hl7.terminology.r4#7.2.0
[0;39m[39mLoad Package hl7.fhir.uv.crmi#2.0.0
[0;39mLoad hl7_terminology_r4 (http://terminology.hl7.org) from hl7.terminology.r4#7.3.0                   (00:03.993 / 00:31.662, 526Mb)
[39mLoad Package hl7.terminology.r4#7.3.0
[0;39mLoad hl7_fhir_uv_extensions_r4 (http://hl7.org/fhir/extensions) from hl7.fhir.uv.extensions.r4#5.3.0 (00:01.504 / 00:33.167, 418Mb)
[39mLoad Package hl7.fhir.uv.extensions.r4#5.3.0
[0;39mLoad igtools (http://hl7.org/fhir/tools) from hl7.fhir.uv.tools.r4#1.1.2                             (00:00.018 / 00:33.184, 426Mb)
[39mLoad Package hl7.fhir.uv.tools.r4#1.1.2
[0;39mLoad R5 Specials
Initialization complete                                                                              (00:01.736 / 00:34.921, 387Mb)
Load IG                                                                                              (00:00.001 / 00:34.923, 387Mb)
Load Translations                                                                                    (00:00.014 / 00:34.937, 389Mb)
Load Content                                                                                         (00:00.000 / 00:34.937, 389Mb)
-force-language=null defaultTranslationLang=de sourceIg.language=de sourceIg.jurisdiction=DE         (00:00.060 / 00:34.998, 396Mb)
Using de as the default narrative language. (Implementation Guide param i18n-default-lang)           (00:00.002 / 00:35.000, 396Mb)
Loaded 23 files from /work/fsh-generated/resources                                                   (00:00.125 / 00:35.126, 412Mb)
Loaded 1 files from /work/input/resources                                                            (00:00.002 / 00:35.128, 413Mb)
load /work/fsh-generated/resources/CapabilityStatement-mii-cap-consent-server.json                   (00:00.000 / 00:35.129, 413Mb)
load /work/fsh-generated/resources/CodeSystem-2.16.840.1.113883.3.1937.777.24.5.2--20210423105554.json (00:00.003 / 00:35.132, 413Mb)
load /work/fsh-generated/resources/CodeSystem-2.16.840.1.113883.3.1937.777.24.5.3--20251211153003.json (00:00.002 / 00:35.134, 413Mb)
load /work/fsh-generated/resources/CodeSystem-mii-cs-consent-version-modules.json                    (00:00.004 / 00:35.139, 417Mb)
load /work/fsh-generated/resources/Consent-34150a23-b1c8-404f-874f-e042a30435d2.json                 (00:00.003 / 00:35.142, 418Mb)
load /work/fsh-generated/resources/Consent-5143266b-8d60-4b28-8ee9-635140ffa5bb.json                 (00:00.002 / 00:35.145, 419Mb)
load /work/fsh-generated/resources/Consent-89f494a3-cd75-44f5-a78a-581dfdd47a94.json                 (00:00.003 / 00:35.149, 421Mb)
load /work/fsh-generated/resources/Consent-Example-MII-Consent-ResultType-document.json              (00:00.003 / 00:35.152, 422Mb)
load /work/fsh-generated/resources/DocumentReference-8a3d1799-2463-405e-b49c-6a16c8692b01.json       (00:00.001 / 00:35.153, 422Mb)
load /work/fsh-generated/resources/Provenance-55219d12-6245-4de4-8b50-ddf6f16a789b.json              (00:00.001 / 00:35.155, 422Mb)
load /work/fsh-generated/resources/SearchParameter-mii-sp-consent-policyuri.json                     (00:00.001 / 00:35.156, 423Mb)
load /work/fsh-generated/resources/SearchParameter-mii-sp-consent-provisioncode.json                 (00:00.000 / 00:35.157, 423Mb)
load /work/fsh-generated/resources/SearchParameter-mii-sp-consent-provisioncodeperiod.json           (00:00.001 / 00:35.158, 423Mb)
load /work/fsh-generated/resources/SearchParameter-mii-sp-consent-provisioncodetype.json             (00:00.001 / 00:35.160, 423Mb)
load /work/fsh-generated/resources/SearchParameter-mii-sp-consent-provisionperiod.json               (00:00.001 / 00:35.161, 423Mb)
load /work/fsh-generated/resources/SearchParameter-mii-sp-consent-provisiontype.json                 (00:00.000 / 00:35.162, 423Mb)
load /work/fsh-generated/resources/StructureDefinition-56375452-bfa1-4111-af7c-5b5ba9a1857c.json     (00:00.000 / 00:35.163, 424Mb)
load /work/fsh-generated/resources/StructureDefinition-e0e166b4-0f77-478d-9062-de0034d98ce0.json     (00:00.001 / 00:35.164, 424Mb)
load /work/fsh-generated/resources/StructureDefinition-f675b1e8-9f3f-44e8-bb59-9681f78eb464.json     (00:00.002 / 00:35.167, 426Mb)
load /work/fsh-generated/resources/ValueSet-2.16.840.1.113883.3.1937.777.24.11.30--20210323234509.json (00:00.001 / 00:35.168, 426Mb)
load /work/fsh-generated/resources/ValueSet-2.16.840.1.113883.3.1937.777.24.11.36--20230331232804.json (00:00.001 / 00:35.169, 427Mb)
load /work/fsh-generated/resources/ValueSet-88464c5b-5338-4c2b-9c07-b42fef2ada64.json                (00:00.000 / 00:35.170, 427Mb)
load /work/input/resources/Parameters-expansion-manifest.json                                        (00:00.001 / 00:35.171, 427Mb)
Ignoring file /work/input/translations/en/ImplementationGuide-mii-ig-consent.po - resource type 'ImplementationGuide' is not supported for translation supplements
Process Loaded Resources                                                                             (00:00.002 / 00:35.174, 427Mb)
process res: CodeSystem/2.16.840.1.113883.3.1937.777.24.5.2--20210423105554                          (00:00.000 / 00:35.174, 427Mb)
process res: CodeSystem/2.16.840.1.113883.3.1937.777.24.5.3--20251211153003                          (00:00.021 / 00:35.196, 428Mb)
process res: CodeSystem/mii-cs-consent-version-modules                                               (00:00.016 / 00:35.212, 435Mb)
process res: ValueSet/2.16.840.1.113883.3.1937.777.24.11.30--20210323234509                          (00:00.007 / 00:35.220, 439Mb)
process res: ValueSet/2.16.840.1.113883.3.1937.777.24.11.36--20230331232804                          (00:00.011 / 00:35.231, 440Mb)
process res: ValueSet/88464c5b-5338-4c2b-9c07-b42fef2ada64                                           (00:00.006 / 00:35.238, 441Mb)
process res: StructureDefinition/56375452-bfa1-4111-af7c-5b5ba9a1857c                                (00:00.004 / 00:35.242, 441Mb)
process res: StructureDefinition/e0e166b4-0f77-478d-9062-de0034d98ce0                                (00:00.009 / 00:35.252, 442Mb)
process res: StructureDefinition/f675b1e8-9f3f-44e8-bb59-9681f78eb464                                (00:00.015 / 00:35.267, 446Mb)
process res: SearchParameter/mii-sp-consent-policyuri                                                (00:00.003 / 00:35.271, 446Mb)
process res: SearchParameter/mii-sp-consent-provisioncode                                            (00:00.007 / 00:35.278, 447Mb)
process res: SearchParameter/mii-sp-consent-provisioncodeperiod                                      (00:00.001 / 00:35.280, 447Mb)
process res: SearchParameter/mii-sp-consent-provisioncodetype                                        (00:00.004 / 00:35.284, 448Mb)
process res: SearchParameter/mii-sp-consent-provisionperiod                                          (00:00.002 / 00:35.286, 448Mb)
process res: SearchParameter/mii-sp-consent-provisiontype                                            (00:00.002 / 00:35.289, 449Mb)
process res: CapabilityStatement/mii-cap-consent-server                                              (00:00.001 / 00:35.290, 449Mb)
process res: ImplementationGuide/mii-ig-consent                                                      (00:00.006 / 00:35.297, 450Mb)
process res: SearchParameter/mii-sp-consent-policyuri                                                (00:00.294 / 00:35.592, 508Mb)
process res: SearchParameter/mii-sp-consent-provisioncode                                            (00:00.012 / 00:35.604, 509Mb)
process res: SearchParameter/mii-sp-consent-provisioncodeperiod                                      (00:00.002 / 00:35.607, 509Mb)
process res: SearchParameter/mii-sp-consent-provisioncodetype                                        (00:00.001 / 00:35.608, 510Mb)
process res: SearchParameter/mii-sp-consent-provisionperiod                                          (00:00.004 / 00:35.613, 510Mb)
process res: SearchParameter/mii-sp-consent-provisiontype                                            (00:00.004 / 00:35.618, 510Mb)
Generating Snapshots                                                                                 (00:00.014 / 00:35.632, 511Mb)
Generate Snapshots                                                                                   (00:00.000 / 00:35.633, 511Mb)
Check Snapshot for https://www.medizininformatik-initiative.de/fhir/modul-consent/StructureDefinition/mii-pr-consent-documentreference (00:00.000 / 00:35.634, 511Mb)
Generate Snapshot for https://www.medizininformatik-initiative.de/fhir/modul-consent/StructureDefinition/mii-pr-consent-documentreference (00:00.001 / 00:35.635, 511Mb)
Context.See https://www.medizininformatik-initiative.de/fhir/modul-consent/StructureDefinition/mii-pr-consent-documentreference (00:00.040 / 00:35.676, 527Mb)
Check Snapshot for https://www.medizininformatik-initiative.de/fhir/modul-consent/StructureDefinition/mii-pr-consent-einwilligung (00:00.014 / 00:35.691, 537Mb)
Generate Snapshot for https://www.medizininformatik-initiative.de/fhir/modul-consent/StructureDefinition/mii-pr-consent-einwilligung (00:00.000 / 00:35.691, 537Mb)
Context.See https://www.medizininformatik-initiative.de/fhir/modul-consent/StructureDefinition/mii-pr-consent-einwilligung (00:00.109 / 00:35.800, 590Mb)
Check Snapshot for https://www.medizininformatik-initiative.de/fhir/modul-consent/StructureDefinition/mii-pr-consent-provenance (00:00.061 / 00:35.862, 631Mb)
Generate Snapshot for https://www.medizininformatik-initiative.de/fhir/modul-consent/StructureDefinition/mii-pr-consent-provenance (00:00.000 / 00:35.862, 631Mb)
Context.See https://www.medizininformatik-initiative.de/fhir/modul-consent/StructureDefinition/mii-pr-consent-provenance (00:00.029 / 00:35.891, 647Mb)

Signing Certificate: RSA key for Subject: OU=IG Publisher, L=Ann Arbor, CN=hl7.org, O=HL7, ST=Missouri, C=us from: OU=IG Publisher, L=Ann Arbor, CN=hl7.org, O=HL7, ST=Missouri, C=us
Fetch https://www.medizininformatik-initiative.de/fhir/modul-consent/package-list.json for version check (00:00.236 / 00:36.128, 669Mb)
Loaded Files: 56                                                                                     (00:00.433 / 00:36.561, 676Mb)
  /work/fsh-generated/resources/ImplementationGuide-mii-ig-consent - 1 Resources                     (00:00.000 / 00:36.562, 676Mb)
    ImplementationGuide/mii-ig-consent                                                               (00:00.000 / 00:36.562, 676Mb)
  /work/fsh-generated/resources/CapabilityStatement-mii-cap-consent-server - 1 Resources             (00:00.000 / 00:36.562, 676Mb)
    CapabilityStatement/mii-cap-consent-server                                                       (00:00.000 / 00:36.563, 676Mb)
  /work/fsh-generated/resources/CodeSystem-2.16.840.1.113883.3.1937.777.24.5.2--20210423105554 - 1 Resources (00:00.000 / 00:36.563, 676Mb)
    CodeSystem/2.16.840.1.113883.3.1937.777.24.5.2--20210423105554                                   (00:00.000 / 00:36.563, 676Mb)
  /work/fsh-generated/resources/CodeSystem-2.16.840.1.113883.3.1937.777.24.5.3--20251211153003 - 1 Resources (00:00.000 / 00:36.564, 676Mb)
    CodeSystem/2.16.840.1.113883.3.1937.777.24.5.3--20251211153003                                   (00:00.000 / 00:36.564, 676Mb)
  /work/fsh-generated/resources/CodeSystem-mii-cs-consent-version-modules - 1 Resources              (00:00.000 / 00:36.564, 676Mb)
    CodeSystem/mii-cs-consent-version-modules                                                        (00:00.000 / 00:36.564, 676Mb)
  /work/fsh-generated/resources/Consent-34150a23-b1c8-404f-874f-e042a30435d2 - 1 Resources           (00:00.000 / 00:36.564, 676Mb)
    Consent/34150a23-b1c8-404f-874f-e042a30435d2                                                     (00:00.000 / 00:36.565, 676Mb)
  /work/fsh-generated/resources/Consent-5143266b-8d60-4b28-8ee9-635140ffa5bb - 1 Resources           (00:00.000 / 00:36.565, 676Mb)
    Consent/5143266b-8d60-4b28-8ee9-635140ffa5bb                                                     (00:00.000 / 00:36.565, 676Mb)
  /work/fsh-generated/resources/Consent-89f494a3-cd75-44f5-a78a-581dfdd47a94 - 1 Resources           (00:00.000 / 00:36.565, 676Mb)
    Consent/89f494a3-cd75-44f5-a78a-581dfdd47a94                                                     (00:00.000 / 00:36.566, 676Mb)
  /work/fsh-generated/resources/Consent-Example-MII-Consent-ResultType-document - 1 Resources        (00:00.000 / 00:36.566, 676Mb)
    Consent/Example-MII-Consent-ResultType-document                                                  (00:00.000 / 00:36.566, 676Mb)
  /work/fsh-generated/resources/DocumentReference-8a3d1799-2463-405e-b49c-6a16c8692b01 - 1 Resources (00:00.000 / 00:36.566, 676Mb)
    DocumentReference/8a3d1799-2463-405e-b49c-6a16c8692b01                                           (00:00.000 / 00:36.566, 676Mb)
  /work/fsh-generated/resources/Provenance-55219d12-6245-4de4-8b50-ddf6f16a789b - 1 Resources        (00:00.000 / 00:36.567, 676Mb)
    Provenance/55219d12-6245-4de4-8b50-ddf6f16a789b                                                  (00:00.000 / 00:36.567, 676Mb)
  /work/fsh-generated/resources/SearchParameter-mii-sp-consent-policyuri - 1 Resources               (00:00.000 / 00:36.567, 676Mb)
    SearchParameter/mii-sp-consent-policyuri                                                         (00:00.000 / 00:36.567, 676Mb)
  /work/fsh-generated/resources/SearchParameter-mii-sp-consent-provisioncode - 1 Resources           (00:00.000 / 00:36.568, 676Mb)
    SearchParameter/mii-sp-consent-provisioncode                                                     (00:00.000 / 00:36.568, 676Mb)
  /work/fsh-generated/resources/SearchParameter-mii-sp-consent-provisioncodeperiod - 1 Resources     (00:00.000 / 00:36.568, 676Mb)
    SearchParameter/mii-sp-consent-provisioncodeperiod                                               (00:00.000 / 00:36.569, 676Mb)
  /work/fsh-generated/resources/SearchParameter-mii-sp-consent-provisioncodetype - 1 Resources       (00:00.000 / 00:36.569, 676Mb)
    SearchParameter/mii-sp-consent-provisioncodetype                                                 (00:00.000 / 00:36.569, 676Mb)
  /work/fsh-generated/resources/SearchParameter-mii-sp-consent-provisionperiod - 1 Resources         (00:00.000 / 00:36.569, 676Mb)
    SearchParameter/mii-sp-consent-provisionperiod                                                   (00:00.000 / 00:36.570, 676Mb)
  /work/fsh-generated/resources/SearchParameter-mii-sp-consent-provisiontype - 1 Resources           (00:00.000 / 00:36.570, 676Mb)
    SearchParameter/mii-sp-consent-provisiontype                                                     (00:00.000 / 00:36.570, 676Mb)
  /work/fsh-generated/resources/StructureDefinition-56375452-bfa1-4111-af7c-5b5ba9a1857c - 1 Resources (00:00.000 / 00:36.571, 676Mb)
    StructureDefinition/56375452-bfa1-4111-af7c-5b5ba9a1857c                                         (00:00.000 / 00:36.571, 676Mb)
  /work/fsh-generated/resources/StructureDefinition-e0e166b4-0f77-478d-9062-de0034d98ce0 - 1 Resources (00:00.000 / 00:36.571, 676Mb)
    StructureDefinition/e0e166b4-0f77-478d-9062-de0034d98ce0                                         (00:00.000 / 00:36.571, 676Mb)
  /work/fsh-generated/resources/StructureDefinition-f675b1e8-9f3f-44e8-bb59-9681f78eb464 - 1 Resources (00:00.000 / 00:36.572, 676Mb)
    StructureDefinition/f675b1e8-9f3f-44e8-bb59-9681f78eb464                                         (00:00.000 / 00:36.572, 676Mb)
  /work/fsh-generated/resources/ValueSet-2.16.840.1.113883.3.1937.777.24.11.30--20210323234509 - 1 Resources (00:00.000 / 00:36.572, 676Mb)
    ValueSet/2.16.840.1.113883.3.1937.777.24.11.30--20210323234509                                   (00:00.000 / 00:36.572, 676Mb)
  /work/fsh-generated/resources/ValueSet-2.16.840.1.113883.3.1937.777.24.11.36--20230331232804 - 1 Resources (00:00.000 / 00:36.573, 676Mb)
    ValueSet/2.16.840.1.113883.3.1937.777.24.11.36--20230331232804                                   (00:00.000 / 00:36.573, 676Mb)
  /work/fsh-generated/resources/ValueSet-88464c5b-5338-4c2b-9c07-b42fef2ada64 - 1 Resources          (00:00.000 / 00:36.573, 676Mb)
    ValueSet/88464c5b-5338-4c2b-9c07-b42fef2ada64                                                    (00:00.000 / 00:36.573, 676Mb)
  /work/input/resources/Parameters-expansion-manifest - 1 Resources                                  (00:00.000 / 00:36.574, 676Mb)
    Parameters/mii-param-consent-manifest                                                            (00:00.000 / 00:36.574, 677Mb)
  /work/input/includes/menu - 0 Resources                                                            (00:00.000 / 00:36.574, 677Mb)
  /work/fsh-generated/includes/fsh-link-references - 0 Resources                                     (00:00.000 / 00:36.574, 677Mb)
  /work/input/intro-notes/StructureDefinition-e0e166b4-0f77-478d-9062-de0034d98ce0-intro - 0 Resources (00:00.000 / 00:36.575, 677Mb)
  /work/input/intro-notes/StructureDefinition-f675b1e8-9f3f-44e8-bb59-9681f78eb464-intro - 0 Resources (00:00.000 / 00:36.575, 677Mb)
  /work/input/intro-notes/StructureDefinition-56375452-bfa1-4111-af7c-5b5ba9a1857c-intro - 0 Resources (00:00.000 / 00:36.575, 677Mb)
  /work/input/pagecontent/logical-models - 0 Resources                                               (00:00.000 / 00:36.576, 677Mb)
  /work/input/pagecontent/examples - 0 Resources                                                     (00:00.000 / 00:36.576, 677Mb)
  /work/input/pagecontent/value-sets - 0 Resources                                                   (00:00.000 / 00:36.576, 677Mb)
  /work/input/pagecontent/uml-diagrams - 0 Resources                                                 (00:00.000 / 00:36.576, 677Mb)
  /work/input/pagecontent/frageboegen - 0 Resources                                                  (00:00.000 / 00:36.576, 677Mb)
  /work/input/pagecontent/profiles - 0 Resources                                                     (00:00.000 / 00:36.577, 677Mb)
  /work/input/pagecontent/guidance - 0 Resources                                                     (00:00.000 / 00:36.577, 677Mb)
  /work/input/pagecontent/implementer-guidance - 0 Resources                                         (00:00.000 / 00:36.577, 677Mb)
  /work/input/pagecontent/security-and-privacy - 0 Resources                                         (00:00.000 / 00:36.577, 677Mb)
  /work/input/pagecontent/search-parameters - 0 Resources                                            (00:00.000 / 00:36.578, 677Mb)
  /work/input/pagecontent/capability-statements - 0 Resources                                        (00:00.000 / 00:36.578, 677Mb)
  /work/input/pagecontent/ImplementationGuide-mii-ig-consent - 0 Resources                           (00:00.000 / 00:36.578, 677Mb)
  /work/input/pagecontent/index - 0 Resources                                                        (00:00.000 / 00:36.578, 677Mb)
  /work/input/pagecontent/version-history - 0 Resources                                              (00:00.000 / 00:36.578, 677Mb)
  /work/input/pagecontent/translationinfo - 0 Resources                                              (00:00.000 / 00:36.578, 677Mb)
  /work/input/pagecontent/changes - 0 Resources                                                      (00:00.000 / 00:36.579, 677Mb)
  /work/input/pagecontent/downloads - 0 Resources                                                    (00:00.000 / 00:36.579, 677Mb)
  /work/input/pagecontent/code-systems - 0 Resources                                                 (00:00.000 / 00:36.579, 677Mb)
  /work/input/intro-notes - 0 Resources                                                              (00:00.000 / 00:36.579, 677Mb)
  /work/input/intro-notes/StructureDefinition-e0e166b4-0f77-478d-9062-de0034d98ce0-intro - 0 Resources (00:00.000 / 00:36.579, 677Mb)
  /work/input/intro-notes/StructureDefinition-f675b1e8-9f3f-44e8-bb59-9681f78eb464-intro - 0 Resources (00:00.000 / 00:36.580, 677Mb)
  /work/input/intro-notes/StructureDefinition-56375452-bfa1-4111-af7c-5b5ba9a1857c-intro - 0 Resources (00:00.000 / 00:36.580, 677Mb)
  /work/template/config - 0 Resources                                                                (00:00.000 / 00:36.580, 677Mb)
  /work/template/config/_config - 0 Resources                                                        (00:00.000 / 00:36.580, 677Mb)
  /work/input/images - 0 Resources                                                                   (00:00.000 / 00:36.580, 677Mb)
  /work/input/images/MII-KDS_de_Consent - 0 Resources                                                (00:00.000 / 00:36.581, 677Mb)
  /work/input/images/information-model_UML-Diagramm_MII-spez - 0 Resources                           (00:00.000 / 00:36.581, 677Mb)
Checking Language                                                                                    (00:00.025 / 00:36.606, 679Mb)
process type: NamingSystem                                                                           (00:00.001 / 00:36.607, 679Mb)
process type: CodeSystem                                                                             (00:00.000 / 00:36.608, 679Mb)
process type: ValueSet                                                                               (00:00.000 / 00:36.609, 679Mb)
process type: ConceptMap                                                                             (00:00.000 / 00:36.609, 679Mb)
process type: DataElement                                                                            (00:00.000 / 00:36.610, 679Mb)
process type: StructureDefinition                                                                    (00:00.000 / 00:36.610, 679Mb)
process type: OperationDefinition                                                                    (00:00.000 / 00:36.611, 679Mb)
process type: SearchParameter                                                                        (00:00.000 / 00:36.611, 679Mb)
process type: CapabilityStatement                                                                    (00:00.000 / 00:36.612, 679Mb)
process type: Conformance                                                                            (00:00.000 / 00:36.612, 679Mb)
process type: StructureMap                                                                           (00:00.000 / 00:36.613, 679Mb)
process type: ActivityDefinition                                                                     (00:00.000 / 00:36.613, 679Mb)
process type: Citation                                                                               (00:00.000 / 00:36.613, 679Mb)
process type: ChargeItemDefinition                                                                   (00:00.000 / 00:36.613, 679Mb)
process type: CompartmentDefinition                                                                  (00:00.000 / 00:36.613, 679Mb)
process type: ConceptMap                                                                             (00:00.000 / 00:36.614, 679Mb)
process type: ConditionDefinition                                                                    (00:00.000 / 00:36.615, 679Mb)
process type: EffectEvidenceSynthesis                                                                (00:00.000 / 00:36.616, 679Mb)
process type: EventDefinition                                                                        (00:00.000 / 00:36.616, 679Mb)
process type: Evidence                                                                               (00:00.000 / 00:36.617, 679Mb)
process type: EvidenceVariable                                                                       (00:00.001 / 00:36.618, 679Mb)
process type: ExampleScenario                                                                        (00:00.000 / 00:36.618, 679Mb)
process type: GraphDefinition                                                                        (00:00.000 / 00:36.619, 679Mb)
process type: ImplementationGuide                                                                    (00:00.000 / 00:36.620, 679Mb)
process type: Library                                                                                (00:00.000 / 00:36.620, 679Mb)
process type: Measure                                                                                (00:00.000 / 00:36.621, 679Mb)
process type: MessageDefinition                                                                      (00:00.000 / 00:36.621, 679Mb)
process type: PlanDefinition                                                                         (00:00.000 / 00:36.622, 679Mb)
process type: Questionnaire                                                                          (00:00.000 / 00:36.623, 679Mb)
process type: ResearchDefinition                                                                     (00:00.000 / 00:36.623, 679Mb)
process type: ResearchElementDefinition                                                              (00:00.000 / 00:36.624, 679Mb)
process type: RiskEvidenceSynthesis                                                                  (00:00.000 / 00:36.624, 679Mb)
process type: SearchParameter                                                                        (00:00.000 / 00:36.625, 679Mb)
process type: Statistic                                                                              (00:00.000 / 00:36.626, 679Mb)
process type: TerminologyCapabilities                                                                (00:00.000 / 00:36.627, 679Mb)
process type: TestPlan                                                                               (00:00.000 / 00:36.627, 679Mb)
process type: TestScript                                                                             (00:00.000 / 00:36.628, 679Mb)
process type: ActorDefinition                                                                        (00:00.000 / 00:36.628, 679Mb)
process type: SubscriptionTopic                                                                      (00:00.000 / 00:36.629, 679Mb)
process type: Requirements                                                                           (00:00.000 / 00:36.629, 679Mb)
Load Dependency Info                                                                                 (00:00.000 / 00:36.630, 679Mb)
Load Info                                                                                            (00:00.003 / 00:36.633, 679Mb)
Load Paths                                                                                           (00:00.001 / 00:36.635, 680Mb)
Check R4 / R4B                                                                                       (00:00.001 / 00:36.636, 680Mb)
R4/R4B Check                                                                                         (00:00.001 / 00:36.638, 680Mb)
Assign Comparison Ids                                                                                (00:00.033 / 00:36.671, 689Mb)
Propagating status                                                                                   (00:00.000 / 00:36.671, 689Mb)
propagating status                                                                                   (00:00.000 / 00:36.671, 689Mb)
Generating Narratives                                                                                (00:00.000 / 00:36.672, 689Mb)
gen narratives                                                                                       (00:00.000 / 00:36.673, 689Mb)
generate narrative for ImplementationGuide-mii-ig-consent.json : mii-ig-consent                      (00:00.000 / 00:36.673, 689Mb)
generate narrative for CapabilityStatement-mii-cap-consent-server.json : mii-cap-consent-server      (00:00.083 / 00:36.756, 699Mb)
generate narrative for CodeSystem-2.16.840.1.113883.3.1937.777.24.5.2--20210423105554.json : 2.16.840.1.113883.3.1937.777.24.5.2--20210423105554 (00:00.015 / 00:36.772, 703Mb)
generate narrative for CodeSystem-2.16.840.1.113883.3.1937.777.24.5.3--20251211153003.json : 2.16.840.1.113883.3.1937.777.24.5.3--20251211153003 (00:00.007 / 00:36.779, 704Mb)
generate narrative for CodeSystem-mii-cs-consent-version-modules.json : mii-cs-consent-version-modules (00:00.032 / 00:36.812, 720Mb)
generate narrative for Consent-34150a23-b1c8-404f-874f-e042a30435d2.json : 34150a23-b1c8-404f-874f-e042a30435d2 (00:00.010 / 00:36.822, 725Mb)
generate narrative for Consent-5143266b-8d60-4b28-8ee9-635140ffa5bb.json : 5143266b-8d60-4b28-8ee9-635140ffa5bb (00:00.083 / 00:36.906, 731Mb)
generate narrative for Consent-89f494a3-cd75-44f5-a78a-581dfdd47a94.json : 89f494a3-cd75-44f5-a78a-581dfdd47a94 (00:00.024 / 00:36.931, 736Mb)
generate narrative for Consent-Example-MII-Consent-ResultType-document.json : Example-MII-Consent-ResultType-document (00:00.004 / 00:36.936, 738Mb)
generate narrative for DocumentReference-8a3d1799-2463-405e-b49c-6a16c8692b01.json : 8a3d1799-2463-405e-b49c-6a16c8692b01 (00:00.003 / 00:36.939, 739Mb)
generate narrative for Provenance-55219d12-6245-4de4-8b50-ddf6f16a789b.json : 55219d12-6245-4de4-8b50-ddf6f16a789b (00:00.012 / 00:36.951, 740Mb)
generate narrative for SearchParameter-mii-sp-consent-policyuri.json : mii-sp-consent-policyuri      (00:00.054 / 00:37.006, 742Mb)
generate narrative for SearchParameter-mii-sp-consent-provisioncode.json : mii-sp-consent-provisioncode (00:00.007 / 00:37.014, 743Mb)
generate narrative for SearchParameter-mii-sp-consent-provisioncodeperiod.json : mii-sp-consent-provisioncodeperiod (00:00.002 / 00:37.016, 744Mb)
generate narrative for SearchParameter-mii-sp-consent-provisioncodetype.json : mii-sp-consent-provisioncodetype (00:00.003 / 00:37.020, 744Mb)
generate narrative for SearchParameter-mii-sp-consent-provisionperiod.json : mii-sp-consent-provisionperiod (00:00.008 / 00:37.029, 745Mb)
generate narrative for SearchParameter-mii-sp-consent-provisiontype.json : mii-sp-consent-provisiontype (00:00.003 / 00:37.032, 746Mb)
generate narrative for StructureDefinition-56375452-bfa1-4111-af7c-5b5ba9a1857c.json : 56375452-bfa1-4111-af7c-5b5ba9a1857c (00:00.002 / 00:37.035, 747Mb)
generate narrative for StructureDefinition-e0e166b4-0f77-478d-9062-de0034d98ce0.json : e0e166b4-0f77-478d-9062-de0034d98ce0 (00:00.040 / 00:37.075, 761Mb)
generate narrative for StructureDefinition-f675b1e8-9f3f-44e8-bb59-9681f78eb464.json : f675b1e8-9f3f-44e8-bb59-9681f78eb464 (00:00.189 / 00:37.265, 828Mb)
generate narrative for ValueSet-2.16.840.1.113883.3.1937.777.24.11.30--20210323234509.json : 2.16.840.1.113883.3.1937.777.24.11.30--20210323234509 (00:00.026 / 00:37.291, 843Mb)
generate narrative for ValueSet-2.16.840.1.113883.3.1937.777.24.11.36--20230331232804.json : 2.16.840.1.113883.3.1937.777.24.11.36--20230331232804 (00:00.050 / 00:37.341, 853Mb)
generate narrative for ValueSet-88464c5b-5338-4c2b-9c07-b42fef2ada64.json : 88464c5b-5338-4c2b-9c07-b42fef2ada64 (00:00.002 / 00:37.343, 854Mb)
generate narrative for resources/Parameters-expansion-manifest.json : mii-param-consent-manifest     (00:00.005 / 00:37.349, 855Mb)
Validating Conformance Resources                                                                     (00:00.000 / 00:37.349, 855Mb)
validate res: CodeSystem/2.16.840.1.113883.3.1937.777.24.5.2--20210423105554                         (00:00.000 / 00:37.349, 855Mb)
$validate http://snomed.info/sct#900000000000013009: "Synonym" for Include 2 codes from http://snomed.info/sct on https://tx.fhir.org/r4 (00:01.032 / 00:38.382, 693Mb)
$validate http://snomed.info/sct#900000000000013009: "Synonym" for Include 2 codes from http://snomed.info/sct on https://tx.fhir.org/r4 (00:00.221 / 00:38.603, 695Mb)
$validate http://snomed.info/sct#900000000000013009: "Synonym" for Include 2 codes from http://snomed.info/sct on https://tx.fhir.org/r4 (00:00.192 / 00:38.796, 695Mb)
$validate http://snomed.info/sct#900000000000013009: "Synonym" for Include 2 codes from http://snomed.info/sct on https://tx.fhir.org/r4 (00:00.191 / 00:38.987, 695Mb)
$validate http://snomed.info/sct#900000000000013009: "Synonym" for Include 2 codes from http://snomed.info/sct on https://tx.fhir.org/r4 (00:00.204 / 00:39.191, 696Mb)
$validate http://snomed.info/sct#900000000000013009: "Synonym" for Include 2 codes from http://snomed.info/sct on https://tx.fhir.org/r4 (00:00.193 / 00:39.385, 696Mb)
validate res: CodeSystem/2.16.840.1.113883.3.1937.777.24.5.3--20251211153003                         (00:00.205 / 00:39.590, 697Mb)
validate res: CodeSystem/mii-cs-consent-version-modules                                              (00:00.088 / 00:39.678, 716Mb)
$validate http://snomed.info/sct#900000000000003001: "Fully specified name" for Include 2 codes from http://snomed.info/sct on https://tx.fhir.org/r4 (00:00.023 / 00:39.701, 720Mb)
$validate http://snomed.info/sct#900000000000003001: "Fully specified name" for Include 2 codes from http://snomed.info/sct on https://tx.fhir.org/r4 (00:00.206 / 00:39.908, 721Mb)
$validate http://snomed.info/sct#900000000000003001: "Fully specified name" for Include 2 codes from http://snomed.info/sct on https://tx.fhir.org/r4 (00:00.194 / 00:40.102, 721Mb)
$validate http://snomed.info/sct#900000000000003001: "Fully specified name" for Include 2 codes from http://snomed.info/sct on https://tx.fhir.org/r4 (00:00.197 / 00:40.299, 721Mb)
$validate http://snomed.info/sct#900000000000003001: "Fully specified name" for Include 2 codes from http://snomed.info/sct on https://tx.fhir.org/r4 (00:00.191 / 00:40.491, 722Mb)
$validate http://snomed.info/sct#900000000000003001: "Fully specified name" for Include 2 codes from http://snomed.info/sct on https://tx.fhir.org/r4 (00:00.201 / 00:40.692, 722Mb)
$validate http://snomed.info/sct#900000000000003001: "Fully specified name" for Include 2 codes from http://snomed.info/sct on https://tx.fhir.org/r4 (00:00.194 / 00:40.886, 723Mb)
$validate http://snomed.info/sct#900000000000003001: "Fully specified name" for Include 2 codes from http://snomed.info/sct on https://tx.fhir.org/r4 (00:00.203 / 00:41.090, 723Mb)
$validate http://snomed.info/sct#900000000000003001: "Fully specified name" for Include 2 codes from http://snomed.info/sct on https://tx.fhir.org/r4 (00:00.187 / 00:41.277, 724Mb)
$validate http://snomed.info/sct#900000000000003001: "Fully specified name" for Include 2 codes from http://snomed.info/sct on https://tx.fhir.org/r4 (00:00.186 / 00:41.463, 724Mb)
$validate http://snomed.info/sct#900000000000003001: "Fully specified name" for Include 2 codes from http://snomed.info/sct on https://tx.fhir.org/r4 (00:00.250 / 00:41.714, 725Mb)
$validate http://snomed.info/sct#900000000000003001: "Fully specified name" for Include 2 codes from http://snomed.info/sct on https://tx.fhir.org/r4 (00:00.188 / 00:41.903, 725Mb)
$validate http://snomed.info/sct#900000000000003001: "Fully specified name" for Include 2 codes from http://snomed.info/sct on https://tx.fhir.org/r4 (00:00.193 / 00:42.097, 726Mb)
$validate http://snomed.info/sct#900000000000003001: "Fully specified name" for Include 2 codes from http://snomed.info/sct on https://tx.fhir.org/r4 (00:00.205 / 00:42.302, 726Mb)
$validate http://snomed.info/sct#900000000000003001: "Fully specified name" for Include 2 codes from http://snomed.info/sct on https://tx.fhir.org/r4 (00:00.218 / 00:42.521, 727Mb)
$validate http://snomed.info/sct#900000000000003001: "Fully specified name" for Include 2 codes from http://snomed.info/sct on https://tx.fhir.org/r4 (00:00.203 / 00:42.725, 727Mb)
$validate http://snomed.info/sct#900000000000003001: "Fully specified name" for Include 2 codes from http://snomed.info/sct on https://tx.fhir.org/r4 (00:00.201 / 00:42.926, 727Mb)
$validate http://snomed.info/sct#900000000000003001: "Fully specified name" for Include 2 codes from http://snomed.info/sct on https://tx.fhir.org/r4 (00:00.216 / 00:43.143, 728Mb)
$validate http://snomed.info/sct#900000000000003001: "Fully specified name" for Include 2 codes from http://snomed.info/sct on https://tx.fhir.org/r4 (00:00.205 / 00:43.348, 728Mb)
$validate http://snomed.info/sct#900000000000003001: "Fully specified name" for Include 2 codes from http://snomed.info/sct on https://tx.fhir.org/r4 (00:00.204 / 00:43.553, 729Mb)
$validate http://snomed.info/sct#900000000000003001: "Fully specified name" for Include 2 codes from http://snomed.info/sct on https://tx.fhir.org/r4 (00:00.200 / 00:43.753, 729Mb)
validate res: ValueSet/2.16.840.1.113883.3.1937.777.24.11.30--20210323234509                         (00:00.226 / 00:43.980, 732Mb)
$validate http://snomed.info/sct#900000000000013009: "Synonym" for Include 2 codes from http://snomed.info/sct on https://tx.fhir.org/r4 (00:00.048 / 00:44.029, 735Mb)
$validate http://snomed.info/sct#900000000000013009: "Synonym" for Include 2 codes from http://snomed.info/sct on https://tx.fhir.org/r4 (00:00.203 / 00:44.232, 735Mb)
$validate http://snomed.info/sct#900000000000013009: "Synonym" for Include 2 codes from http://snomed.info/sct on https://tx.fhir.org/r4 (00:00.220 / 00:44.452, 736Mb)
$validate http://snomed.info/sct#900000000000013009: "Synonym" for Include 2 codes from http://snomed.info/sct on https://tx.fhir.org/r4 (00:00.204 / 00:44.657, 736Mb)
$validate http://snomed.info/sct#900000000000013009: "Synonym" for Include 2 codes from http://snomed.info/sct on https://tx.fhir.org/r4 (00:00.199 / 00:44.856, 737Mb)
$validate http://snomed.info/sct#900000000000013009: "Synonym" for Include 2 codes from http://snomed.info/sct on https://tx.fhir.org/r4 (00:00.202 / 00:45.058, 737Mb)
validate res: ValueSet/2.16.840.1.113883.3.1937.777.24.11.36--20230331232804                         (00:00.242 / 00:45.301, 740Mb)
validate res: ValueSet/88464c5b-5338-4c2b-9c07-b42fef2ada64                                          (00:00.010 / 00:45.312, 742Mb)
validate res: StructureDefinition/56375452-bfa1-4111-af7c-5b5ba9a1857c                               (00:00.011 / 00:45.323, 745Mb)
validate res: StructureDefinition/e0e166b4-0f77-478d-9062-de0034d98ce0                               (00:00.230 / 00:45.554, 816Mb)
validate res: StructureDefinition/f675b1e8-9f3f-44e8-bb59-9681f78eb464                               (00:00.707 / 00:46.262, 560Mb)
validate res: SearchParameter/mii-sp-consent-policyuri                                               (00:00.107 / 00:46.369, 624Mb)
validate res: SearchParameter/mii-sp-consent-provisioncode                                           (00:00.012 / 00:46.381, 627Mb)
validate res: SearchParameter/mii-sp-consent-provisioncodeperiod                                     (00:00.006 / 00:46.388, 629Mb)
validate res: SearchParameter/mii-sp-consent-provisioncodetype                                       (00:00.005 / 00:46.394, 631Mb)
validate res: SearchParameter/mii-sp-consent-provisionperiod                                         (00:00.007 / 00:46.402, 633Mb)
validate res: SearchParameter/mii-sp-consent-provisiontype                                           (00:00.005 / 00:46.407, 635Mb)
validate res: CapabilityStatement/mii-cap-consent-server                                             (00:00.004 / 00:46.412, 637Mb)
validate res: ImplementationGuide/mii-ig-consent                                                     (00:00.013 / 00:46.425, 642Mb)
validate res: SearchParameter/mii-sp-consent-policyuri                                               (00:09.641 / 00:56.067, 452Mb)
validate res: SearchParameter/mii-sp-consent-provisioncode                                           (00:00.001 / 00:56.068, 452Mb)
validate res: SearchParameter/mii-sp-consent-provisioncodeperiod                                     (00:00.000 / 00:56.069, 452Mb)
validate res: SearchParameter/mii-sp-consent-provisioncodetype                                       (00:00.000 / 00:56.069, 452Mb)
validate res: SearchParameter/mii-sp-consent-provisionperiod                                         (00:00.000 / 00:56.069, 452Mb)
validate res: SearchParameter/mii-sp-consent-provisiontype                                           (00:00.000 / 00:56.069, 452Mb)
Check profiles & code systems                                                                        (00:00.000 / 00:56.070, 453Mb)
process CodeSystem: 2.16.840.1.113883.3.1937.777.24.5.2--20210423105554                              (00:00.000 / 00:56.071, 453Mb)
process CodeSystem: 2.16.840.1.113883.3.1937.777.24.5.3--20251211153003                              (00:00.002 / 00:56.073, 453Mb)
process CodeSystem: mii-cs-consent-version-modules                                                   (00:00.000 / 00:56.073, 453Mb)
process profile: 56375452-bfa1-4111-af7c-5b5ba9a1857c                                                (00:00.000 / 00:56.074, 453Mb)
process profile: e0e166b4-0f77-478d-9062-de0034d98ce0                                                (00:00.002 / 00:56.076, 453Mb)
process profile: f675b1e8-9f3f-44e8-bb59-9681f78eb464                                                (00:00.002 / 00:56.079, 453Mb)
Check realm rules                                                                                    (00:00.000 / 00:56.079, 453Mb)
Previous Version Comparison                                                                          (00:00.000 / 00:56.079, 453Mb)
.. loaded. Process                                                                                   (00:00.000 / 00:56.079, 453Mb)
finish previous version comparison                                                                   (00:00.000 / 00:56.080, 453Mb)
finish ipa version                                                                                   (00:00.000 / 00:56.080, 453Mb)
finish ips version                                                                                   (00:00.000 / 00:56.080, 453Mb)
comparisons done                                                                                     (00:00.000 / 00:56.081, 453Mb)
Validate Expressions                                                                                 (00:00.026 / 00:56.107, 453Mb)
scanForUsageStats                                                                                    (00:00.000 / 00:56.107, 453Mb)
Checking for Bundles to sign                                                                         (00:00.008 / 00:56.115, 455Mb)
Validating Resources                                                                                 (00:00.000 / 00:56.116, 455Mb)
 .. validate /work/fsh-generated/resources/ImplementationGuide-mii-ig-consent                        (00:00.001 / 00:56.117, 455Mb)
 .. /work/fsh-generated/resources/ImplementationGuide-mii-ig-consent                                 (00:00.000 / 00:56.117, 455Mb)
 .. validate /work/fsh-generated/resources/CapabilityStatement-mii-cap-consent-server                (00:00.000 / 00:56.118, 455Mb)
 .. /work/fsh-generated/resources/CapabilityStatement-mii-cap-consent-server                         (00:00.000 / 00:56.118, 455Mb)
 .. validate /work/fsh-generated/resources/CodeSystem-2.16.840.1.113883.3.1937.777.24.5.2--20210423105554 (00:00.000 / 00:56.119, 455Mb)
 .. /work/fsh-generated/resources/CodeSystem-2.16.840.1.113883.3.1937.777.24.5.2--20210423105554     (00:00.000 / 00:56.119, 455Mb)
 .. validate /work/fsh-generated/resources/CodeSystem-2.16.840.1.113883.3.1937.777.24.5.3--20251211153003 (00:00.000 / 00:56.120, 455Mb)
 .. /work/fsh-generated/resources/CodeSystem-2.16.840.1.113883.3.1937.777.24.5.3--20251211153003     (00:00.000 / 00:56.120, 455Mb)
 .. validate /work/fsh-generated/resources/CodeSystem-mii-cs-consent-version-modules                 (00:00.000 / 00:56.120, 455Mb)
 .. /work/fsh-generated/resources/CodeSystem-mii-cs-consent-version-modules                          (00:00.000 / 00:56.121, 455Mb)
 .. validate /work/fsh-generated/resources/Consent-34150a23-b1c8-404f-874f-e042a30435d2              (00:00.000 / 00:56.121, 455Mb)
 .. /work/fsh-generated/resources/Consent-34150a23-b1c8-404f-874f-e042a30435d2                       (00:00.000 / 00:56.121, 455Mb)
     validating Consent/34150a23-b1c8-404f-874f-e042a30435d2                                         (00:00.000 / 00:56.122, 455Mb)
 .. validate /work/fsh-generated/resources/Consent-5143266b-8d60-4b28-8ee9-635140ffa5bb              (00:00.187 / 00:56.309, 594Mb)
 .. /work/fsh-generated/resources/Consent-5143266b-8d60-4b28-8ee9-635140ffa5bb                       (00:00.000 / 00:56.309, 594Mb)
     validating Consent/5143266b-8d60-4b28-8ee9-635140ffa5bb                                         (00:00.000 / 00:56.310, 594Mb)
 .. validate /work/fsh-generated/resources/Consent-89f494a3-cd75-44f5-a78a-581dfdd47a94              (00:00.043 / 00:56.354, 617Mb)
 .. /work/fsh-generated/resources/Consent-89f494a3-cd75-44f5-a78a-581dfdd47a94                       (00:00.000 / 00:56.354, 617Mb)
     validating Consent/89f494a3-cd75-44f5-a78a-581dfdd47a94                                         (00:00.000 / 00:56.354, 617Mb)
 .. validate /work/fsh-generated/resources/Consent-Example-MII-Consent-ResultType-document           (00:00.019 / 00:56.374, 627Mb)
 .. /work/fsh-generated/resources/Consent-Example-MII-Consent-ResultType-document                    (00:00.000 / 00:56.374, 627Mb)
     validating Consent/Example-MII-Consent-ResultType-document                                      (00:00.000 / 00:56.374, 627Mb)
 .. validate /work/fsh-generated/resources/DocumentReference-8a3d1799-2463-405e-b49c-6a16c8692b01    (00:00.020 / 00:56.394, 637Mb)
 .. /work/fsh-generated/resources/DocumentReference-8a3d1799-2463-405e-b49c-6a16c8692b01             (00:00.000 / 00:56.395, 637Mb)
     validating DocumentReference/8a3d1799-2463-405e-b49c-6a16c8692b01                               (00:00.000 / 00:56.395, 637Mb)
 .. validate /work/fsh-generated/resources/Provenance-55219d12-6245-4de4-8b50-ddf6f16a789b           (00:00.003 / 00:56.399, 638Mb)
 .. /work/fsh-generated/resources/Provenance-55219d12-6245-4de4-8b50-ddf6f16a789b                    (00:00.000 / 00:56.399, 638Mb)
     validating Provenance/55219d12-6245-4de4-8b50-ddf6f16a789b                                      (00:00.000 / 00:56.399, 638Mb)
 .. validate /work/fsh-generated/resources/SearchParameter-mii-sp-consent-policyuri                  (00:00.004 / 00:56.404, 640Mb)
 .. /work/fsh-generated/resources/SearchParameter-mii-sp-consent-policyuri                           (00:00.000 / 00:56.404, 640Mb)
 .. validate /work/fsh-generated/resources/SearchParameter-mii-sp-consent-provisioncode              (00:00.000 / 00:56.404, 640Mb)
 .. /work/fsh-generated/resources/SearchParameter-mii-sp-consent-provisioncode                       (00:00.000 / 00:56.405, 640Mb)
 .. validate /work/fsh-generated/resources/SearchParameter-mii-sp-consent-provisioncodeperiod        (00:00.000 / 00:56.405, 640Mb)
 .. /work/fsh-generated/resources/SearchParameter-mii-sp-consent-provisioncodeperiod                 (00:00.000 / 00:56.405, 640Mb)
 .. validate /work/fsh-generated/resources/SearchParameter-mii-sp-consent-provisioncodetype          (00:00.000 / 00:56.405, 640Mb)
 .. /work/fsh-generated/resources/SearchParameter-mii-sp-consent-provisioncodetype                   (00:00.000 / 00:56.406, 640Mb)
 .. validate /work/fsh-generated/resources/SearchParameter-mii-sp-consent-provisionperiod            (00:00.000 / 00:56.406, 640Mb)
 .. /work/fsh-generated/resources/SearchParameter-mii-sp-consent-provisionperiod                     (00:00.000 / 00:56.406, 640Mb)
 .. validate /work/fsh-generated/resources/SearchParameter-mii-sp-consent-provisiontype              (00:00.000 / 00:56.406, 640Mb)
 .. /work/fsh-generated/resources/SearchParameter-mii-sp-consent-provisiontype                       (00:00.000 / 00:56.407, 640Mb)
 .. validate /work/fsh-generated/resources/StructureDefinition-56375452-bfa1-4111-af7c-5b5ba9a1857c  (00:00.000 / 00:56.407, 640Mb)
 .. /work/fsh-generated/resources/StructureDefinition-56375452-bfa1-4111-af7c-5b5ba9a1857c           (00:00.000 / 00:56.407, 640Mb)
 .. validate /work/fsh-generated/resources/StructureDefinition-e0e166b4-0f77-478d-9062-de0034d98ce0  (00:00.000 / 00:56.407, 640Mb)
 .. /work/fsh-generated/resources/StructureDefinition-e0e166b4-0f77-478d-9062-de0034d98ce0           (00:00.000 / 00:56.408, 640Mb)
 .. validate /work/fsh-generated/resources/StructureDefinition-f675b1e8-9f3f-44e8-bb59-9681f78eb464  (00:00.000 / 00:56.408, 640Mb)
 .. /work/fsh-generated/resources/StructureDefinition-f675b1e8-9f3f-44e8-bb59-9681f78eb464           (00:00.000 / 00:56.408, 640Mb)
 .. validate /work/fsh-generated/resources/ValueSet-2.16.840.1.113883.3.1937.777.24.11.30--20210323234509 (00:00.000 / 00:56.408, 640Mb)
 .. /work/fsh-generated/resources/ValueSet-2.16.840.1.113883.3.1937.777.24.11.30--20210323234509     (00:00.000 / 00:56.409, 640Mb)
 .. validate /work/fsh-generated/resources/ValueSet-2.16.840.1.113883.3.1937.777.24.11.36--20230331232804 (00:00.000 / 00:56.409, 640Mb)
 .. /work/fsh-generated/resources/ValueSet-2.16.840.1.113883.3.1937.777.24.11.36--20230331232804     (00:00.000 / 00:56.409, 640Mb)
 .. validate /work/fsh-generated/resources/ValueSet-88464c5b-5338-4c2b-9c07-b42fef2ada64             (00:00.000 / 00:56.409, 640Mb)
 .. /work/fsh-generated/resources/ValueSet-88464c5b-5338-4c2b-9c07-b42fef2ada64                      (00:00.000 / 00:56.409, 640Mb)
 .. validate /work/input/resources/Parameters-expansion-manifest                                     (00:00.000 / 00:56.410, 640Mb)
 .. /work/input/resources/Parameters-expansion-manifest                                              (00:00.000 / 00:56.410, 640Mb)
     validating Parameters/mii-param-consent-manifest                                                (00:00.000 / 00:56.410, 640Mb)
 .. validate /work/input/includes                                                                    (00:00.015 / 00:56.426, 648Mb)
 .. /work/input/includes                                                                             (00:00.000 / 00:56.426, 648Mb)
 .. validate /work/input/includes/menu                                                               (00:00.000 / 00:56.427, 648Mb)
 .. /work/input/includes/menu                                                                        (00:00.000 / 00:56.427, 648Mb)
 .. validate /work/fsh-generated/includes                                                            (00:00.000 / 00:56.427, 648Mb)
 .. /work/fsh-generated/includes                                                                     (00:00.000 / 00:56.428, 648Mb)
 .. validate /work/fsh-generated/includes/fsh-link-references                                        (00:00.000 / 00:56.428, 648Mb)
 .. /work/fsh-generated/includes/fsh-link-references                                                 (00:00.000 / 00:56.428, 648Mb)
 .. validate /work/input/intro-notes                                                                 (00:00.000 / 00:56.429, 648Mb)
 .. /work/input/intro-notes                                                                          (00:00.000 / 00:56.429, 648Mb)
 .. validate /work/input/intro-notes/StructureDefinition-e0e166b4-0f77-478d-9062-de0034d98ce0-intro  (00:00.000 / 00:56.429, 648Mb)
 .. /work/input/intro-notes/StructureDefinition-e0e166b4-0f77-478d-9062-de0034d98ce0-intro           (00:00.000 / 00:56.430, 648Mb)
 .. validate /work/input/intro-notes/StructureDefinition-f675b1e8-9f3f-44e8-bb59-9681f78eb464-intro  (00:00.000 / 00:56.430, 648Mb)
 .. /work/input/intro-notes/StructureDefinition-f675b1e8-9f3f-44e8-bb59-9681f78eb464-intro           (00:00.000 / 00:56.430, 648Mb)
 .. validate /work/input/intro-notes/StructureDefinition-56375452-bfa1-4111-af7c-5b5ba9a1857c-intro  (00:00.000 / 00:56.430, 648Mb)
 .. /work/input/intro-notes/StructureDefinition-56375452-bfa1-4111-af7c-5b5ba9a1857c-intro           (00:00.000 / 00:56.430, 648Mb)
 .. validate /work/input/pagecontent                                                                 (00:00.000 / 00:56.430, 648Mb)
 .. /work/input/pagecontent                                                                          (00:00.000 / 00:56.431, 648Mb)
 .. validate /work/input/pagecontent/logical-models                                                  (00:00.000 / 00:56.431, 648Mb)
 .. /work/input/pagecontent/logical-models                                                           (00:00.000 / 00:56.431, 648Mb)
 .. validate /work/input/pagecontent/examples                                                        (00:00.000 / 00:56.431, 648Mb)
 .. /work/input/pagecontent/examples                                                                 (00:00.000 / 00:56.432, 648Mb)
 .. validate /work/input/pagecontent/value-sets                                                      (00:00.000 / 00:56.432, 648Mb)
 .. /work/input/pagecontent/value-sets                                                               (00:00.000 / 00:56.432, 648Mb)
 .. validate /work/input/pagecontent/uml-diagrams                                                    (00:00.000 / 00:56.433, 648Mb)
 .. /work/input/pagecontent/uml-diagrams                                                             (00:00.000 / 00:56.433, 648Mb)
 .. validate /work/input/pagecontent/frageboegen                                                     (00:00.000 / 00:56.433, 648Mb)
 .. /work/input/pagecontent/frageboegen                                                              (00:00.000 / 00:56.433, 648Mb)
 .. validate /work/input/pagecontent/profiles                                                        (00:00.000 / 00:56.434, 648Mb)
 .. /work/input/pagecontent/profiles                                                                 (00:00.000 / 00:56.434, 648Mb)
 .. validate /work/input/pagecontent/guidance                                                        (00:00.000 / 00:56.434, 648Mb)
 .. /work/input/pagecontent/guidance                                                                 (00:00.000 / 00:56.434, 648Mb)
 .. validate /work/input/pagecontent/implementer-guidance                                            (00:00.000 / 00:56.434, 648Mb)
 .. /work/input/pagecontent/implementer-guidance                                                     (00:00.000 / 00:56.435, 648Mb)
 .. validate /work/input/pagecontent/security-and-privacy                                            (00:00.000 / 00:56.435, 648Mb)
 .. /work/input/pagecontent/security-and-privacy                                                     (00:00.000 / 00:56.435, 648Mb)
 .. validate /work/input/pagecontent/search-parameters                                               (00:00.000 / 00:56.435, 648Mb)
 .. /work/input/pagecontent/search-parameters                                                        (00:00.000 / 00:56.436, 648Mb)
 .. validate /work/input/pagecontent/capability-statements                                           (00:00.000 / 00:56.436, 648Mb)
 .. /work/input/pagecontent/capability-statements                                                    (00:00.000 / 00:56.436, 648Mb)
 .. validate /work/input/pagecontent/ImplementationGuide-mii-ig-consent                              (00:00.000 / 00:56.436, 648Mb)
 .. /work/input/pagecontent/ImplementationGuide-mii-ig-consent                                       (00:00.000 / 00:56.437, 648Mb)
 .. validate /work/input/pagecontent/index                                                           (00:00.000 / 00:56.437, 648Mb)
 .. /work/input/pagecontent/index                                                                    (00:00.000 / 00:56.437, 648Mb)
 .. validate /work/input/pagecontent/version-history                                                 (00:00.000 / 00:56.437, 648Mb)
 .. /work/input/pagecontent/version-history                                                          (00:00.000 / 00:56.437, 648Mb)
 .. validate /work/input/pagecontent/translationinfo                                                 (00:00.000 / 00:56.438, 648Mb)
 .. /work/input/pagecontent/translationinfo                                                          (00:00.000 / 00:56.438, 648Mb)
 .. validate /work/input/pagecontent/changes                                                         (00:00.000 / 00:56.438, 648Mb)
 .. /work/input/pagecontent/changes                                                                  (00:00.000 / 00:56.439, 648Mb)
 .. validate /work/input/pagecontent/downloads                                                       (00:00.000 / 00:56.439, 648Mb)
 .. /work/input/pagecontent/downloads                                                                (00:00.000 / 00:56.439, 648Mb)
 .. validate /work/input/pagecontent/code-systems                                                    (00:00.000 / 00:56.439, 648Mb)
 .. /work/input/pagecontent/code-systems                                                             (00:00.000 / 00:56.439, 648Mb)
 .. validate /work/input/intro-notes                                                                 (00:00.000 / 00:56.440, 648Mb)
 .. /work/input/intro-notes                                                                          (00:00.000 / 00:56.440, 648Mb)
 .. validate /work/input/intro-notes/StructureDefinition-e0e166b4-0f77-478d-9062-de0034d98ce0-intro  (00:00.000 / 00:56.440, 648Mb)
 .. /work/input/intro-notes/StructureDefinition-e0e166b4-0f77-478d-9062-de0034d98ce0-intro           (00:00.000 / 00:56.440, 648Mb)
 .. validate /work/input/intro-notes/StructureDefinition-f675b1e8-9f3f-44e8-bb59-9681f78eb464-intro  (00:00.000 / 00:56.441, 648Mb)
 .. /work/input/intro-notes/StructureDefinition-f675b1e8-9f3f-44e8-bb59-9681f78eb464-intro           (00:00.000 / 00:56.441, 648Mb)
 .. validate /work/input/intro-notes/StructureDefinition-56375452-bfa1-4111-af7c-5b5ba9a1857c-intro  (00:00.000 / 00:56.441, 648Mb)
 .. /work/input/intro-notes/StructureDefinition-56375452-bfa1-4111-af7c-5b5ba9a1857c-intro           (00:00.000 / 00:56.441, 648Mb)
 .. validate /work/template/config                                                                   (00:00.000 / 00:56.441, 648Mb)
 .. /work/template/config                                                                            (00:00.000 / 00:56.442, 648Mb)
 .. validate /work/template/config/_config                                                           (00:00.000 / 00:56.442, 648Mb)
 .. /work/template/config/_config                                                                    (00:00.000 / 00:56.442, 648Mb)
 .. validate /work/input/images                                                                      (00:00.000 / 00:56.442, 648Mb)
 .. /work/input/images                                                                               (00:00.000 / 00:56.443, 648Mb)
 .. validate /work/input/images/MII-KDS_de_Consent                                                   (00:00.000 / 00:56.443, 648Mb)
 .. /work/input/images/MII-KDS_de_Consent                                                            (00:00.000 / 00:56.443, 648Mb)
 .. validate /work/input/images/information-model_UML-Diagramm_MII-spez                              (00:00.000 / 00:56.443, 648Mb)
 .. /work/input/images/information-model_UML-Diagramm_MII-spez                                       (00:00.000 / 00:56.444, 648Mb)
 .. check Profile Examples                                                                           (00:00.000 / 00:56.444, 648Mb)
gen narratives                                                                                       (00:00.000 / 00:56.444, 648Mb)
Processing Provenance Records                                                                        (00:00.000 / 00:56.444, 648Mb)
Generating Translation artifacts                                                                     (00:00.000 / 00:56.445, 648Mb)
Generating Outputs in /work/output                                                                   (00:00.154 / 00:56.600, 677Mb)
Warning @ Unable to read the git branch: detected dubious ownership in repository at '/work'To add an exception for this directory, call:	git config --global --add safe.directory /work
Warning @ Unable to read the git source: detected dubious ownership in repository at '/work'To add an exception for this directory, call:	git config --global --add safe.directory /work
Generate Native Outputs                                                                              (00:01.020 / 00:57.620, 714Mb)
Produce resources for ImplementationGuide/mii-ig-consent                                             (00:00.000 / 00:57.621, 714Mb)
Produce resources for CapabilityStatement/mii-cap-consent-server                                     (00:01.267 / 00:58.888, 752Mb)
Produce resources for CodeSystem/2.16.840.1.113883.3.1937.777.24.5.2--20210423105554                 (00:00.556 / 00:59.444, 757Mb)
Produce resources for CodeSystem/2.16.840.1.113883.3.1937.777.24.5.3--20251211153003                 (00:00.162 / 00:59.606, 759Mb)
Produce resources for CodeSystem/mii-cs-consent-version-modules                                      (00:02.361 / 01:01.968, 787Mb)
Produce resources for Consent/34150a23-b1c8-404f-874f-e042a30435d2                                   (00:00.823 / 01:02.791, 797Mb)
Produce resources for Consent/5143266b-8d60-4b28-8ee9-635140ffa5bb                                   (00:01.049 / 01:03.842, 806Mb)
Produce resources for Consent/89f494a3-cd75-44f5-a78a-581dfdd47a94                                   (00:02.555 / 01:06.397, 828Mb)
Produce resources for Consent/Example-MII-Consent-ResultType-document                                (00:00.776 / 01:07.173, 835Mb)
Produce resources for DocumentReference/8a3d1799-2463-405e-b49c-6a16c8692b01                         (00:00.686 / 01:07.859, 841Mb)
Produce resources for Provenance/55219d12-6245-4de4-8b50-ddf6f16a789b                                (00:00.081 / 01:07.940, 842Mb)
Produce resources for SearchParameter/mii-sp-consent-policyuri                                       (00:00.091 / 01:08.032, 843Mb)
Produce resources for SearchParameter/mii-sp-consent-provisioncode                                   (00:00.084 / 01:08.116, 844Mb)
Produce resources for SearchParameter/mii-sp-consent-provisioncodeperiod                             (00:00.073 / 01:08.189, 846Mb)
Produce resources for SearchParameter/mii-sp-consent-provisioncodetype                               (00:00.103 / 01:08.292, 847Mb)
Produce resources for SearchParameter/mii-sp-consent-provisionperiod                                 (00:00.103 / 01:08.396, 848Mb)
Produce resources for SearchParameter/mii-sp-consent-provisiontype                                   (00:00.083 / 01:08.479, 849Mb)
Produce resources for StructureDefinition/56375452-bfa1-4111-af7c-5b5ba9a1857c                       (00:00.079 / 01:08.559, 850Mb)
Produce resources for StructureDefinition/e0e166b4-0f77-478d-9062-de0034d98ce0                       (00:02.754 / 01:11.314, 889Mb)
Produce resources for StructureDefinition/f675b1e8-9f3f-44e8-bb59-9681f78eb464                       (00:11.651 / 01:22.965, 466Mb)
Produce resources for ValueSet/2.16.840.1.113883.3.1937.777.24.11.30--20210323234509                 (00:02.940 / 01:25.905, 505Mb)
Produce resources for ValueSet/2.16.840.1.113883.3.1937.777.24.11.36--20230331232804                 (00:00.187 / 01:26.093, 508Mb)
Produce resources for ValueSet/88464c5b-5338-4c2b-9c07-b42fef2ada64                                  (00:00.141 / 01:26.235, 510Mb)
Produce resources for Parameters/mii-param-consent-manifest                                          (00:00.147 / 01:26.382, 511Mb)
Run Template                                                                                         (00:01.572 / 01:27.955, 710Mb)
Template Done                                                                                        (00:02.620 / 01:30.575, 760Mb)
Generate HTML Outputs                                                                                (00:00.236 / 01:30.812, 430Mb)
Produce outputs for ImplementationGuide/mii-ig-consent                                               (00:00.006 / 01:30.818, 430Mb)
Produce outputs for ImplementationGuide/mii-ig-consent                                               (00:00.173 / 01:30.992, 453Mb)
Produce outputs for ImplementationGuide/mii-ig-consent                                               (00:00.186 / 01:31.178, 475Mb)
Produce outputs for CapabilityStatement/mii-cap-consent-server                                       (00:00.095 / 01:31.273, 497Mb)
Produce outputs for CapabilityStatement/mii-cap-consent-server                                       (00:00.059 / 01:31.332, 502Mb)
Produce outputs for CapabilityStatement/mii-cap-consent-server                                       (00:00.022 / 01:31.355, 505Mb)
Produce outputs for CodeSystem/2.16.840.1.113883.3.1937.777.24.5.2--20210423105554                   (00:00.024 / 01:31.380, 509Mb)
Produce outputs for CodeSystem/2.16.840.1.113883.3.1937.777.24.5.2--20210423105554                   (00:00.070 / 01:31.451, 514Mb)
Produce outputs for CodeSystem/2.16.840.1.113883.3.1937.777.24.5.2--20210423105554                   (00:00.034 / 01:31.485, 519Mb)
Produce outputs for CodeSystem/2.16.840.1.113883.3.1937.777.24.5.3--20251211153003                   (00:00.062 / 01:31.548, 523Mb)
Produce outputs for CodeSystem/2.16.840.1.113883.3.1937.777.24.5.3--20251211153003                   (00:00.119 / 01:31.667, 553Mb)
Produce outputs for CodeSystem/2.16.840.1.113883.3.1937.777.24.5.3--20251211153003                   (00:00.074 / 01:31.742, 581Mb)
Produce outputs for CodeSystem/mii-cs-consent-version-modules                                        (00:00.059 / 01:31.801, 610Mb)
Produce outputs for CodeSystem/mii-cs-consent-version-modules                                        (00:00.049 / 01:31.850, 622Mb)
Produce outputs for CodeSystem/mii-cs-consent-version-modules                                        (00:00.054 / 01:31.905, 635Mb)
Produce outputs for Consent/34150a23-b1c8-404f-874f-e042a30435d2                                     (00:00.048 / 01:31.954, 647Mb)
Produce outputs for Consent/34150a23-b1c8-404f-874f-e042a30435d2                                     (00:00.036 / 01:31.991, 655Mb)
Produce outputs for Consent/34150a23-b1c8-404f-874f-e042a30435d2                                     (00:00.022 / 01:32.013, 659Mb)
Produce outputs for Consent/5143266b-8d60-4b28-8ee9-635140ffa5bb                                     (00:00.022 / 01:32.036, 663Mb)
Produce outputs for Consent/5143266b-8d60-4b28-8ee9-635140ffa5bb                                     (00:00.033 / 01:32.069, 689Mb)
Produce outputs for Consent/5143266b-8d60-4b28-8ee9-635140ffa5bb                                     (00:00.038 / 01:32.107, 701Mb)
Produce outputs for Consent/89f494a3-cd75-44f5-a78a-581dfdd47a94                                     (00:00.133 / 01:32.241, 712Mb)
Produce outputs for Consent/89f494a3-cd75-44f5-a78a-581dfdd47a94                                     (00:00.014 / 01:32.256, 719Mb)
Produce outputs for Consent/89f494a3-cd75-44f5-a78a-581dfdd47a94                                     (00:00.014 / 01:32.270, 722Mb)
Produce outputs for Consent/Example-MII-Consent-ResultType-document                                  (00:00.011 / 01:32.281, 725Mb)
Produce outputs for Consent/Example-MII-Consent-ResultType-document                                  (00:00.010 / 01:32.292, 731Mb)
Produce outputs for Consent/Example-MII-Consent-ResultType-document                                  (00:00.013 / 01:32.305, 735Mb)
Produce outputs for DocumentReference/8a3d1799-2463-405e-b49c-6a16c8692b01                           (00:00.010 / 01:32.316, 738Mb)
Produce outputs for DocumentReference/8a3d1799-2463-405e-b49c-6a16c8692b01                           (00:00.012 / 01:32.329, 739Mb)
Produce outputs for DocumentReference/8a3d1799-2463-405e-b49c-6a16c8692b01                           (00:00.010 / 01:32.339, 740Mb)
Produce outputs for Provenance/55219d12-6245-4de4-8b50-ddf6f16a789b                                  (00:00.008 / 01:32.348, 740Mb)
Produce outputs for Provenance/55219d12-6245-4de4-8b50-ddf6f16a789b                                  (00:00.015 / 01:32.363, 742Mb)
Produce outputs for Provenance/55219d12-6245-4de4-8b50-ddf6f16a789b                                  (00:00.010 / 01:32.374, 743Mb)
Produce outputs for SearchParameter/mii-sp-consent-policyuri                                         (00:00.012 / 01:32.386, 744Mb)
Produce outputs for SearchParameter/mii-sp-consent-policyuri                                         (00:00.012 / 01:32.399, 745Mb)
Produce outputs for SearchParameter/mii-sp-consent-policyuri                                         (00:00.010 / 01:32.410, 746Mb)
Produce outputs for SearchParameter/mii-sp-consent-provisioncode                                     (00:00.010 / 01:32.420, 747Mb)
Produce outputs for SearchParameter/mii-sp-consent-provisioncode                                     (00:00.014 / 01:32.434, 747Mb)
Produce outputs for SearchParameter/mii-sp-consent-provisioncode                                     (00:00.011 / 01:32.446, 748Mb)
Produce outputs for SearchParameter/mii-sp-consent-provisioncodeperiod                               (00:00.011 / 01:32.457, 749Mb)
Produce outputs for SearchParameter/mii-sp-consent-provisioncodeperiod                               (00:00.013 / 01:32.470, 750Mb)
Produce outputs for SearchParameter/mii-sp-consent-provisioncodeperiod                               (00:00.011 / 01:32.482, 751Mb)
Produce outputs for SearchParameter/mii-sp-consent-provisioncodetype                                 (00:00.012 / 01:32.495, 752Mb)
Produce outputs for SearchParameter/mii-sp-consent-provisioncodetype                                 (00:00.011 / 01:32.506, 753Mb)
Produce outputs for SearchParameter/mii-sp-consent-provisioncodetype                                 (00:00.010 / 01:32.517, 754Mb)
Produce outputs for SearchParameter/mii-sp-consent-provisionperiod                                   (00:00.012 / 01:32.530, 754Mb)
Produce outputs for SearchParameter/mii-sp-consent-provisionperiod                                   (00:00.013 / 01:32.543, 755Mb)
Produce outputs for SearchParameter/mii-sp-consent-provisionperiod                                   (00:00.011 / 01:32.555, 756Mb)
Produce outputs for SearchParameter/mii-sp-consent-provisiontype                                     (00:00.013 / 01:32.568, 757Mb)
Produce outputs for SearchParameter/mii-sp-consent-provisiontype                                     (00:00.011 / 01:32.579, 758Mb)
Produce outputs for SearchParameter/mii-sp-consent-provisiontype                                     (00:00.010 / 01:32.590, 758Mb)
Produce outputs for StructureDefinition/56375452-bfa1-4111-af7c-5b5ba9a1857c                         (00:00.011 / 01:32.601, 759Mb)
Produce outputs for StructureDefinition/56375452-bfa1-4111-af7c-5b5ba9a1857c                         (00:01.091 / 01:33.693, 466Mb)
Produce outputs for StructureDefinition/56375452-bfa1-4111-af7c-5b5ba9a1857c                         (00:00.313 / 01:34.007, 586Mb)
Produce outputs for StructureDefinition/e0e166b4-0f77-478d-9062-de0034d98ce0                         (00:00.279 / 01:34.287, 706Mb)
Produce outputs for StructureDefinition/e0e166b4-0f77-478d-9062-de0034d98ce0                         (00:01.141 / 01:35.428, 629Mb)
Produce outputs for StructureDefinition/e0e166b4-0f77-478d-9062-de0034d98ce0                         (00:00.864 / 01:36.293, 505Mb)
Produce outputs for StructureDefinition/f675b1e8-9f3f-44e8-bb59-9681f78eb464                         (00:00.593 / 01:36.887, 1Gb)
Produce outputs for StructureDefinition/f675b1e8-9f3f-44e8-bb59-9681f78eb464                         (00:00.273 / 01:37.161, 487Mb)
Produce outputs for StructureDefinition/f675b1e8-9f3f-44e8-bb59-9681f78eb464                         (00:00.363 / 01:37.525, 550Mb)
Produce outputs for ValueSet/2.16.840.1.113883.3.1937.777.24.11.30--20210323234509                   (00:00.331 / 01:37.856, 682Mb)
Produce outputs for ValueSet/2.16.840.1.113883.3.1937.777.24.11.30--20210323234509                   (00:00.119 / 01:37.976, 691Mb)
Produce outputs for ValueSet/2.16.840.1.113883.3.1937.777.24.11.30--20210323234509                   (00:00.097 / 01:38.074, 696Mb)
Produce outputs for ValueSet/2.16.840.1.113883.3.1937.777.24.11.36--20230331232804                   (00:00.147 / 01:38.221, 702Mb)
Produce outputs for ValueSet/2.16.840.1.113883.3.1937.777.24.11.36--20230331232804                   (00:00.161 / 01:38.383, 722Mb)
Produce outputs for ValueSet/2.16.840.1.113883.3.1937.777.24.11.36--20230331232804                   (00:00.087 / 01:38.471, 741Mb)
Produce outputs for ValueSet/88464c5b-5338-4c2b-9c07-b42fef2ada64                                    (00:00.078 / 01:38.549, 763Mb)
Produce outputs for ValueSet/88464c5b-5338-4c2b-9c07-b42fef2ada64                                    (00:00.064 / 01:38.614, 767Mb)
Produce outputs for ValueSet/88464c5b-5338-4c2b-9c07-b42fef2ada64                                    (00:00.059 / 01:38.673, 773Mb)
Produce outputs for Parameters/mii-param-consent-manifest                                            (00:00.051 / 01:38.724, 777Mb)
Produce outputs for Parameters/mii-param-consent-manifest                                            (00:00.024 / 01:38.749, 780Mb)
Produce outputs for Parameters/mii-param-consent-manifest                                            (00:00.010 / 01:38.760, 782Mb)
Generate Spreadsheets                                                                                (00:00.072 / 01:38.833, 790Mb)
Generate Summaries                                                                                   (00:01.563 / 01:40.396, 663Mb)
Generating Summary Outputs (de)                                                                      (00:00.001 / 01:40.398, 663Mb)
Generating Summary Outputs (en)                                                                      (00:10.422 / 01:50.820, 1Gb)
DB Cumulative Time invested: 00:00:00.184
Sending Usage Stats to Server                                                                        (00:09.118 / 01:59.938, 726Mb)
## Memory (MB): Use = 727, Free = 616, Total = 1344, Max = 4096                                      (00:00.034 / 01:59.972, 727Mb)
Reclaiming memory...                                                                                 (00:00.000 / 01:59.972, 727Mb)
Generating combined package                                                                          (00:00.010 / 01:59.983, 727Mb)
Error generating combined package: /work/output/package.tgz (No such file or directory)              (00:00.026 / 02:00.010, 727Mb)
## Memory (MB): Use = 420, Free = 923, Total = 1344, Max = 4096                                      (00:00.284 / 02:00.295, 421Mb)
Run jekyll: jekyll build --destination "/work/output" (in folder /work/temp/pages)                   (00:00.008 / 02:00.303, 422Mb)
Troubleshooting Note: usual cases for Jekyll to fail are:                                            (00:00.003 / 02:00.306, 422Mb)
* A failure to produce a fragment that is already logged in the output above                         (00:00.000 / 02:00.307, 422Mb)
* A reference to a manually edited file that hasn't been provided                                    (00:00.000 / 02:00.307, 422Mb)
Jekyll: Source: /work/temp/pages                                                                     (00:00.310 / 02:00.618, 427Mb)
Jekyll: Generating...                                                                                (00:00.001 / 02:00.619, 427Mb)
Jekyll: done in 4.91 seconds.                                                                        (00:04.978 / 02:05.601, 428Mb)
[39m
[0;39m[39mInstalling de.medizininformatikinitiative.kerndatensatz.consent#dev
[0;39m[39m done.
[0;39m[39m loaded @ /home/publisher/.fhir/packages/de.medizininformatikinitiative.kerndatensatz.consent#dev
[0;39mChecking Output HTML                                                                                 (00:01.829 / 02:07.428, 786Mb)
AI format for /work/output/de - % reduction = 98
AI format for /work/output/en - % reduction = 98
CheckHTML: List files                                                                                (00:01.532 / 02:08.960, 1Gb)
found 2464 files                                                                                     (00:00.078 / 02:09.038, 1Gb)
Loading Files                                                                                        (00:00.000 / 02:09.038, 1Gb)
Load /work/output/tbl_bck01111.png                                                                   (00:00.000 / 02:09.039, 1Gb)
Load /work/output/StructureDefinition-f675b1e8-9f3f-44e8-bb59-9681f78eb464.xlsx                      (00:00.005 / 02:09.045, 1Gb)
Load /work/output/Consent-5143266b-8d60-4b28-8ee9-635140ffa5bb.json                                  (00:00.001 / 02:09.046, 1Gb)
Load /work/output/icon_page_n_i.gif                                                                  (00:00.000 / 02:09.047, 1Gb)
Load /work/output/tbl_bck0111.png                                                                    (00:00.000 / 02:09.048, 1Gb)
Load /work/output/SearchParameter-mii-sp-consent-provisiontype.json.html                             (00:00.000 / 02:09.048, 1Gb)
Load /work/output/tbl_bck11100.png                                                                   (00:00.003 / 02:09.051, 1Gb)
Load /work/output/tbl_bck03510.png                                                                   (00:00.000 / 02:09.052, 1Gb)
Load /work/output/ValueSet-2.16.840.1.113883.3.1937.777.24.11.36--20230331232804.xml.html            (00:00.000 / 02:09.052, 1Gb)
Load /work/output/tbl_bck1025.png                                                                    (00:00.001 / 02:09.054, 1Gb)
Load /work/output/icon-administration.png                                                            (00:00.000 / 02:09.054, 1Gb)
Load /work/output/tbl_bck150.png                                                                     (00:00.000 / 02:09.054, 1Gb)
Load /work/output/tbl_bck144.png                                                                     (00:00.000 / 02:09.055, 1Gb)
Load /work/output/llms.txt                                                                           (00:00.000 / 02:09.055, 1Gb)
Load /work/output/translationinfo.html                                                               (00:00.000 / 02:09.056, 1Gb)
Load /work/output/tbl_bck0000111101.png                                                              (00:00.001 / 02:09.058, 1Gb)
Load /work/output/searchform.html                                                                    (00:00.000 / 02:09.059, 1Gb)
Load /work/output/SearchParameter-mii-sp-consent-provisioncodeperiod.change.history.html             (00:00.002 / 02:09.061, 1Gb)
Load /work/output/tbl_bck1001010.png                                                                 (00:00.000 / 02:09.062, 1Gb)
Load /work/output/tbl_bck0515.png                                                                    (00:00.001 / 02:09.063, 1Gb)
Load /work/output/icon-fhir-16-grey.png                                                              (00:00.000 / 02:09.063, 1Gb)
Load /work/output/CodeSystem-2.16.840.1.113883.3.1937.777.24.5.3--20251211153003.xlsx                (00:00.000 / 02:09.064, 1Gb)
Load /work/output/tbl_bck1011001.png                                                                 (00:00.000 / 02:09.064, 1Gb)
Load /work/output/tbl_bck1111000.png                                                                 (00:00.000 / 02:09.064, 1Gb)
Load /work/output/CodeSystem-2.16.840.1.113883.3.1937.777.24.5.3--20251211153003.html                (00:00.000 / 02:09.065, 1Gb)
Load /work/output/tbl_bck1011000.png                                                                 (00:00.001 / 02:09.066, 1Gb)
Load /work/output/tbl_bck1352.png                                                                    (00:00.000 / 02:09.066, 1Gb)
Load /work/output/StructureDefinition-e0e166b4-0f77-478d-9062-de0034d98ce0-testing.html              (00:00.000 / 02:09.066, 1Gb)
Load /work/output/ValueSet-2.16.840.1.113883.3.1937.777.24.11.30--20210323234509-testing.html        (00:00.000 / 02:09.067, 1Gb)
Load /work/output/icon-qi-help.png                                                                   (00:00.000 / 02:09.068, 1Gb)
Load /work/output/icon_profile.png                                                                   (00:00.000 / 02:09.068, 1Gb)
Load /work/output/tbl_bck025.png                                                                     (00:00.000 / 02:09.068, 1Gb)
Load /work/output/tbl_bck0500.png                                                                    (00:00.000 / 02:09.069, 1Gb)
Load /work/output/tbl_bck1150.png                                                                    (00:00.000 / 02:09.069, 1Gb)
Load /work/output/StructureDefinition-e0e166b4-0f77-478d-9062-de0034d98ce0-mappings.html             (00:00.000 / 02:09.069, 1Gb)
Load /work/output/tbl_bck0000111100.png                                                              (00:00.000 / 02:09.070, 1Gb)
Load /work/output/SearchParameter-mii-sp-consent-provisioncode.json                                  (00:00.000 / 02:09.070, 1Gb)
Load /work/output/tbl_bck151.png                                                                     (00:00.000 / 02:09.070, 1Gb)
Load /work/output/icon_page_n.gif                                                                    (00:00.000 / 02:09.071, 1Gb)
Load /work/output/icon-fhir-16.png                                                                   (00:00.000 / 02:09.071, 1Gb)
Load /work/output/tbl_bck1024.png                                                                    (00:00.000 / 02:09.071, 1Gb)
Load /work/output/tbl_bck125241.png                                                                  (00:00.000 / 02:09.072, 1Gb)
Load /work/output/external.png                                                                       (00:00.000 / 02:09.072, 1Gb)
Load /work/output/definitions.json.zip                                                               (00:00.000 / 02:09.072, 1Gb)
Load /work/output/tbl_bck11101.png                                                                   (00:00.000 / 02:09.073, 1Gb)
Load /work/output/SearchParameter-mii-sp-consent-provisionperiod.xml                                 (00:00.000 / 02:09.073, 1Gb)
Load /work/output/tbl_bck0110.png                                                                    (00:00.001 / 02:09.074, 1Gb)
Load /work/output/de.medizininformatikinitiative.kerndatensatz.consent.en.manifest.json              (00:00.000 / 02:09.075, 1Gb)
Load /work/output/tbl_bck1540.png                                                                    (00:00.000 / 02:09.075, 1Gb)
Load /work/output/artifacts.html                                                                     (00:00.000 / 02:09.076, 1Gb)
Load /work/output/tbl_bck13500.png                                                                   (00:00.001 / 02:09.078, 1Gb)
Load /work/output/StructureDefinition-f675b1e8-9f3f-44e8-bb59-9681f78eb464.html                      (00:00.000 / 02:09.078, 1Gb)
Load /work/output/tbl_bck01110.png                                                                   (00:00.000 / 02:09.079, 1Gb)
Load /work/output/tbl_bck0350250.png                                                                 (00:00.000 / 02:09.080, 1Gb)
Load /work/output/tbl_bck0250250.png                                                                 (00:00.000 / 02:09.080, 1Gb)
Load /work/output/CodeSystem-2.16.840.1.113883.3.1937.777.24.5.2--20210423105554.json.html           (00:00.000 / 02:09.080, 1Gb)
Load /work/output/icon_reference.png                                                                 (00:00.003 / 02:09.084, 1Gb)
Load /work/output/tbl_bck0112.png                                                                    (00:00.000 / 02:09.084, 1Gb)
Load /work/output/tbl_bck03513.png                                                                   (00:00.000 / 02:09.084, 1Gb)
Load /work/output/CodeSystem-mii-cs-consent-version-modules.xlsx                                     (00:00.000 / 02:09.085, 1Gb)
Load /work/output/tbl_bck100000.png                                                                  (00:00.000 / 02:09.085, 1Gb)
Load /work/output/tbl_bck000000.png                                                                  (00:00.000 / 02:09.085, 1Gb)
.Load /work/output/ImplementationGuide-mii-ig-consent.json                                            (00:00.000 / 02:09.086, 1Gb)
Load /work/output/tbl_bck000011110000.png                                                            (00:00.000 / 02:09.086, 1Gb)
Load /work/output/tbl_vjoin-closed.png                                                               (00:00.000 / 02:09.086, 1Gb)
Load /work/output/CodeSystem-mii-cs-consent-version-modules-testing.html                             (00:00.000 / 02:09.086, 1Gb)
Load /work/output/tbl_bck1152.png                                                                    (00:00.000 / 02:09.087, 1Gb)
Load /work/output/tbl_bck0111101.png                                                                 (00:00.000 / 02:09.087, 1Gb)
Load /work/output/SearchParameter-mii-sp-consent-provisioncode.xml                                   (00:00.000 / 02:09.088, 1Gb)
Load /work/output/tbl_bck033.png                                                                     (00:00.000 / 02:09.089, 1Gb)
Load /work/output/Consent-34150a23-b1c8-404f-874f-e042a30435d2.change.history.html                   (00:00.000 / 02:09.089, 1Gb)
Load /work/output/Consent-Example-MII-Consent-ResultType-document.change.history.html                (00:00.001 / 02:09.090, 1Gb)
Load /work/output/prism.js                                                                           (00:00.000 / 02:09.091, 1Gb)
Load /work/output/tbl_bck1350.png                                                                    (00:00.000 / 02:09.091, 1Gb)
Load /work/output/tbl_bck00001111110.png                                                             (00:00.000 / 02:09.092, 1Gb)
Load /work/output/tbl_bck00001111111.png                                                             (00:00.000 / 02:09.092, 1Gb)
Load /work/output/tbl_bck1351.png                                                                    (00:00.000 / 02:09.092, 1Gb)
Load /work/output/mustsupport.png                                                                    (00:00.000 / 02:09.092, 1Gb)
Load /work/output/icon_vd_col.png                                                                    (00:00.000 / 02:09.092, 1Gb)
Load /work/output/tbl_bck0111100.png                                                                 (00:00.000 / 02:09.093, 1Gb)
Load /work/output/tbl_bck035125.png                                                                  (00:00.000 / 02:09.093, 1Gb)
Load /work/output/StructureDefinition-f675b1e8-9f3f-44e8-bb59-9681f78eb464-testing.html              (00:00.000 / 02:09.093, 1Gb)
Load /work/output/tbl_bck03300.png                                                                   (00:00.000 / 02:09.094, 1Gb)
Load /work/output/tbl_bck152.png                                                                     (00:00.000 / 02:09.094, 1Gb)
Load /work/output/CodeSystem-mii-cs-consent-version-modules.html                                     (00:00.000 / 02:09.094, 1Gb)
Load /work/output/SearchParameter-mii-sp-consent-provisiontype.xml.html                              (00:00.000 / 02:09.095, 1Gb)
Load /work/output/tbl_bck000001.png                                                                  (00:00.000 / 02:09.095, 1Gb)
Load /work/output/tbl_bck03512.png                                                                   (00:00.000 / 02:09.096, 1Gb)
Load /work/output/icon_vd_select.png                                                                 (00:00.000 / 02:09.096, 1Gb)
Load /work/output/tbl_bck1543.png                                                                    (00:00.000 / 02:09.096, 1Gb)
Load /work/output/usage-stats.json                                                                   (00:00.000 / 02:09.097, 1Gb)
Load /work/output/SearchParameter-mii-sp-consent-provisiontype.html                                  (00:00.000 / 02:09.097, 1Gb)
Load /work/output/guidance.html                                                                      (00:00.001 / 02:09.098, 1Gb)
Load /work/output/tbl_bck110010.png                                                                  (00:00.000 / 02:09.099, 1Gb)
Load /work/output/icon-toc.png                                                                       (00:00.000 / 02:09.099, 1Gb)
Load /work/output/value-sets.html                                                                    (00:00.000 / 02:09.099, 1Gb)
Load /work/output/tbl_bck110000.png                                                                  (00:00.000 / 02:09.100, 1Gb)
Load /work/output/DocumentReference-8a3d1799-2463-405e-b49c-6a16c8692b01.json                        (00:00.000 / 02:09.100, 1Gb)
Load /work/output/CodeSystem-2.16.840.1.113883.3.1937.777.24.5.3--20251211153003.xml.html            (00:00.000 / 02:09.100, 1Gb)
Load /work/output/icon_page_n_o.gif                                                                  (00:00.000 / 02:09.101, 1Gb)
Load /work/output/tbl_bck000011.png                                                                  (00:00.000 / 02:09.102, 1Gb)
Load /work/output/implementer-guidance.html                                                          (00:00.000 / 02:09.102, 1Gb)
Load /work/output/tbl_bck125252.png                                                                  (00:00.000 / 02:09.102, 1Gb)
Load /work/output/ValueSet-2.16.840.1.113883.3.1937.777.24.11.30--20210323234509.json                (00:00.000 / 02:09.103, 1Gb)
Load /work/output/icon-fhir-128.png                                                                  (00:00.000 / 02:09.103, 1Gb)
Load /work/output/tbl_bck03310.png                                                                   (00:00.000 / 02:09.103, 1Gb)
Load /work/output/index.html                                                                         (00:00.000 / 02:09.103, 1Gb)
Load /work/output/tbl_bck0111110.png                                                                 (00:00.000 / 02:09.104, 1Gb)
Load /work/output/tbl_vjoin.png                                                                      (00:00.000 / 02:09.104, 1Gb)
Load /work/output/Consent-Example-MII-Consent-ResultType-document.json.html                          (00:00.000 / 02:09.104, 1Gb)
Load /work/output/StructureDefinition-e0e166b4-0f77-478d-9062-de0034d98ce0-intro.md                  (00:00.000 / 02:09.105, 1Gb)
Load /work/output/tbl_bck00001111101.png                                                             (00:00.000 / 02:09.105, 1Gb)
Load /work/output/StructureDefinition-56375452-bfa1-4111-af7c-5b5ba9a1857c.xlsx                      (00:00.000 / 02:09.105, 1Gb)
Load /work/output/tbl_vjoin_end_slice.png                                                            (00:00.000 / 02:09.106, 1Gb)
Load /work/output/tbl_bck1341.png                                                                    (00:00.000 / 02:09.106, 1Gb)
Load /work/output/tbl_bck1340.png                                                                    (00:00.000 / 02:09.106, 1Gb)
Load /work/output/StructureDefinition-56375452-bfa1-4111-af7c-5b5ba9a1857c.html                      (00:00.000 / 02:09.106, 1Gb)
Load /work/output/tbl_bck025125.png                                                                  (00:00.000 / 02:09.107, 1Gb)
Load /work/output/icon-q-text.png                                                                    (00:00.000 / 02:09.107, 1Gb)
Load /work/output/tbl_bck00001111100.png                                                             (00:00.000 / 02:09.107, 1Gb)
Load /work/output/CapabilityStatement-mii-cap-consent-server.json.html                               (00:00.000 / 02:09.108, 1Gb)
Load /work/output/SearchParameter-mii-sp-consent-provisiontype.xml                                   (00:00.000 / 02:09.108, 1Gb)
Load /work/output/icon-q-display.png                                                                 (00:00.000 / 02:09.109, 1Gb)
.Load /work/output/icon-fhir-1024.png                                                                 (00:00.000 / 02:09.109, 1Gb)
Load /work/output/package.tgz                                                                        (00:00.000 / 02:09.109, 1Gb)
Load /work/output/tbl_bck0512.png                                                                    (00:00.000 / 02:09.109, 1Gb)
Load /work/output/tbl_bck000011110010.png                                                            (00:00.000 / 02:09.110, 1Gb)
Load /work/output/tbl_bck143.png                                                                     (00:00.000 / 02:09.110, 1Gb)
Load /work/output/tbl_bck03503.png                                                                   (00:00.000 / 02:09.110, 1Gb)
Load /work/output/StructureDefinition-56375452-bfa1-4111-af7c-5b5ba9a1857c-definitions.html          (00:00.000 / 02:09.110, 1Gb)
Load /work/output/tbl_bck100010.png                                                                  (00:00.000 / 02:09.111, 1Gb)
Load /work/output/tbl_bck000010.png                                                                  (00:00.000 / 02:09.111, 1Gb)
Load /work/output/tbl_bck1552.png                                                                    (00:00.000 / 02:09.111, 1Gb)
Load /work/output/SearchParameter-mii-sp-consent-provisionperiod.change.history.html                 (00:00.000 / 02:09.112, 1Gb)
Load /work/output/icon_element.gif                                                                   (00:00.000 / 02:09.113, 1Gb)
Load /work/output/SearchParameter-mii-sp-consent-provisiontype.change.history.html                   (00:00.000 / 02:09.113, 1Gb)
Load /work/output/tbl_bck0350240.png                                                                 (00:00.000 / 02:09.113, 1Gb)
Load /work/output/tbl_bck13512.png                                                                   (00:00.000 / 02:09.114, 1Gb)
Load /work/output/tbl_bck0250240.png                                                                 (00:00.000 / 02:09.114, 1Gb)
Load /work/output/Consent-89f494a3-cd75-44f5-a78a-581dfdd47a94.change.history.html                   (00:00.000 / 02:09.114, 1Gb)
Load /work/output/tbl_bck13510.png                                                                   (00:00.000 / 02:09.115, 1Gb)
Load /work/output/SearchParameter-mii-sp-consent-provisioncode-testing.html                          (00:00.000 / 02:09.115, 1Gb)
Load /work/output/tbl_bck01100.png                                                                   (00:00.009 / 02:09.125, 1Gb)
Load /work/output/StructureDefinition-e0e166b4-0f77-478d-9062-de0034d98ce0-examples.html             (00:00.000 / 02:09.125, 1Gb)
Load /work/output/SearchParameter-mii-sp-consent-policyuri-testing.html                              (00:00.000 / 02:09.126, 1Gb)
Load /work/output/tbl_bck0100.png                                                                    (00:00.000 / 02:09.127, 1Gb)
Load /work/output/tbl_bck1550.png                                                                    (00:00.000 / 02:09.127, 1Gb)
Load /work/output/tbl_bck12424.png                                                                   (00:00.000 / 02:09.127, 1Gb)
Load /work/output/tbl_bck11111.png                                                                   (00:00.000 / 02:09.128, 1Gb)
Load /work/output/CodeSystem-mii-cs-consent-version-modules.xml.html                                 (00:00.000 / 02:09.128, 1Gb)
Load /work/output/tbl_bck155.png                                                                     (00:00.001 / 02:09.129, 1Gb)
Load /work/output/tbl_bck141.png                                                                     (00:00.000 / 02:09.130, 1Gb)
Load /work/output/Parameters-mii-param-consent-manifest.xml                                          (00:00.000 / 02:09.130, 1Gb)
Load /work/output/tbl_bck0000111110.png                                                              (00:00.001 / 02:09.131, 1Gb)
Load /work/output/Consent-34150a23-b1c8-404f-874f-e042a30435d2.html                                  (00:00.000 / 02:09.131, 1Gb)
Load /work/output/Consent-89f494a3-cd75-44f5-a78a-581dfdd47a94.html                                  (00:00.001 / 02:09.133, 1Gb)
Load /work/output/tbl_bck035.png                                                                     (00:00.001 / 02:09.134, 1Gb)
Load /work/output/tbl_bck1001001.png                                                                 (00:00.000 / 02:09.135, 1Gb)
Load /work/output/tbl_bck0510.png                                                                    (00:00.000 / 02:09.135, 1Gb)
Load /work/output/tbl_bck1140.png                                                                    (00:00.000 / 02:09.135, 1Gb)
Load /work/output/tbl_bck1111010.png                                                                 (00:00.000 / 02:09.136, 1Gb)
Load /work/output/package.r4.manifest.json                                                           (00:00.000 / 02:09.136, 1Gb)
Load /work/output/tbl_bck1011010.png                                                                 (00:00.000 / 02:09.137, 1Gb)
Load /work/output/tbl_bck1424.png                                                                    (00:00.000 / 02:09.137, 1Gb)
Load /work/output/icon-resource.png                                                                  (00:00.000 / 02:09.138, 1Gb)
Load /work/output/icon_text.png                                                                      (00:00.000 / 02:09.138, 1Gb)
Load /work/output/examples.xml.zip                                                                   (00:00.000 / 02:09.138, 1Gb)
Load /work/output/toc.html                                                                           (00:00.000 / 02:09.139, 1Gb)
Load /work/output/SearchParameter-mii-sp-consent-provisioncodeperiod.xml                             (00:00.000 / 02:09.139, 1Gb)
Load /work/output/Consent-34150a23-b1c8-404f-874f-e042a30435d2.xml                                   (00:00.000 / 02:09.140, 1Gb)
Load /work/output/Provenance-55219d12-6245-4de4-8b50-ddf6f16a789b.html                               (00:00.005 / 02:09.146, 1Gb)
Load /work/output/icon-type-operation.png                                                            (00:00.001 / 02:09.147, 1Gb)
Load /work/output/tbl_vjoin_slicer.png                                                               (00:00.000 / 02:09.148, 1Gb)
Load /work/output/icon_bundle.png                                                                    (00:00.000 / 02:09.148, 1Gb)
Load /work/output/tbl_bck1001000.png                                                                 (00:00.000 / 02:09.148, 1Gb)
Load /work/output/tbl_bck0505.png                                                                    (00:00.000 / 02:09.149, 1Gb)
Load /work/output/Consent-5143266b-8d60-4b28-8ee9-635140ffa5bb.xml                                   (00:00.000 / 02:09.149, 1Gb)
Load /work/output/StructureDefinition-e0e166b4-0f77-478d-9062-de0034d98ce0-definitions.html          (00:00.012 / 02:09.162, 1Gb)
Load /work/output/tbl_vjoin_end_slicer-closed.png                                                    (00:00.002 / 02:09.164, 1Gb)
Load /work/output/tbl_bck0000111111.png                                                              (00:00.000 / 02:09.165, 1Gb)
Load /work/output/tbl_bck125250.png                                                                  (00:00.000 / 02:09.165, 1Gb)
Load /work/output/tbl_bck140.png                                                                     (00:00.000 / 02:09.166, 1Gb)
Load /work/output/changes.html                                                                       (00:00.000 / 02:09.166, 1Gb)
Load /work/output/icon-qi-subject.png                                                                (00:00.001 / 02:09.167, 1Gb)
.Load /work/output/tbl_bck11110.png                                                                   (00:00.000 / 02:09.168, 1Gb)
Load /work/output/StructureDefinition-56375452-bfa1-4111-af7c-5b5ba9a1857c.profile.history.html      (00:00.000 / 02:09.168, 1Gb)
Load /work/output/ValueSet-88464c5b-5338-4c2b-9c07-b42fef2ada64.json                                 (00:00.001 / 02:09.169, 1Gb)
Load /work/output/tbl_bck03500.png                                                                   (00:00.000 / 02:09.170, 1Gb)
Load /work/output/ValueSet-88464c5b-5338-4c2b-9c07-b42fef2ada64.xml.html                             (00:00.000 / 02:09.170, 1Gb)
Load /work/output/icon_extension_complex.png                                                         (00:00.000 / 02:09.171, 1Gb)
Load /work/output/lock.png                                                                           (00:00.000 / 02:09.171, 1Gb)
Load /work/output/ValueSet-2.16.840.1.113883.3.1937.777.24.11.30--20210323234509.xml.html            (00:00.000 / 02:09.172, 1Gb)
Load /work/output/tbl_bck0101.png                                                                    (00:00.000 / 02:09.173, 1Gb)
Load /work/output/mii-cap-consent-server.openapi.json                                                (00:00.000 / 02:09.173, 1Gb)
Load /work/output/tbl_bck01101.png                                                                   (00:00.000 / 02:09.174, 1Gb)
Load /work/output/SearchParameter-mii-sp-consent-policyuri.change.history.html                       (00:00.000 / 02:09.174, 1Gb)
Load /work/output/tbl_vjoin_slicer-closed.png                                                        (00:00.001 / 02:09.176, 1Gb)
Load /work/output/SearchParameter-mii-sp-consent-provisioncodeperiod.html                            (00:00.000 / 02:09.176, 1Gb)
Load /work/output/CodeSystem-2.16.840.1.113883.3.1937.777.24.5.3--20251211153003.change.history.html (00:00.001 / 02:09.177, 1Gb)
Load /work/output/tbl_bck011110000.png                                                               (00:00.001 / 02:09.178, 1Gb)
Load /work/output/tbl_bck1250.png                                                                    (00:00.000 / 02:09.179, 1Gb)
Load /work/output/tbl_bck00001111010.png                                                             (00:00.000 / 02:09.179, 1Gb)
Load /work/output/tbl_bck133.png                                                                     (00:00.000 / 02:09.179, 1Gb)
Load /work/output/StructureDefinition-f675b1e8-9f3f-44e8-bb59-9681f78eb464.csv                       (00:00.000 / 02:09.180, 1Gb)
Load /work/output/icon-fhir-48.png                                                                   (00:00.000 / 02:09.180, 1Gb)
Load /work/output/icon-q-date.png                                                                    (00:00.000 / 02:09.181, 1Gb)
Load /work/output/CapabilityStatement-mii-cap-consent-server.json                                    (00:00.000 / 02:09.181, 1Gb)
Load /work/output/tbl_bck100100.png                                                                  (00:00.000 / 02:09.181, 1Gb)
Load /work/output/DocumentReference-8a3d1799-2463-405e-b49c-6a16c8692b01.xml.html                    (00:00.000 / 02:09.182, 1Gb)
Load /work/output/tbl_bck000100.png                                                                  (00:00.000 / 02:09.182, 1Gb)
Load /work/output/tree-filter.png                                                                    (00:00.000 / 02:09.183, 1Gb)
Load /work/output/Parameters-mii-param-consent-manifest.html                                         (00:00.000 / 02:09.183, 1Gb)
Load /work/output/tbl_bck1330.png                                                                    (00:00.000 / 02:09.184, 1Gb)
Load /work/output/icon-not-selected.png                                                              (00:00.000 / 02:09.184, 1Gb)
Load /work/output/icon_choice.gif                                                                    (00:00.000 / 02:09.184, 1Gb)
Load /work/output/tbl_bck010110.png                                                                  (00:00.000 / 02:09.184, 1Gb)
Load /work/output/icon_page-child.gif                                                                (00:00.000 / 02:09.185, 1Gb)
Load /work/output/tbl_bck110110.png                                                                  (00:00.000 / 02:09.185, 1Gb)
Load /work/output/StructureDefinition-56375452-bfa1-4111-af7c-5b5ba9a1857c-testing.html              (00:00.000 / 02:09.185, 1Gb)
Load /work/output/DocumentReference-8a3d1799-2463-405e-b49c-6a16c8692b01.xml                         (00:00.000 / 02:09.186, 1Gb)
Load /work/output/Consent-34150a23-b1c8-404f-874f-e042a30435d2.xml.html                              (00:00.000 / 02:09.186, 1Gb)
Load /work/output/tbl_vjoin_end_slicer-open.png                                                      (00:00.001 / 02:09.187, 1Gb)
Load /work/output/icon-change-remove.png                                                             (00:00.000 / 02:09.188, 1Gb)
Load /work/output/link.svg                                                                           (00:00.000 / 02:09.188, 1Gb)
Load /work/output/tbl_bck100101.png                                                                  (00:00.000 / 02:09.189, 1Gb)
Load /work/output/icon_modifier_extension_simple.png                                                 (00:00.000 / 02:09.189, 1Gb)
Load /work/output/StructureDefinition-f675b1e8-9f3f-44e8-bb59-9681f78eb464-definitions.html          (00:00.000 / 02:09.190, 1Gb)
Load /work/output/tbl_bck035025.png                                                                  (00:00.002 / 02:09.192, 1Gb)
Load /work/output/tbl_bck10240.png                                                                   (00:00.000 / 02:09.192, 1Gb)
Load /work/output/logical-models.html                                                                (00:00.000 / 02:09.192, 1Gb)
Load /work/output/StructureDefinition-56375452-bfa1-4111-af7c-5b5ba9a1857c.profile.json.html         (00:00.000 / 02:09.193, 1Gb)
Load /work/output/StructureDefinition-f675b1e8-9f3f-44e8-bb59-9681f78eb464.profile.json.html         (00:00.000 / 02:09.194, 1Gb)
Load /work/output/tbl_bck1251.png                                                                    (00:00.000 / 02:09.195, 1Gb)
Load /work/output/icon-qi-vertical.png                                                               (00:00.000 / 02:09.195, 1Gb)
Load /work/output/ValueSet-2.16.840.1.113883.3.1937.777.24.11.36--20230331232804.json                (00:00.000 / 02:09.195, 1Gb)
Load /work/output/Provenance-55219d12-6245-4de4-8b50-ddf6f16a789b.change.history.html                (00:00.000 / 02:09.195, 1Gb)
Load /work/output/tbl_bck1253.png                                                                    (00:00.000 / 02:09.196, 1Gb)
Load /work/output/icon-change-edit.png                                                               (00:00.000 / 02:09.196, 1Gb)
Load /work/output/url-literals.json                                                                  (00:00.000 / 02:09.196, 1Gb)
Load /work/output/tbl_bck000011110.png                                                               (00:00.000 / 02:09.197, 1Gb)
Load /work/output/Provenance-55219d12-6245-4de4-8b50-ddf6f16a789b.xml.html                           (00:00.000 / 02:09.197, 1Gb)
Load /work/output/tbl_bck0000111001.png                                                              (00:00.000 / 02:09.197, 1Gb)
Load /work/output/tbl_bck0000111110110.png                                                           (00:00.000 / 02:09.198, 1Gb)
Load /work/output/de.medizininformatikinitiative.kerndatensatz.consent.en.tgz                        (00:00.000 / 02:09.198, 1Gb)
Load /work/output/Consent-89f494a3-cd75-44f5-a78a-581dfdd47a94.xml.html                              (00:00.000 / 02:09.198, 1Gb)
.Load /work/output/tbl_bck124.png                                                                     (00:00.000 / 02:09.199, 1Gb)
Load /work/output/tbl_bck130.png                                                                     (00:00.000 / 02:09.199, 1Gb)
Load /work/output/tbl_bck11000.png                                                                   (00:00.000 / 02:09.199, 1Gb)
Load /work/output/tbl_bck03410.png                                                                   (00:00.000 / 02:09.200, 1Gb)
Load /work/output/tbl_bck12535.png                                                                   (00:00.000 / 02:09.200, 1Gb)
Load /work/output/tbl_bck125340.png                                                                  (00:00.000 / 02:09.200, 1Gb)
Load /work/output/tbl_bck1125.png                                                                    (00:00.000 / 02:09.200, 1Gb)
Load /work/output/tbl_bck050.png                                                                     (00:00.000 / 02:09.201, 1Gb)
Load /work/output/tbl_bck01011.png                                                                   (00:00.000 / 02:09.201, 1Gb)
Load /work/output/tbl_vjoin_end_slicer.png                                                           (00:00.000 / 02:09.201, 1Gb)
Load /work/output/CapabilityStatement-mii-cap-consent-server-testing.html                            (00:00.000 / 02:09.201, 1Gb)
Load /work/output/tbl-open.png                                                                       (00:00.000 / 02:09.202, 1Gb)
Load /work/output/tbl_bck0011.png                                                                    (00:00.000 / 02:09.202, 1Gb)
Load /work/output/SearchParameter-mii-sp-consent-provisionperiod.json.html                           (00:00.000 / 02:09.203, 1Gb)
Load /work/output/tbl_bck0010.png                                                                    (00:00.000 / 02:09.203, 1Gb)
Load /work/output/icon-qi-hidden.png                                                                 (00:00.000 / 02:09.203, 1Gb)
Load /work/output/tbl_bck13400.png                                                                   (00:00.000 / 02:09.204, 1Gb)
Load /work/output/tbl_bck01010.png                                                                   (00:00.000 / 02:09.204, 1Gb)
Load /work/output/Consent-Example-MII-Consent-ResultType-document.html                               (00:00.000 / 02:09.204, 1Gb)
Load /work/output/icon-warning.png                                                                   (00:00.000 / 02:09.205, 1Gb)
Load /work/output/tbl_bck051.png                                                                     (00:00.000 / 02:09.205, 1Gb)
Load /work/output/tbl_bck1124.png                                                                    (00:00.000 / 02:09.205, 1Gb)
Load /work/output/SearchParameter-mii-sp-consent-provisionperiod.json                                (00:00.000 / 02:09.206, 1Gb)
Load /work/output/SearchParameter-mii-sp-consent-provisioncodetype.xml                               (00:00.000 / 02:09.206, 1Gb)
Load /work/output/tbl_vjoin_slice-open.png                                                           (00:00.000 / 02:09.206, 1Gb)
Load /work/output/tbl_bck11001.png                                                                   (00:00.000 / 02:09.207, 1Gb)
Load /work/output/uml-diagrams.html                                                                  (00:00.000 / 02:09.207, 1Gb)
Load /work/output/tbl_bck125.png                                                                     (00:00.000 / 02:09.207, 1Gb)
Load /work/output/tbl_bck0400.png                                                                    (00:00.000 / 02:09.208, 1Gb)
Load /work/output/tbl_bck1050.png                                                                    (00:00.000 / 02:09.208, 1Gb)
Load /work/output/validator.pack                                                                     (00:00.000 / 02:09.208, 1Gb)
Load /work/output/tbl_bck0000111000.png                                                              (00:00.000 / 02:09.208, 1Gb)
Load /work/output/tbl_vjoin-open.png                                                                 (00:00.000 / 02:09.209, 1Gb)
Load /work/output/icon_vd_view.png                                                                   (00:00.000 / 02:09.209, 1Gb)
Load /work/output/StructureDefinition-f675b1e8-9f3f-44e8-bb59-9681f78eb464-intro.md                  (00:00.000 / 02:09.209, 1Gb)
Load /work/output/icon_datatype.gif                                                                  (00:00.000 / 02:09.209, 1Gb)
Load /work/output/tbl_bck000011111.png                                                               (00:00.000 / 02:09.209, 1Gb)
Load /work/output/alert.jpg                                                                          (00:00.000 / 02:09.210, 1Gb)
Load /work/output/StructureDefinition-e0e166b4-0f77-478d-9062-de0034d98ce0.csv                       (00:00.000 / 02:09.210, 1Gb)
Load /work/output/tbl_vjoin_end_slice-open.png                                                       (00:00.000 / 02:09.211, 1Gb)
Load /work/output/tbl_bck1011100.png                                                                 (00:00.000 / 02:09.211, 1Gb)
Load /work/output/tbl_bck1252.png                                                                    (00:00.000 / 02:09.212, 1Gb)
Load /work/output/Consent-5143266b-8d60-4b28-8ee9-635140ffa5bb.json.html                             (00:00.000 / 02:09.212, 1Gb)
Load /work/output/Parameters-mii-param-consent-manifest.json.html                                    (00:00.001 / 02:09.214, 1Gb)
Load /work/output/tbl_bck1011110.png                                                                 (00:00.000 / 02:09.215, 1Gb)
Load /work/output/icon_slice.png                                                                     (00:00.000 / 02:09.215, 1Gb)
Load /work/output/tbl_bck0000111010.png                                                              (00:00.000 / 02:09.215, 1Gb)
Load /work/output/schematrons.zip                                                                    (00:00.000 / 02:09.216, 1Gb)
Load /work/output/icon-directory.gif                                                                 (00:00.000 / 02:09.216, 1Gb)
Load /work/output/tbl_bck000011101.png                                                               (00:00.000 / 02:09.216, 1Gb)
Load /work/output/icon-q-datetime.png                                                                (00:00.000 / 02:09.216, 1Gb)
Load /work/output/DocumentReference-8a3d1799-2463-405e-b49c-6a16c8692b01.json.html                   (00:00.000 / 02:09.217, 1Gb)
Load /work/output/tbl_bck135.png                                                                     (00:00.000 / 02:09.217, 1Gb)
Load /work/output/tbl_bck0410.png                                                                    (00:00.000 / 02:09.218, 1Gb)
Load /work/output/tbl_bck1040.png                                                                    (00:00.000 / 02:09.218, 1Gb)
Load /work/output/codesystem-ref-all-list.csv                                                        (00:00.000 / 02:09.218, 1Gb)
Load /work/output/tbl_bck11011.png                                                                   (00:00.000 / 02:09.218, 1Gb)
Load /work/output/tbl_bck041.png                                                                     (00:00.000 / 02:09.219, 1Gb)
Load /work/output/CodeSystem-2.16.840.1.113883.3.1937.777.24.5.2--20210423105554-testing.html        (00:00.000 / 02:09.219, 1Gb)
Load /work/output/SearchParameter-mii-sp-consent-provisioncodetype.json                              (00:00.000 / 02:09.219, 1Gb)
Load /work/output/tbl_bck13410.png                                                                   (00:00.000 / 02:09.220, 1Gb)
.Load /work/output/tbl_bck01000.png                                                                   (00:00.000 / 02:09.220, 1Gb)
Load /work/output/icon-q-item.png                                                                    (00:00.000 / 02:09.220, 1Gb)
Load /work/output/tbl_bck0000.png                                                                    (00:00.000 / 02:09.220, 1Gb)
Load /work/output/tbl_bck0001.png                                                                    (00:00.000 / 02:09.221, 1Gb)
Load /work/output/tbl_bck125350.png                                                                  (00:00.000 / 02:09.221, 1Gb)
Load /work/output/tbl_bck040.png                                                                     (00:00.000 / 02:09.221, 1Gb)
Load /work/output/StructureDefinition-e0e166b4-0f77-478d-9062-de0034d98ce0.profile.history.html      (00:00.000 / 02:09.221, 1Gb)
Load /work/output/valueset-list.json                                                                 (00:00.000 / 02:09.222, 1Gb)
Load /work/output/tbl_bck11010.png                                                                   (00:00.000 / 02:09.222, 1Gb)
Load /work/output/tbl_bck03400.png                                                                   (00:00.000 / 02:09.222, 1Gb)
Load /work/output/tbl_bck12525.png                                                                   (00:00.000 / 02:09.223, 1Gb)
Load /work/output/tbl_bck0000111110100.png                                                           (00:00.000 / 02:09.223, 1Gb)
Load /work/output/tbl_bck134.png                                                                     (00:00.000 / 02:09.223, 1Gb)
Load /work/output/all-profiles.csv                                                                   (00:00.000 / 02:09.223, 1Gb)
Load /work/output/tbl_bck120.png                                                                     (00:00.000 / 02:09.224, 1Gb)
Load /work/output/tbl_bck000011100.png                                                               (00:00.000 / 02:09.224, 1Gb)
Load /work/output/tbl_bck0000111011.png                                                              (00:00.000 / 02:09.224, 1Gb)
Load /work/output/ValueSet-2.16.840.1.113883.3.1937.777.24.11.30--20210323234509.xml                 (00:00.000 / 02:09.224, 1Gb)
Load /work/output/SearchParameter-mii-sp-consent-provisioncode.change.history.html                   (00:00.001 / 02:09.226, 1Gb)
Load /work/output/icon_primitive.png                                                                 (00:00.000 / 02:09.226, 1Gb)
Load /work/output/tbl_bck1243.png                                                                    (00:00.000 / 02:09.227, 1Gb)
Load /work/output/cc0.png                                                                            (00:00.000 / 02:09.227, 1Gb)
Load /work/output/definitions.xml.zip                                                                (00:00.000 / 02:09.227, 1Gb)
Load /work/output/tbl_vjoin_end_slice-closed.png                                                     (00:00.000 / 02:09.227, 1Gb)
Load /work/output/icon-q-open-choice.png                                                             (00:00.000 / 02:09.228, 1Gb)
Load /work/output/target.png                                                                         (00:00.000 / 02:09.228, 1Gb)
Load /work/output/tbl_bck00001111001.png                                                             (00:00.000 / 02:09.228, 1Gb)
Load /work/output/icon_q_root.gif                                                                    (00:00.000 / 02:09.228, 1Gb)
Load /work/output/tbl_bck1241.png                                                                    (00:00.000 / 02:09.229, 1Gb)
Load /work/output/tbl_bck10250.png                                                                   (00:00.000 / 02:09.229, 1Gb)
Load /work/output/icon-q-quantity.png                                                                (00:00.000 / 02:09.229, 1Gb)
Load /work/output/information.png                                                                    (00:00.000 / 02:09.229, 1Gb)
Load /work/output/CodeSystem-2.16.840.1.113883.3.1937.777.24.5.2--20210423105554.xlsx                (00:00.000 / 02:09.230, 1Gb)
Load /work/output/CodeSystem-mii-cs-consent-version-modules.json.html                                (00:00.000 / 02:09.230, 1Gb)
Load /work/output/tbl_vjoin_end-open.png                                                             (00:00.000 / 02:09.231, 1Gb)
Load /work/output/tbl_bck125352.png                                                                  (00:00.000 / 02:09.231, 1Gb)
Load /work/output/tbl_bck010100.png                                                                  (00:00.000 / 02:09.231, 1Gb)
Load /work/output/ValueSet-88464c5b-5338-4c2b-9c07-b42fef2ada64-testing.html                         (00:00.000 / 02:09.231, 1Gb)
Load /work/output/tbl_bck110100.png                                                                  (00:00.000 / 02:09.232, 1Gb)
Load /work/output/icon-qi-security.bmp                                                               (00:00.000 / 02:09.232, 1Gb)
Load /work/output/SearchParameter-mii-sp-consent-policyuri.html                                      (00:00.000 / 02:09.233, 1Gb)
Load /work/output/tbl_vjoin_end-closed.png                                                           (00:00.000 / 02:09.233, 1Gb)
Load /work/output/tbl_bck1320.png                                                                    (00:00.000 / 02:09.233, 1Gb)
Load /work/output/icon-include.png                                                                   (00:00.000 / 02:09.234, 1Gb)
Load /work/output/CodeSystem-mii-cs-consent-version-modules.xml                                      (00:00.000 / 02:09.234, 1Gb)
Load /work/output/tbl_bck100110.png                                                                  (00:00.002 / 02:09.237, 1Gb)
Load /work/output/ValueSet-2.16.840.1.113883.3.1937.777.24.11.30--20210323234509.json.html           (00:00.000 / 02:09.237, 1Gb)
Load /work/output/CodeSystem-2.16.840.1.113883.3.1937.777.24.5.2--20210423105554.html                (00:00.000 / 02:09.238, 1Gb)
Load /work/output/tbl_bck000110.png                                                                  (00:00.000 / 02:09.239, 1Gb)
Load /work/output/icon-fhir-64.png                                                                   (00:00.000 / 02:09.239, 1Gb)
Load /work/output/icon_reuse.png                                                                     (00:00.004 / 02:09.244, 1Gb)
Load /work/output/tbl_bck1240.png                                                                    (00:00.000 / 02:09.244, 1Gb)
Load /work/output/tbl_bck025025.png                                                                  (00:00.000 / 02:09.244, 1Gb)
Load /work/output/icon_extension_simple.png                                                          (00:00.000 / 02:09.244, 1Gb)
Load /work/output/StructureDefinition-e0e166b4-0f77-478d-9062-de0034d98ce0.profile.json.html         (00:00.000 / 02:09.245, 1Gb)
Load /work/output/StructureDefinition-e0e166b4-0f77-478d-9062-de0034d98ce0.json                      (00:00.000 / 02:09.245, 1Gb)
Load /work/output/StructureDefinition-56375452-bfa1-4111-af7c-5b5ba9a1857c.csv                       (00:00.000 / 02:09.245, 1Gb)
Load /work/output/icon-q-decimal.png                                                                 (00:00.000 / 02:09.246, 1Gb)
Load /work/output/tbl_bck011110010.png                                                               (00:00.000 / 02:09.246, 1Gb)
Load /work/output/icon_vd_foreach.png                                                                (00:00.000 / 02:09.246, 1Gb)
Load /work/output/valueset-list.csv                                                                  (00:00.000 / 02:09.246, 1Gb)
.Load /work/output/icon-q-boolean.png                                                                 (00:00.000 / 02:09.246, 1Gb)
Load /work/output/downloads.html                                                                     (00:00.000 / 02:09.247, 1Gb)
Load /work/output/tbl_bck025000.png                                                                  (00:00.000 / 02:09.247, 1Gb)
Load /work/output/CodeSystem-2.16.840.1.113883.3.1937.777.24.5.2--20210423105554.json                (00:00.000 / 02:09.247, 1Gb)
Load /work/output/frageboegen.html                                                                   (00:00.000 / 02:09.248, 1Gb)
Load /work/output/tbl_bck0110100.png                                                                 (00:00.000 / 02:09.248, 1Gb)
Load /work/output/icon_page.gif                                                                      (00:00.000 / 02:09.249, 1Gb)
Load /work/output/Consent-Example-MII-Consent-ResultType-document.xml                                (00:00.000 / 02:09.249, 1Gb)
Load /work/output/tbl_bck1.png                                                                       (00:00.002 / 02:09.251, 1Gb)
Load /work/output/tbl_bck0000111.png                                                                 (00:00.000 / 02:09.251, 1Gb)
Load /work/output/tbl_bck112.png                                                                     (00:00.000 / 02:09.251, 1Gb)
Load /work/output/tbl_bck0351.png                                                                    (00:00.000 / 02:09.252, 1Gb)
Load /work/output/tbl_bck111010.png                                                                  (00:00.000 / 02:09.252, 1Gb)
Load /work/output/tbl_bck011010.png                                                                  (00:00.000 / 02:09.252, 1Gb)
Load /work/output/StructureDefinition-56375452-bfa1-4111-af7c-5b5ba9a1857c-intro.md                  (00:00.000 / 02:09.252, 1Gb)
Load /work/output/icon-qi-optional.png                                                               (00:00.000 / 02:09.253, 1Gb)
Load /work/output/tbl_vjoin_slice-closed.png                                                         (00:00.000 / 02:09.253, 1Gb)
Load /work/output/StructureDefinition-e0e166b4-0f77-478d-9062-de0034d98ce0.html                      (00:00.000 / 02:09.253, 1Gb)
Load /work/output/SearchParameter-mii-sp-consent-provisioncodetype.xml.html                          (00:00.000 / 02:09.254, 1Gb)
Load /work/output/StructureDefinition-e0e166b4-0f77-478d-9062-de0034d98ce0.xml                       (00:00.000 / 02:09.254, 1Gb)
Load /work/output/tbl_bck001001.png                                                                  (00:00.043 / 02:09.298, 1Gb)
Load /work/output/tbl_bck02512.png                                                                   (00:00.000 / 02:09.299, 1Gb)
Load /work/output/SearchParameter-mii-sp-consent-provisiontype-testing.html                          (00:00.000 / 02:09.299, 1Gb)
Load /work/output/examples.json.zip                                                                  (00:00.002 / 02:09.301, 1Gb)
Load /work/output/DocumentReference-8a3d1799-2463-405e-b49c-6a16c8692b01.change.history.html         (00:00.000 / 02:09.301, 1Gb)
Load /work/output/codesystem-ref-list.csv                                                            (00:00.001 / 02:09.303, 1Gb)
Load /work/output/tbl_bck02513.png                                                                   (00:00.000 / 02:09.303, 1Gb)
Load /work/output/SearchParameter-mii-sp-consent-provisioncodetype.json.html                         (00:00.000 / 02:09.304, 1Gb)
Load /work/output/tbl_bck001000.png                                                                  (00:00.000 / 02:09.304, 1Gb)
Load /work/output/icon-qi-observation.png                                                            (00:00.000 / 02:09.305, 1Gb)
Load /work/output/tbl_bck101000.png                                                                  (00:00.000 / 02:09.305, 1Gb)
Load /work/output/StructureDefinition-e0e166b4-0f77-478d-9062-de0034d98ce0.xlsx                      (00:00.000 / 02:09.305, 1Gb)
Load /work/output/ValueSet-2.16.840.1.113883.3.1937.777.24.11.36--20230331232804.json.html           (00:00.000 / 02:09.305, 1Gb)
Load /work/output/tbl_bck1112.png                                                                    (00:00.000 / 02:09.306, 1Gb)
Load /work/output/tbl_vjoin_slicer-open.png                                                          (00:00.000 / 02:09.306, 1Gb)
Load /work/output/tbl_bck00112.png                                                                   (00:00.000 / 02:09.306, 1Gb)
Load /work/output/tbl_bck0251250.png                                                                 (00:00.000 / 02:09.307, 1Gb)
Load /work/output/tbl_bck0351250.png                                                                 (00:00.000 / 02:09.307, 1Gb)
Load /work/output/tbl_bck011011.png                                                                  (00:00.000 / 02:09.307, 1Gb)
Load /work/output/CapabilityStatement-mii-cap-consent-server.xml.html                                (00:00.000 / 02:09.308, 1Gb)
Load /work/output/tbl_bck113.png                                                                     (00:00.000 / 02:09.308, 1Gb)
Load /work/output/tbl_bck0000110.png                                                                 (00:00.000 / 02:09.308, 1Gb)
Load /work/output/tbl_bck0350.png                                                                    (00:00.000 / 02:09.309, 1Gb)
Load /work/output/tbl_bck10010000.png                                                                (00:00.000 / 02:09.309, 1Gb)
Load /work/output/tbl_bck00001110110.png                                                             (00:00.000 / 02:09.309, 1Gb)
Load /work/output/tbl_bck10110000.png                                                                (00:00.000 / 02:09.309, 1Gb)
Load /work/output/SearchParameter-mii-sp-consent-policyuri.json                                      (00:00.000 / 02:09.310, 1Gb)
Load /work/output/tbl_bck0.png                                                                       (00:00.000 / 02:09.310, 1Gb)
Load /work/output/codesystem-ref-all-list.json                                                       (00:00.000 / 02:09.310, 1Gb)
Load /work/output/codesystem-list.csv                                                                (00:00.000 / 02:09.310, 1Gb)
Load /work/output/tbl_bck00001001.png                                                                (00:00.000 / 02:09.311, 1Gb)
Load /work/output/icon-change-add.png                                                                (00:00.000 / 02:09.311, 1Gb)
Load /work/output/tbl_bck000011111000.png                                                            (00:00.000 / 02:09.311, 1Gb)
Load /work/output/codesystem-ref-list.json                                                           (00:00.000 / 02:09.311, 1Gb)
Load /work/output/icon-page.png                                                                      (00:00.000 / 02:09.312, 1Gb)
Load /work/output/tbl_bck1500.png                                                                    (00:00.000 / 02:09.312, 1Gb)
Load /work/output/valueset-ref-all-list.csv                                                          (00:00.000 / 02:09.313, 1Gb)
Load /work/output/ValueSet-88464c5b-5338-4c2b-9c07-b42fef2ada64.json.html                            (00:00.000 / 02:09.313, 1Gb)
Load /work/output/SearchParameter-mii-sp-consent-provisioncodetype-testing.html                      (00:00.000 / 02:09.314, 1Gb)
Load /work/output/profiles.html                                                                      (00:00.000 / 02:09.315, 1Gb)
Load /work/output/StructureDefinition-f675b1e8-9f3f-44e8-bb59-9681f78eb464.profile.xml.html          (00:00.000 / 02:09.315, 1Gb)
.Load /work/output/tbl_bck105.png                                                                     (00:00.000 / 02:09.316, 1Gb)
Load /work/output/tbl_bck01101100.png                                                                (00:00.000 / 02:09.316, 1Gb)
Load /work/output/tbl_bck111.png                                                                     (00:00.000 / 02:09.316, 1Gb)
Load /work/output/tbl_vline_slice.png                                                                (00:00.000 / 02:09.317, 1Gb)
Load /work/output/valueset-ref-all-list.json                                                         (00:00.000 / 02:09.317, 1Gb)
Load /work/output/tbl_bck05040.png                                                                   (00:00.000 / 02:09.317, 1Gb)
Load /work/output/tbl_bck0251252.png                                                                 (00:00.000 / 02:09.317, 1Gb)
Load /work/output/tbl_bck00110.png                                                                   (00:00.000 / 02:09.317, 1Gb)
Load /work/output/tbl_bck12500.png                                                                   (00:00.000 / 02:09.318, 1Gb)
Load /work/output/tbl_bck0351252.png                                                                 (00:00.000 / 02:09.318, 1Gb)
Load /work/output/icon_fixed.gif                                                                     (00:00.000 / 02:09.318, 1Gb)
Load /work/output/tbl_bck1110.png                                                                    (00:00.000 / 02:09.318, 1Gb)
Load /work/output/security-and-privacy.html                                                          (00:00.000 / 02:09.319, 1Gb)
Load /work/output/expansions.json                                                                    (00:00.000 / 02:09.319, 1Gb)
Load /work/output/tbl_bck10101.png                                                                   (00:00.000 / 02:09.319, 1Gb)
Load /work/output/SearchParameter-mii-sp-consent-policyuri.xml.html                                  (00:00.000 / 02:09.320, 1Gb)
Load /work/output/StructureDefinition-56375452-bfa1-4111-af7c-5b5ba9a1857c.sch                       (00:00.000 / 02:09.320, 1Gb)
Load /work/output/package.r4.tgz                                                                     (00:00.000 / 02:09.320, 1Gb)
Load /work/output/SearchParameter-mii-sp-consent-provisioncodeperiod.json.html                       (00:00.000 / 02:09.321, 1Gb)
Load /work/output/help.png                                                                           (00:00.000 / 02:09.321, 1Gb)
Load /work/output/StructureDefinition-f675b1e8-9f3f-44e8-bb59-9681f78eb464.xml                       (00:00.000 / 02:09.322, 1Gb)
Load /work/output/tbl_bck02510.png                                                                   (00:00.011 / 02:09.333, 1Gb)
Load /work/output/modifier.png                                                                       (00:00.000 / 02:09.334, 1Gb)
Load /work/output/tbl_bck10100.png                                                                   (00:00.000 / 02:09.334, 1Gb)
Load /work/output/icon-key.png                                                                       (00:00.000 / 02:09.334, 1Gb)
Load /work/output/tbl_bck15050.png                                                                   (00:00.000 / 02:09.334, 1Gb)
Load /work/output/icon-q-integer.png                                                                 (00:00.000 / 02:09.335, 1Gb)
Load /work/output/tbl_bck1111.png                                                                    (00:00.000 / 02:09.335, 1Gb)
Load /work/output/StructureDefinition-56375452-bfa1-4111-af7c-5b5ba9a1857c-examples.html             (00:00.000 / 02:09.335, 1Gb)
Load /work/output/tbl_bck00111.png                                                                   (00:00.000 / 02:09.336, 1Gb)
Load /work/output/Consent-89f494a3-cd75-44f5-a78a-581dfdd47a94.xml                                   (00:00.000 / 02:09.336, 1Gb)
Load /work/output/tbl_bck110.png                                                                     (00:00.002 / 02:09.338, 1Gb)
Load /work/output/tbl_bck104.png                                                                     (00:00.000 / 02:09.339, 1Gb)
Load /work/output/SearchParameter-mii-sp-consent-provisioncodeperiod.xml.html                        (00:00.000 / 02:09.339, 1Gb)
Load /work/output/package.r4b.tgz                                                                    (00:00.003 / 02:09.342, 1Gb)
Load /work/output/tbl_bck1515.png                                                                    (00:00.000 / 02:09.342, 1Gb)
Load /work/output/CodeSystem-2.16.840.1.113883.3.1937.777.24.5.2--20210423105554.xml                 (00:00.000 / 02:09.343, 1Gb)
Load /work/output/tbl-closed.png                                                                     (00:00.000 / 02:09.343, 1Gb)
Load /work/output/tbl_bck000010010.png                                                               (00:00.000 / 02:09.344, 1Gb)
Load /work/output/SearchParameter-mii-sp-consent-provisioncodetype.html                              (00:00.000 / 02:09.344, 1Gb)
Load /work/output/icon-dictionary.png                                                                (00:00.000 / 02:09.345, 1Gb)
Load /work/output/de.medizininformatikinitiative.kerndatensatz.consent.de.manifest.json              (00:00.000 / 02:09.345, 1Gb)
Load /work/output/Consent-Example-MII-Consent-ResultType-document.json                               (00:00.000 / 02:09.345, 1Gb)
Load /work/output/tbl_bck000010000.png                                                               (00:00.000 / 02:09.346, 1Gb)
Load /work/output/SearchParameter-mii-sp-consent-provisionperiod.html                                (00:00.000 / 02:09.346, 1Gb)
Load /work/output/StructureDefinition-56375452-bfa1-4111-af7c-5b5ba9a1857c-mappings.html             (00:00.000 / 02:09.347, 1Gb)
Load /work/output/tbl_bck1505.png                                                                    (00:00.000 / 02:09.348, 1Gb)
Load /work/output/tbl_bck100.png                                                                     (00:00.000 / 02:09.348, 1Gb)
Load /work/output/tbl_bck12511.png                                                                   (00:00.000 / 02:09.348, 1Gb)
Load /work/output/tbl_bck00101.png                                                                   (00:00.000 / 02:09.348, 1Gb)
Load /work/output/SearchParameter-mii-sp-consent-provisionperiod.xml.html                            (00:00.000 / 02:09.348, 1Gb)
Load /work/output/StructureDefinition-56375452-bfa1-4111-af7c-5b5ba9a1857c.xml                       (00:00.000 / 02:09.349, 1Gb)
Load /work/output/icon-list.gif                                                                      (00:00.010 / 02:09.360, 1Gb)
Load /work/output/tbl_bck1101.png                                                                    (00:00.000 / 02:09.360, 1Gb)
Load /work/output/fhir-table-scripts.js                                                              (00:00.000 / 02:09.361, 1Gb)
Load /work/output/tbl_bck02500.png                                                                   (00:00.000 / 02:09.361, 1Gb)
Load /work/output/tbl_bck10110.png                                                                   (00:00.000 / 02:09.361, 1Gb)
Load /work/output/package.db                                                                         (00:00.000 / 02:09.361, 1Gb)
Load /work/output/tbl_bck15040.png                                                                   (00:00.000 / 02:09.362, 1Gb)
Load /work/output/icon_extension.png                                                                 (00:00.000 / 02:09.362, 1Gb)
Load /work/output/icon-implementation.png                                                            (00:00.000 / 02:09.362, 1Gb)
.Load /work/output/icon_entry_blue.png                                                                (00:00.000 / 02:09.362, 1Gb)
Load /work/output/icon-q-coding.png                                                                  (00:00.000 / 02:09.363, 1Gb)
Load /work/output/tbl_bck10111.png                                                                   (00:00.000 / 02:09.363, 1Gb)
Load /work/output/tbl_bck02501.png                                                                   (00:00.000 / 02:09.363, 1Gb)
Load /work/output/tbl_bck1100.png                                                                    (00:00.000 / 02:09.363, 1Gb)
Load /work/output/CodeSystem-2.16.840.1.113883.3.1937.777.24.5.2--20210423105554.xml.html            (00:00.000 / 02:09.364, 1Gb)
Load /work/output/CapabilityStatement-mii-cap-consent-server.change.history.html                     (00:00.000 / 02:09.365, 1Gb)
Load /work/output/tbl_bck05050.png                                                                   (00:00.000 / 02:09.365, 1Gb)
Load /work/output/SearchParameter-mii-sp-consent-policyuri.json.html                                 (00:00.000 / 02:09.366, 1Gb)
Load /work/output/StructureDefinition-f675b1e8-9f3f-44e8-bb59-9681f78eb464.sch                       (00:00.000 / 02:09.366, 1Gb)
Load /work/output/tbl_bck00100.png                                                                   (00:00.000 / 02:09.367, 1Gb)
Load /work/output/ValueSet-2.16.840.1.113883.3.1937.777.24.11.36--20230331232804.xml                 (00:00.000 / 02:09.367, 1Gb)
Load /work/output/CodeSystem-2.16.840.1.113883.3.1937.777.24.5.3--20251211153003-testing.html        (00:00.000 / 02:09.368, 1Gb)
Load /work/output/tbl_bck12510.png                                                                   (00:00.000 / 02:09.368, 1Gb)
Load /work/output/tbl_bck115.png                                                                     (00:00.000 / 02:09.369, 1Gb)
Load /work/output/icon-documentation.png                                                             (00:00.000 / 02:09.369, 1Gb)
Load /work/output/tbl_bck01101110.png                                                                (00:00.000 / 02:09.369, 1Gb)
Load /work/output/tbl_bck101.png                                                                     (00:00.000 / 02:09.369, 1Gb)
Load /work/output/icon-selected.png                                                                  (00:00.000 / 02:09.370, 1Gb)
Load /work/output/icon-example.png                                                                   (00:00.000 / 02:09.370, 1Gb)
Load /work/output/ValueSet-88464c5b-5338-4c2b-9c07-b42fef2ada64.xml                                  (00:00.000 / 02:09.370, 1Gb)
Load /work/output/tbl_bck1510.png                                                                    (00:00.000 / 02:09.371, 1Gb)
Load /work/output/tbl_bck0140.png                                                                    (00:00.000 / 02:09.372, 1Gb)
Load /work/output/prism.css                                                                          (00:00.000 / 02:09.372, 1Gb)
Load /work/output/ImplementationGuide-mii-ig-consent.xml                                             (00:00.000 / 02:09.372, 1Gb)
Load /work/output/icon-qi-readonly.png                                                               (00:00.007 / 02:09.380, 1Gb)
Load /work/output/tbl_bck000011111010.png                                                            (00:00.000 / 02:09.380, 1Gb)
Load /work/output/SearchParameter-mii-sp-consent-provisioncodeperiod-testing.html                    (00:00.000 / 02:09.381, 1Gb)
Load /work/output/canonicals.json                                                                    (00:00.000 / 02:09.382, 1Gb)
Load /work/output/tbl_bck0110111.png                                                                 (00:00.000 / 02:09.382, 1Gb)
Load /work/output/icon-object-box.png                                                                (00:00.000 / 02:09.382, 1Gb)
Load /work/output/tbl_bck1512.png                                                                    (00:00.000 / 02:09.382, 1Gb)
Load /work/output/tbl_vjoin_slice.png                                                                (00:00.000 / 02:09.383, 1Gb)
Load /work/output/Parameters-mii-param-consent-manifest.change.history.html                          (00:00.000 / 02:09.383, 1Gb)
Load /work/output/icon-q-group.png                                                                   (00:00.000 / 02:09.384, 1Gb)
Load /work/output/de.medizininformatikinitiative.kerndatensatz.consent.de.tgz                        (00:00.000 / 02:09.384, 1Gb)
Load /work/output/tbl_bck103.png                                                                     (00:00.000 / 02:09.384, 1Gb)
Load /work/output/tbl_bck0000100.png                                                                 (00:00.000 / 02:09.385, 1Gb)
Load /work/output/tbl_bck0340.png                                                                    (00:00.000 / 02:09.385, 1Gb)
Load /work/output/tbl_bck10010010.png                                                                (00:00.000 / 02:09.385, 1Gb)
Load /work/output/Consent-Example-MII-Consent-ResultType-document.xml.html                           (00:00.000 / 02:09.386, 1Gb)
Load /work/output/tbl_bck00001110100.png                                                             (00:00.000 / 02:09.386, 1Gb)
Load /work/output/tbl_bck10110010.png                                                                (00:00.000 / 02:09.387, 1Gb)
Load /work/output/SearchParameter-mii-sp-consent-policyuri.xml                                       (00:00.000 / 02:09.387, 1Gb)
Load /work/output/tbl_bck0251240.png                                                                 (00:00.003 / 02:09.390, 1Gb)
Load /work/output/tbl_bck0351240.png                                                                 (00:00.000 / 02:09.391, 1Gb)
Load /work/output/tbl_bck12512.png                                                                   (00:00.000 / 02:09.391, 1Gb)
Load /work/output/tbl_bck011001.png                                                                  (00:00.000 / 02:09.392, 1Gb)
Load /work/output/new.png                                                                            (00:00.000 / 02:09.392, 1Gb)
Load /work/output/ValueSet-2.16.840.1.113883.3.1937.777.24.11.36--20230331232804.html                (00:00.000 / 02:09.392, 1Gb)
Load /work/output/StructureDefinition-e0e166b4-0f77-478d-9062-de0034d98ce0.sch                       (00:00.001 / 02:09.394, 1Gb)
Load /work/output/tbl_bck02503.png                                                                   (00:00.001 / 02:09.395, 1Gb)
Load /work/output/tbl_bck001010.png                                                                  (00:00.000 / 02:09.395, 1Gb)
Load /work/output/tbl_bck101010.png                                                                  (00:00.000 / 02:09.395, 1Gb)
Load /work/output/icon-qi-instructions.png                                                           (00:00.000 / 02:09.396, 1Gb)
Load /work/output/icon-clinical.png                                                                  (00:00.000 / 02:09.396, 1Gb)
Load /work/output/SearchParameter-mii-sp-consent-provisioncodeperiod.json                            (00:00.000 / 02:09.396, 1Gb)
Load /work/output/de/tbl_bck01111.png                                                                (00:00.000 / 02:09.397, 1Gb)
Load /work/output/de/Consent-5143266b-8d60-4b28-8ee9-635140ffa5bb.json                               (00:00.000 / 02:09.397, 1Gb)
Load /work/output/de/icon_page_n_i.gif                                                               (00:00.000 / 02:09.397, 1Gb)
Load /work/output/de/tbl_bck0111.png                                                                 (00:00.000 / 02:09.397, 1Gb)
.Load /work/output/de/SearchParameter-mii-sp-consent-provisiontype.json.html                          (00:00.000 / 02:09.398, 1Gb)
Load /work/output/de/logical-models.md                                                               (00:00.006 / 02:09.404, 1Gb)
Load /work/output/de/tbl_bck11100.png                                                                (00:00.000 / 02:09.404, 1Gb)
Load /work/output/de/tbl_bck03510.png                                                                (00:00.000 / 02:09.405, 1Gb)
Load /work/output/de/ValueSet-2.16.840.1.113883.3.1937.777.24.11.36--20230331232804.xml.html         (00:00.000 / 02:09.406, 1Gb)
Load /work/output/de/tbl_bck1025.png                                                                 (00:00.006 / 02:09.412, 1Gb)
Load /work/output/de/icon-administration.png                                                         (00:00.000 / 02:09.413, 1Gb)
Load /work/output/de/tbl_bck150.png                                                                  (00:00.000 / 02:09.413, 1Gb)
Load /work/output/de/tbl_bck144.png                                                                  (00:00.000 / 02:09.413, 1Gb)
Load /work/output/de/llms.txt                                                                        (00:00.000 / 02:09.413, 1Gb)
Load /work/output/de/translationinfo.html                                                            (00:00.000 / 02:09.414, 1Gb)
Load /work/output/de/tbl_bck0000111101.png                                                           (00:00.006 / 02:09.420, 1Gb)
Load /work/output/de/searchform.html                                                                 (00:00.000 / 02:09.421, 1Gb)
Load /work/output/de/SearchParameter-mii-sp-consent-provisioncodeperiod.change.history.html          (00:00.001 / 02:09.422, 1Gb)
Load /work/output/de/tbl_bck1001010.png                                                              (00:00.004 / 02:09.426, 1Gb)
Load /work/output/de/tbl_bck0515.png                                                                 (00:00.000 / 02:09.427, 1Gb)
Load /work/output/de/icon-fhir-16-grey.png                                                           (00:00.000 / 02:09.427, 1Gb)
Load /work/output/de/tbl_bck1011001.png                                                              (00:00.000 / 02:09.427, 1Gb)
Load /work/output/de/tbl_bck1111000.png                                                              (00:00.000 / 02:09.428, 1Gb)
Load /work/output/de/CodeSystem-2.16.840.1.113883.3.1937.777.24.5.3--20251211153003.html             (00:00.000 / 02:09.428, 1Gb)
Load /work/output/de/tbl_bck1011000.png                                                              (00:00.011 / 02:09.439, 1Gb)
Load /work/output/de/tbl_bck1352.png                                                                 (00:00.000 / 02:09.440, 1Gb)
Load /work/output/de/StructureDefinition-e0e166b4-0f77-478d-9062-de0034d98ce0-testing.html           (00:00.000 / 02:09.440, 1Gb)
Load /work/output/de/ValueSet-2.16.840.1.113883.3.1937.777.24.11.30--20210323234509-testing.html     (00:00.004 / 02:09.444, 1Gb)
Load /work/output/de/examples.md                                                                     (00:00.012 / 02:09.456, 425Mb)
Load /work/output/de/icon-qi-help.png                                                                (00:00.000 / 02:09.457, 425Mb)
Load /work/output/de/icon_profile.png                                                                (00:00.000 / 02:09.458, 425Mb)
Load /work/output/de/tbl_bck025.png                                                                  (00:00.000 / 02:09.458, 425Mb)
Load /work/output/de/tbl_bck0500.png                                                                 (00:00.000 / 02:09.459, 425Mb)
Load /work/output/de/tbl_bck1150.png                                                                 (00:00.000 / 02:09.459, 425Mb)
Load /work/output/de/StructureDefinition-e0e166b4-0f77-478d-9062-de0034d98ce0-mappings.html          (00:00.000 / 02:09.460, 425Mb)
Load /work/output/de/tbl_bck0000111100.png                                                           (00:00.077 / 02:09.537, 470Mb)
Load /work/output/de/SearchParameter-mii-sp-consent-provisioncode.json                               (00:00.001 / 02:09.538, 470Mb)
Load /work/output/de/tbl_bck151.png                                                                  (00:00.000 / 02:09.539, 470Mb)
Load /work/output/de/icon_page_n.gif                                                                 (00:00.000 / 02:09.539, 471Mb)
Load /work/output/de/icon-fhir-16.png                                                                (00:00.000 / 02:09.540, 471Mb)
Load /work/output/de/tbl_bck1024.png                                                                 (00:00.000 / 02:09.540, 471Mb)
Load /work/output/de/tbl_bck125241.png                                                               (00:00.000 / 02:09.541, 471Mb)
Load /work/output/de/SearchParameter-mii-sp-consent-policyuri.md                                     (00:00.000 / 02:09.541, 471Mb)
Load /work/output/de/external.png                                                                    (00:00.000 / 02:09.542, 471Mb)
Load /work/output/de/tbl_bck11101.png                                                                (00:00.000 / 02:09.542, 471Mb)
Load /work/output/de/SearchParameter-mii-sp-consent-provisionperiod.xml                              (00:00.000 / 02:09.543, 471Mb)
Load /work/output/de/tbl_bck0110.png                                                                 (00:00.000 / 02:09.543, 471Mb)
Load /work/output/de/tbl_bck1540.png                                                                 (00:00.000 / 02:09.544, 471Mb)
Load /work/output/de/artifacts.html                                                                  (00:00.000 / 02:09.544, 471Mb)
Load /work/output/de/tbl_bck13500.png                                                                (00:00.007 / 02:09.552, 479Mb)
Load /work/output/de/StructureDefinition-f675b1e8-9f3f-44e8-bb59-9681f78eb464.html                   (00:00.000 / 02:09.552, 479Mb)
Load /work/output/de/tbl_bck01110.png                                                                (00:00.162 / 02:09.715, 624Mb)
Load /work/output/de/tbl_bck0350250.png                                                              (00:00.001 / 02:09.716, 624Mb)
Load /work/output/de/tbl_bck0250250.png                                                              (00:00.001 / 02:09.717, 625Mb)
Load /work/output/de/SearchParameter-mii-sp-consent-provisionperiod.md                               (00:00.000 / 02:09.718, 625Mb)
Load /work/output/de/CodeSystem-2.16.840.1.113883.3.1937.777.24.5.2--20210423105554.json.html        (00:00.000 / 02:09.719, 625Mb)
Load /work/output/de/icon_reference.png                                                              (00:00.008 / 02:09.727, 632Mb)
Load /work/output/de/tbl_bck0112.png                                                                 (00:00.000 / 02:09.727, 632Mb)
Load /work/output/de/tbl_bck03513.png                                                                (00:00.000 / 02:09.728, 632Mb)
Load /work/output/de/tbl_bck100000.png                                                               (00:00.000 / 02:09.729, 632Mb)
Load /work/output/de/tbl_bck000000.png                                                               (00:00.001 / 02:09.730, 632Mb)
Load /work/output/de/ai.zip                                                                          (00:00.000 / 02:09.731, 632Mb)
Load /work/output/de/ImplementationGuide-mii-ig-consent.json                                         (00:00.000 / 02:09.731, 632Mb)
Load /work/output/de/tbl_bck000011110000.png                                                         (00:00.000 / 02:09.732, 632Mb)
Load /work/output/de/tbl_vjoin-closed.png                                                            (00:00.000 / 02:09.732, 632Mb)
.Load /work/output/de/CodeSystem-mii-cs-consent-version-modules-testing.html                          (00:00.000 / 02:09.732, 632Mb)
Load /work/output/de/tbl_bck1152.png                                                                 (00:00.006 / 02:09.739, 636Mb)
Load /work/output/de/SearchParameter-mii-sp-consent-provisioncodetype.md                             (00:00.000 / 02:09.739, 636Mb)
Load /work/output/de/tbl_bck0111101.png                                                              (00:00.000 / 02:09.740, 636Mb)
Load /work/output/de/SearchParameter-mii-sp-consent-provisioncode.xml                                (00:00.000 / 02:09.740, 636Mb)
Load /work/output/de/tbl_bck033.png                                                                  (00:00.001 / 02:09.741, 637Mb)
Load /work/output/de/Consent-34150a23-b1c8-404f-874f-e042a30435d2.change.history.html                (00:00.000 / 02:09.742, 637Mb)
Load /work/output/de/Consent-Example-MII-Consent-ResultType-document.change.history.html             (00:00.005 / 02:09.747, 641Mb)
Load /work/output/de/prism.js                                                                        (00:00.004 / 02:09.752, 645Mb)
Load /work/output/de/tbl_bck1350.png                                                                 (00:00.000 / 02:09.752, 645Mb)
Load /work/output/de/tbl_bck00001111110.png                                                          (00:00.000 / 02:09.753, 645Mb)
Load /work/output/de/tbl_bck00001111111.png                                                          (00:00.000 / 02:09.753, 645Mb)
Load /work/output/de/value-sets.md                                                                   (00:00.000 / 02:09.754, 645Mb)
Load /work/output/de/tbl_bck1351.png                                                                 (00:00.000 / 02:09.754, 645Mb)
Load /work/output/de/mustsupport.png                                                                 (00:00.000 / 02:09.754, 645Mb)
Load /work/output/de/icon_vd_col.png                                                                 (00:00.000 / 02:09.755, 645Mb)
Load /work/output/de/tbl_bck0111100.png                                                              (00:00.000 / 02:09.755, 646Mb)
Load /work/output/de/tbl_bck035125.png                                                               (00:00.000 / 02:09.755, 646Mb)
Load /work/output/de/StructureDefinition-f675b1e8-9f3f-44e8-bb59-9681f78eb464-testing.html           (00:00.000 / 02:09.756, 646Mb)
Load /work/output/de/tbl_bck03300.png                                                                (00:00.005 / 02:09.761, 650Mb)
Load /work/output/de/tbl_bck152.png                                                                  (00:00.000 / 02:09.762, 650Mb)
Load /work/output/de/CodeSystem-mii-cs-consent-version-modules.html                                  (00:00.000 / 02:09.762, 650Mb)
Load /work/output/de/SearchParameter-mii-sp-consent-provisiontype.xml.html                           (00:00.008 / 02:09.770, 658Mb)
Load /work/output/de/ValueSet-88464c5b-5338-4c2b-9c07-b42fef2ada64.md                                (00:00.007 / 02:09.778, 664Mb)
Load /work/output/de/tbl_bck000001.png                                                               (00:00.001 / 02:09.780, 664Mb)
Load /work/output/de/tbl_bck03512.png                                                                (00:00.000 / 02:09.781, 664Mb)
Load /work/output/de/icon_vd_select.png                                                              (00:00.000 / 02:09.781, 664Mb)
Load /work/output/de/tbl_bck1543.png                                                                 (00:00.000 / 02:09.782, 664Mb)
Load /work/output/de/SearchParameter-mii-sp-consent-provisiontype.html                               (00:00.000 / 02:09.782, 664Mb)
Load /work/output/de/guidance.html                                                                   (00:00.004 / 02:09.787, 669Mb)
Load /work/output/de/tbl_bck110010.png                                                               (00:00.007 / 02:09.795, 674Mb)
Load /work/output/de/icon-toc.png                                                                    (00:00.000 / 02:09.795, 674Mb)
Load /work/output/de/value-sets.html                                                                 (00:00.000 / 02:09.796, 674Mb)
Load /work/output/de/tbl_bck110000.png                                                               (00:00.006 / 02:09.803, 679Mb)
Load /work/output/de/DocumentReference-8a3d1799-2463-405e-b49c-6a16c8692b01.json                     (00:00.000 / 02:09.804, 679Mb)
Load /work/output/de/CodeSystem-2.16.840.1.113883.3.1937.777.24.5.3--20251211153003.xml.html         (00:00.000 / 02:09.804, 679Mb)
Load /work/output/de/icon_page_n_o.gif                                                               (00:00.078 / 02:09.883, 727Mb)
Load /work/output/de/tbl_bck000011.png                                                               (00:00.001 / 02:09.884, 727Mb)
Load /work/output/de/implementer-guidance.html                                                       (00:00.000 / 02:09.885, 727Mb)
Load /work/output/de/tbl_bck125252.png                                                               (00:00.006 / 02:09.891, 734Mb)
Load /work/output/de/uml-diagrams.md                                                                 (00:00.000 / 02:09.892, 734Mb)
Load /work/output/de/ValueSet-2.16.840.1.113883.3.1937.777.24.11.30--20210323234509.json             (00:00.000 / 02:09.892, 734Mb)
Load /work/output/de/icon-fhir-128.png                                                               (00:00.000 / 02:09.893, 734Mb)
Load /work/output/de/tbl_bck03310.png                                                                (00:00.000 / 02:09.893, 734Mb)
Load /work/output/de/index.html                                                                      (00:00.000 / 02:09.894, 734Mb)
Load /work/output/de/tbl_bck0111110.png                                                              (00:00.005 / 02:09.899, 740Mb)
Load /work/output/de/frageboegen.md                                                                  (00:00.000 / 02:09.900, 740Mb)
Load /work/output/de/tbl_vjoin.png                                                                   (00:00.000 / 02:09.901, 740Mb)
Load /work/output/de/Consent-Example-MII-Consent-ResultType-document.json.html                       (00:00.000 / 02:09.901, 740Mb)
Load /work/output/de/StructureDefinition-e0e166b4-0f77-478d-9062-de0034d98ce0-intro.md               (00:00.008 / 02:09.910, 750Mb)
Load /work/output/de/tbl_bck00001111101.png                                                          (00:00.000 / 02:09.910, 750Mb)
Load /work/output/de/tbl_vjoin_end_slice.png                                                         (00:00.000 / 02:09.911, 750Mb)
Load /work/output/de/tbl_bck1341.png                                                                 (00:00.000 / 02:09.911, 750Mb)
Load /work/output/de/tbl_bck1340.png                                                                 (00:00.000 / 02:09.912, 750Mb)
Load /work/output/de/StructureDefinition-56375452-bfa1-4111-af7c-5b5ba9a1857c.html                   (00:00.000 / 02:09.912, 750Mb)
Load /work/output/de/tbl_bck025125.png                                                               (00:00.088 / 02:10.001, 871Mb)
Load /work/output/de/CodeSystem-2.16.840.1.113883.3.1937.777.24.5.3--20251211153003.md               (00:00.000 / 02:10.002, 871Mb)
Load /work/output/de/icon-q-text.png                                                                 (00:00.000 / 02:10.002, 871Mb)
Load /work/output/de/tbl_bck00001111100.png                                                          (00:00.000 / 02:10.003, 871Mb)
Load /work/output/de/CapabilityStatement-mii-cap-consent-server.json.html                            (00:00.000 / 02:10.003, 871Mb)
Load /work/output/de/SearchParameter-mii-sp-consent-provisiontype.xml                                (00:00.012 / 02:10.016, 880Mb)
.Load /work/output/de/icon-q-display.png                                                              (00:00.001 / 02:10.018, 880Mb)
Load /work/output/de/icon-fhir-1024.png                                                              (00:00.000 / 02:10.018, 880Mb)
Load /work/output/de/tbl_bck0512.png                                                                 (00:00.000 / 02:10.019, 880Mb)
Load /work/output/de/StructureDefinition-56375452-bfa1-4111-af7c-5b5ba9a1857c.md                     (00:00.000 / 02:10.019, 880Mb)
Load /work/output/de/tbl_bck000011110010.png                                                         (00:00.001 / 02:10.021, 880Mb)
Load /work/output/de/tbl_bck143.png                                                                  (00:00.000 / 02:10.021, 880Mb)
Load /work/output/de/Consent-34150a23-b1c8-404f-874f-e042a30435d2.md                                 (00:00.000 / 02:10.021, 880Mb)
Load /work/output/de/tbl_bck03503.png                                                                (00:00.000 / 02:10.022, 880Mb)
Load /work/output/de/StructureDefinition-56375452-bfa1-4111-af7c-5b5ba9a1857c-definitions.html       (00:00.000 / 02:10.022, 880Mb)
Load /work/output/de/tbl_bck100010.png                                                               (00:00.057 / 02:10.080, 940Mb)
Load /work/output/de/tbl_bck000010.png                                                               (00:00.000 / 02:10.080, 940Mb)
Load /work/output/de/tbl_bck1552.png                                                                 (00:00.000 / 02:10.081, 940Mb)
Load /work/output/de/SearchParameter-mii-sp-consent-provisionperiod.change.history.html              (00:00.000 / 02:10.081, 940Mb)
Load /work/output/de/icon_element.gif                                                                (00:00.027 / 02:10.109, 945Mb)
Load /work/output/de/SearchParameter-mii-sp-consent-provisiontype.change.history.html                (00:00.000 / 02:10.110, 945Mb)
Load /work/output/de/tbl_bck0350240.png                                                              (00:00.004 / 02:10.114, 949Mb)
Load /work/output/de/tbl_bck13512.png                                                                (00:00.000 / 02:10.115, 949Mb)
Load /work/output/de/tbl_bck0250240.png                                                              (00:00.000 / 02:10.115, 949Mb)
Load /work/output/de/Consent-89f494a3-cd75-44f5-a78a-581dfdd47a94.change.history.html                (00:00.000 / 02:10.116, 949Mb)
Load /work/output/de/tbl_bck13510.png                                                                (00:00.004 / 02:10.120, 954Mb)
Load /work/output/de/SearchParameter-mii-sp-consent-provisioncode-testing.html                       (00:00.000 / 02:10.121, 954Mb)
Load /work/output/de/tbl_bck01100.png                                                                (00:00.004 / 02:10.126, 958Mb)
Load /work/output/de/StructureDefinition-e0e166b4-0f77-478d-9062-de0034d98ce0-examples.html          (00:00.000 / 02:10.126, 958Mb)
Load /work/output/de/SearchParameter-mii-sp-consent-policyuri-testing.html                           (00:00.004 / 02:10.131, 963Mb)
Load /work/output/de/tbl_bck0100.png                                                                 (00:00.006 / 02:10.138, 967Mb)
Load /work/output/de/tbl_bck1550.png                                                                 (00:00.000 / 02:10.138, 967Mb)
Load /work/output/de/ValueSet-2.16.840.1.113883.3.1937.777.24.11.30--20210323234509.md               (00:00.000 / 02:10.139, 967Mb)
Load /work/output/de/tbl_bck12424.png                                                                (00:00.000 / 02:10.139, 967Mb)
Load /work/output/de/tbl_bck11111.png                                                                (00:00.000 / 02:10.140, 967Mb)
Load /work/output/de/CodeSystem-mii-cs-consent-version-modules.xml.html                              (00:00.000 / 02:10.140, 967Mb)
Load /work/output/de/tbl_bck155.png                                                                  (00:00.038 / 02:10.179, 995Mb)
Load /work/output/de/tbl_bck141.png                                                                  (00:00.000 / 02:10.180, 995Mb)
Load /work/output/de/Parameters-mii-param-consent-manifest.xml                                       (00:00.000 / 02:10.180, 995Mb)
Load /work/output/de/tbl_bck0000111110.png                                                           (00:00.001 / 02:10.181, 996Mb)
Load /work/output/de/Consent-34150a23-b1c8-404f-874f-e042a30435d2.html                               (00:00.000 / 02:10.182, 996Mb)
Load /work/output/de/Consent-89f494a3-cd75-44f5-a78a-581dfdd47a94.html                               (00:00.008 / 02:10.190, 1004Mb)
Load /work/output/de/tbl_bck035.png                                                                  (00:00.006 / 02:10.197, 1011Mb)
Load /work/output/de/tbl_bck1001001.png                                                              (00:00.000 / 02:10.197, 1011Mb)
Load /work/output/de/tbl_bck0510.png                                                                 (00:00.000 / 02:10.198, 1011Mb)
Load /work/output/de/tbl_bck1140.png                                                                 (00:00.000 / 02:10.199, 1011Mb)
Load /work/output/de/CodeSystem-mii-cs-consent-version-modules.md                                    (00:00.000 / 02:10.199, 1011Mb)
Load /work/output/de/tbl_bck1111010.png                                                              (00:00.000 / 02:10.199, 1011Mb)
Load /work/output/de/tbl_bck1011010.png                                                              (00:00.000 / 02:10.199, 1011Mb)
Load /work/output/de/tbl_bck1424.png                                                                 (00:00.000 / 02:10.200, 1011Mb)
Load /work/output/de/icon-resource.png                                                               (00:00.000 / 02:10.200, 1011Mb)
Load /work/output/de/icon_text.png                                                                   (00:00.000 / 02:10.200, 1011Mb)
Load /work/output/de/toc.html                                                                        (00:00.000 / 02:10.201, 1011Mb)
Load /work/output/de/SearchParameter-mii-sp-consent-provisioncodeperiod.xml                          (00:00.017 / 02:10.218, 1022Mb)
Load /work/output/de/Consent-34150a23-b1c8-404f-874f-e042a30435d2.xml                                (00:00.000 / 02:10.219, 1022Mb)
Load /work/output/de/Provenance-55219d12-6245-4de4-8b50-ddf6f16a789b.html                            (00:00.002 / 02:10.222, 1Gb)
Load /work/output/de/icon-type-operation.png                                                         (00:00.007 / 02:10.229, 1Gb)
Load /work/output/de/tbl_vjoin_slicer.png                                                            (00:00.000 / 02:10.230, 1Gb)
Load /work/output/de/icon_bundle.png                                                                 (00:00.000 / 02:10.230, 1Gb)
Load /work/output/de/tbl_bck1001000.png                                                              (00:00.000 / 02:10.231, 1Gb)
Load /work/output/de/tbl_bck0505.png                                                                 (00:00.000 / 02:10.231, 1Gb)
Load /work/output/de/Consent-5143266b-8d60-4b28-8ee9-635140ffa5bb.xml                                (00:00.000 / 02:10.231, 1Gb)
Load /work/output/de/StructureDefinition-e0e166b4-0f77-478d-9062-de0034d98ce0-definitions.html       (00:00.005 / 02:10.237, 1Gb)
Load /work/output/de/tbl_vjoin_end_slicer-closed.png                                                 (00:00.285 / 02:10.523, 471Mb)
Load /work/output/de/tbl_bck0000111111.png                                                           (00:00.001 / 02:10.524, 471Mb)
Load /work/output/de/tbl_bck125250.png                                                               (00:00.000 / 02:10.525, 471Mb)
Load /work/output/de/tbl_bck140.png                                                                  (00:00.000 / 02:10.526, 471Mb)
.Load /work/output/de/changes.html                                                                    (00:00.000 / 02:10.526, 471Mb)
Load /work/output/de/icon-qi-subject.png                                                             (00:00.007 / 02:10.533, 478Mb)
Load /work/output/de/tbl_bck11110.png                                                                (00:00.000 / 02:10.534, 478Mb)
Load /work/output/de/StructureDefinition-56375452-bfa1-4111-af7c-5b5ba9a1857c.profile.history.html   (00:00.000 / 02:10.534, 478Mb)
Load /work/output/de/ValueSet-88464c5b-5338-4c2b-9c07-b42fef2ada64.json                              (00:00.005 / 02:10.540, 482Mb)
Load /work/output/de/tbl_bck03500.png                                                                (00:00.000 / 02:10.541, 482Mb)
Load /work/output/de/ValueSet-88464c5b-5338-4c2b-9c07-b42fef2ada64.xml.html                          (00:00.000 / 02:10.542, 482Mb)
Load /work/output/de/icon_extension_complex.png                                                      (00:00.007 / 02:10.549, 489Mb)
Load /work/output/de/lock.png                                                                        (00:00.000 / 02:10.550, 489Mb)
Load /work/output/de/ValueSet-2.16.840.1.113883.3.1937.777.24.11.30--20210323234509.xml.html         (00:00.000 / 02:10.550, 489Mb)
Load /work/output/de/tbl_bck0101.png                                                                 (00:00.019 / 02:10.570, 499Mb)
Load /work/output/de/tbl_bck01101.png                                                                (00:00.001 / 02:10.571, 499Mb)
Load /work/output/de/SearchParameter-mii-sp-consent-policyuri.change.history.html                    (00:00.001 / 02:10.572, 499Mb)
Load /work/output/de/tbl_vjoin_slicer-closed.png                                                     (00:00.005 / 02:10.577, 504Mb)
Load /work/output/de/SearchParameter-mii-sp-consent-provisioncodeperiod.html                         (00:00.000 / 02:10.577, 504Mb)
Load /work/output/de/CodeSystem-2.16.840.1.113883.3.1937.777.24.5.3--20251211153003.change.history.html (00:00.005 / 02:10.583, 509Mb)
Load /work/output/de/tbl_bck011110000.png                                                            (00:00.008 / 02:10.591, 513Mb)
Load /work/output/de/tbl_bck1250.png                                                                 (00:00.000 / 02:10.591, 513Mb)
Load /work/output/de/tbl_bck00001111010.png                                                          (00:00.000 / 02:10.591, 513Mb)
Load /work/output/de/tbl_bck133.png                                                                  (00:00.000 / 02:10.592, 513Mb)
Load /work/output/de/icon-fhir-48.png                                                                (00:00.000 / 02:10.592, 513Mb)
Load /work/output/de/icon-q-date.png                                                                 (00:00.000 / 02:10.593, 513Mb)
Load /work/output/de/CapabilityStatement-mii-cap-consent-server.json                                 (00:00.000 / 02:10.593, 513Mb)
Load /work/output/de/tbl_bck100100.png                                                               (00:00.000 / 02:10.593, 513Mb)
Load /work/output/de/DocumentReference-8a3d1799-2463-405e-b49c-6a16c8692b01.xml.html                 (00:00.000 / 02:10.594, 513Mb)
Load /work/output/de/tbl_bck000100.png                                                               (00:00.005 / 02:10.599, 519Mb)
Load /work/output/de/profiles.md                                                                     (00:00.000 / 02:10.600, 519Mb)
Load /work/output/de/tree-filter.png                                                                 (00:00.000 / 02:10.600, 519Mb)
Load /work/output/de/Parameters-mii-param-consent-manifest.html                                      (00:00.000 / 02:10.601, 519Mb)
Load /work/output/de/tbl_bck1330.png                                                                 (00:00.008 / 02:10.609, 525Mb)
Load /work/output/de/icon-not-selected.png                                                           (00:00.000 / 02:10.610, 525Mb)
Load /work/output/de/icon_choice.gif                                                                 (00:00.000 / 02:10.610, 525Mb)
Load /work/output/de/tbl_bck010110.png                                                               (00:00.000 / 02:10.611, 525Mb)
Load /work/output/de/icon_page-child.gif                                                             (00:00.000 / 02:10.611, 525Mb)
Load /work/output/de/tbl_bck110110.png                                                               (00:00.000 / 02:10.612, 525Mb)
Load /work/output/de/StructureDefinition-56375452-bfa1-4111-af7c-5b5ba9a1857c-testing.html           (00:00.000 / 02:10.612, 525Mb)
Load /work/output/de/DocumentReference-8a3d1799-2463-405e-b49c-6a16c8692b01.xml                      (00:00.006 / 02:10.619, 530Mb)
Load /work/output/de/Consent-34150a23-b1c8-404f-874f-e042a30435d2.xml.html                           (00:00.000 / 02:10.619, 530Mb)
Load /work/output/de/tbl_vjoin_end_slicer-open.png                                                   (00:00.013 / 02:10.633, 544Mb)
Load /work/output/de/icon-change-remove.png                                                          (00:00.000 / 02:10.633, 544Mb)
Load /work/output/de/link.svg                                                                        (00:00.000 / 02:10.634, 544Mb)
Load /work/output/de/tbl_bck100101.png                                                               (00:00.000 / 02:10.634, 544Mb)
Load /work/output/de/icon_modifier_extension_simple.png                                              (00:00.000 / 02:10.635, 544Mb)
Load /work/output/de/StructureDefinition-e0e166b4-0f77-478d-9062-de0034d98ce0.md                     (00:00.000 / 02:10.635, 544Mb)
Load /work/output/de/StructureDefinition-f675b1e8-9f3f-44e8-bb59-9681f78eb464-definitions.html       (00:00.000 / 02:10.635, 544Mb)
Load /work/output/de/tbl_bck035025.png                                                               (00:00.104 / 02:10.740, 621Mb)
Load /work/output/de/tbl_bck10240.png                                                                (00:00.000 / 02:10.741, 621Mb)
Load /work/output/de/logical-models.html                                                             (00:00.000 / 02:10.741, 621Mb)
Load /work/output/de/StructureDefinition-56375452-bfa1-4111-af7c-5b5ba9a1857c.profile.json.html      (00:00.008 / 02:10.750, 626Mb)
Load /work/output/de/guidance.md                                                                     (00:00.119 / 02:10.869, 701Mb)
Load /work/output/de/StructureDefinition-f675b1e8-9f3f-44e8-bb59-9681f78eb464.profile.json.html      (00:00.000 / 02:10.870, 701Mb)
Load /work/output/de/tbl_bck1251.png                                                                 (00:00.109 / 02:10.980, 777Mb)
Load /work/output/de/icon-qi-vertical.png                                                            (00:00.000 / 02:10.980, 777Mb)
Load /work/output/de/implementer-guidance.md                                                         (00:00.000 / 02:10.981, 777Mb)
Load /work/output/de/ValueSet-2.16.840.1.113883.3.1937.777.24.11.36--20230331232804.json             (00:00.000 / 02:10.981, 777Mb)
Load /work/output/de/Provenance-55219d12-6245-4de4-8b50-ddf6f16a789b.change.history.html             (00:00.000 / 02:10.982, 777Mb)
Load /work/output/de/tbl_bck1253.png                                                                 (00:00.011 / 02:10.994, 782Mb)
Load /work/output/de/icon-change-edit.png                                                            (00:00.000 / 02:10.994, 782Mb)
Load /work/output/de/tbl_bck000011110.png                                                            (00:00.000 / 02:10.995, 782Mb)
Load /work/output/de/Provenance-55219d12-6245-4de4-8b50-ddf6f16a789b.xml.html                        (00:00.000 / 02:10.995, 782Mb)
Load /work/output/de/tbl_bck0000111001.png                                                           (00:00.011 / 02:11.007, 789Mb)
.Load /work/output/de/tbl_bck0000111110110.png                                                        (00:00.000 / 02:11.008, 789Mb)
Load /work/output/de/Consent-89f494a3-cd75-44f5-a78a-581dfdd47a94.xml.html                           (00:00.000 / 02:11.008, 789Mb)
Load /work/output/de/tbl_bck124.png                                                                  (00:00.014 / 02:11.022, 801Mb)
Load /work/output/de/tbl_bck130.png                                                                  (00:00.000 / 02:11.023, 801Mb)
Load /work/output/de/tbl_bck11000.png                                                                (00:00.000 / 02:11.023, 801Mb)
Load /work/output/de/tbl_bck03410.png                                                                (00:00.000 / 02:11.024, 801Mb)
Load /work/output/de/tbl_bck12535.png                                                                (00:00.000 / 02:11.024, 801Mb)
Load /work/output/de/tbl_bck125340.png                                                               (00:00.000 / 02:11.024, 801Mb)
Load /work/output/de/tbl_bck1125.png                                                                 (00:00.000 / 02:11.025, 801Mb)
Load /work/output/de/tbl_bck050.png                                                                  (00:00.000 / 02:11.025, 801Mb)
Load /work/output/de/tbl_bck01011.png                                                                (00:00.000 / 02:11.026, 801Mb)
Load /work/output/de/tbl_vjoin_end_slicer.png                                                        (00:00.000 / 02:11.026, 801Mb)
Load /work/output/de/CapabilityStatement-mii-cap-consent-server-testing.html                         (00:00.000 / 02:11.027, 801Mb)
Load /work/output/de/tbl-open.png                                                                    (00:00.007 / 02:11.034, 805Mb)
Load /work/output/de/tbl_bck0011.png                                                                 (00:00.000 / 02:11.035, 805Mb)
Load /work/output/de/SearchParameter-mii-sp-consent-provisionperiod.json.html                        (00:00.000 / 02:11.035, 805Mb)
Load /work/output/de/tbl_bck0010.png                                                                 (00:00.013 / 02:11.049, 811Mb)
Load /work/output/de/icon-qi-hidden.png                                                              (00:00.002 / 02:11.052, 811Mb)
Load /work/output/de/tbl_bck13400.png                                                                (00:00.001 / 02:11.053, 811Mb)
Load /work/output/de/tbl_bck01010.png                                                                (00:00.000 / 02:11.054, 811Mb)
Load /work/output/de/Consent-Example-MII-Consent-ResultType-document.html                            (00:00.000 / 02:11.055, 811Mb)
Load /work/output/de/icon-warning.png                                                                (00:00.007 / 02:11.063, 818Mb)
Load /work/output/de/tbl_bck051.png                                                                  (00:00.000 / 02:11.063, 818Mb)
Load /work/output/de/tbl_bck1124.png                                                                 (00:00.000 / 02:11.064, 818Mb)
Load /work/output/de/SearchParameter-mii-sp-consent-provisionperiod.json                             (00:00.000 / 02:11.064, 818Mb)
Load /work/output/de/security-and-privacy.md                                                         (00:00.000 / 02:11.064, 818Mb)
Load /work/output/de/SearchParameter-mii-sp-consent-provisioncodetype.xml                            (00:00.000 / 02:11.065, 818Mb)
Load /work/output/de/tbl_vjoin_slice-open.png                                                        (00:00.000 / 02:11.065, 818Mb)
Load /work/output/de/tbl_bck11001.png                                                                (00:00.000 / 02:11.066, 818Mb)
Load /work/output/de/uml-diagrams.html                                                               (00:00.000 / 02:11.066, 818Mb)
Load /work/output/de/tbl_bck125.png                                                                  (00:00.013 / 02:11.079, 824Mb)
Load /work/output/de/tbl_bck0400.png                                                                 (00:00.000 / 02:11.080, 824Mb)
Load /work/output/de/tbl_bck1050.png                                                                 (00:00.000 / 02:11.080, 824Mb)
Load /work/output/de/tbl_bck0000111000.png                                                           (00:00.000 / 02:11.081, 824Mb)
Load /work/output/de/tbl_vjoin-open.png                                                              (00:00.000 / 02:11.081, 824Mb)
Load /work/output/de/icon_vd_view.png                                                                (00:00.000 / 02:11.082, 824Mb)
Load /work/output/de/StructureDefinition-f675b1e8-9f3f-44e8-bb59-9681f78eb464-intro.md               (00:00.000 / 02:11.082, 824Mb)
Load /work/output/de/icon_datatype.gif                                                               (00:00.000 / 02:11.083, 824Mb)
Load /work/output/de/tbl_bck000011111.png                                                            (00:00.000 / 02:11.083, 824Mb)
Load /work/output/de/alert.jpg                                                                       (00:00.000 / 02:11.083, 824Mb)
Load /work/output/de/tbl_vjoin_end_slice-open.png                                                    (00:00.000 / 02:11.084, 824Mb)
Load /work/output/de/tbl_bck1011100.png                                                              (00:00.000 / 02:11.085, 824Mb)
Load /work/output/de/tbl_bck1252.png                                                                 (00:00.000 / 02:11.085, 824Mb)
Load /work/output/de/Consent-5143266b-8d60-4b28-8ee9-635140ffa5bb.json.html                          (00:00.000 / 02:11.085, 824Mb)
Load /work/output/de/Parameters-mii-param-consent-manifest.json.html                                 (00:00.026 / 02:11.112, 849Mb)
Load /work/output/de/tbl_bck1011110.png                                                              (00:00.009 / 02:11.122, 856Mb)
Load /work/output/de/icon_slice.png                                                                  (00:00.000 / 02:11.123, 856Mb)
Load /work/output/de/tbl_bck0000111010.png                                                           (00:00.000 / 02:11.123, 856Mb)
Load /work/output/de/icon-directory.gif                                                              (00:00.000 / 02:11.124, 856Mb)
Load /work/output/de/tbl_bck000011101.png                                                            (00:00.000 / 02:11.124, 856Mb)
Load /work/output/de/icon-q-datetime.png                                                             (00:00.000 / 02:11.125, 856Mb)
Load /work/output/de/DocumentReference-8a3d1799-2463-405e-b49c-6a16c8692b01.json.html                (00:00.000 / 02:11.125, 856Mb)
Load /work/output/de/tbl_bck135.png                                                                  (00:00.007 / 02:11.133, 861Mb)
Load /work/output/de/tbl_bck0410.png                                                                 (00:00.000 / 02:11.134, 862Mb)
Load /work/output/de/tbl_bck1040.png                                                                 (00:00.000 / 02:11.134, 862Mb)
Load /work/output/de/tbl_bck11011.png                                                                (00:00.000 / 02:11.135, 862Mb)
Load /work/output/de/tbl_bck041.png                                                                  (00:00.000 / 02:11.135, 862Mb)
Load /work/output/de/CodeSystem-2.16.840.1.113883.3.1937.777.24.5.2--20210423105554-testing.html     (00:00.000 / 02:11.136, 862Mb)
Load /work/output/de/SearchParameter-mii-sp-consent-provisioncodetype.json                           (00:00.003 / 02:11.139, 866Mb)
Load /work/output/de/tbl_bck13410.png                                                                (00:00.000 / 02:11.140, 866Mb)
Load /work/output/de/tbl_bck01000.png                                                                (00:00.000 / 02:11.140, 866Mb)
.Load /work/output/de/icon-q-item.png                                                                 (00:00.000 / 02:11.141, 866Mb)
Load /work/output/de/tbl_bck0000.png                                                                 (00:00.000 / 02:11.141, 866Mb)
Load /work/output/de/tbl_bck0001.png                                                                 (00:00.000 / 02:11.142, 866Mb)
Load /work/output/de/tbl_bck125350.png                                                               (00:00.000 / 02:11.143, 866Mb)
Load /work/output/de/tbl_bck040.png                                                                  (00:00.000 / 02:11.143, 866Mb)
Load /work/output/de/StructureDefinition-e0e166b4-0f77-478d-9062-de0034d98ce0.profile.history.html   (00:00.000 / 02:11.144, 866Mb)
Load /work/output/de/tbl_bck11010.png                                                                (00:00.003 / 02:11.148, 871Mb)
Load /work/output/de/tbl_bck03400.png                                                                (00:00.000 / 02:11.148, 871Mb)
Load /work/output/de/artifacts.md                                                                    (00:00.000 / 02:11.148, 871Mb)
Load /work/output/de/tbl_bck12525.png                                                                (00:00.000 / 02:11.148, 871Mb)
Load /work/output/de/tbl_bck0000111110100.png                                                        (00:00.000 / 02:11.149, 871Mb)
Load /work/output/de/tbl_bck134.png                                                                  (00:00.000 / 02:11.149, 871Mb)
Load /work/output/de/tbl_bck120.png                                                                  (00:00.000 / 02:11.149, 871Mb)
Load /work/output/de/tbl_bck000011100.png                                                            (00:00.000 / 02:11.150, 871Mb)
Load /work/output/de/tbl_bck0000111011.png                                                           (00:00.000 / 02:11.150, 871Mb)
Load /work/output/de/ValueSet-2.16.840.1.113883.3.1937.777.24.11.30--20210323234509.xml              (00:00.000 / 02:11.150, 871Mb)
Load /work/output/de/SearchParameter-mii-sp-consent-provisioncode.change.history.html                (00:00.000 / 02:11.151, 872Mb)
Load /work/output/de/icon_primitive.png                                                              (00:00.003 / 02:11.155, 876Mb)
Load /work/output/de/tbl_bck1243.png                                                                 (00:00.000 / 02:11.155, 876Mb)
Load /work/output/de/cc0.png                                                                         (00:00.000 / 02:11.156, 876Mb)
Load /work/output/de/tbl_vjoin_end_slice-closed.png                                                  (00:00.000 / 02:11.156, 876Mb)
Load /work/output/de/icon-q-open-choice.png                                                          (00:00.000 / 02:11.156, 876Mb)
Load /work/output/de/target.png                                                                      (00:00.000 / 02:11.157, 876Mb)
Load /work/output/de/search-parameters.md                                                            (00:00.000 / 02:11.158, 876Mb)
Load /work/output/de/tbl_bck00001111001.png                                                          (00:00.000 / 02:11.158, 876Mb)
Load /work/output/de/capability-statements.md                                                        (00:00.000 / 02:11.158, 876Mb)
Load /work/output/de/icon_q_root.gif                                                                 (00:00.000 / 02:11.159, 876Mb)
Load /work/output/de/tbl_bck1241.png                                                                 (00:00.000 / 02:11.159, 876Mb)
Load /work/output/de/tbl_bck10250.png                                                                (00:00.000 / 02:11.159, 876Mb)
Load /work/output/de/icon-q-quantity.png                                                             (00:00.000 / 02:11.160, 876Mb)
Load /work/output/de/information.png                                                                 (00:00.000 / 02:11.160, 876Mb)
Load /work/output/de/CodeSystem-mii-cs-consent-version-modules.json.html                             (00:00.000 / 02:11.161, 876Mb)
Load /work/output/de/tbl_vjoin_end-open.png                                                          (00:00.014 / 02:11.176, 894Mb)
Load /work/output/de/tbl_bck125352.png                                                               (00:00.000 / 02:11.176, 894Mb)
Load /work/output/de/tbl_bck010100.png                                                               (00:00.000 / 02:11.177, 894Mb)
Load /work/output/de/ValueSet-88464c5b-5338-4c2b-9c07-b42fef2ada64-testing.html                      (00:00.000 / 02:11.177, 894Mb)
Load /work/output/de/tbl_bck110100.png                                                               (00:00.003 / 02:11.181, 899Mb)
Load /work/output/de/icon-qi-security.bmp                                                            (00:00.000 / 02:11.181, 899Mb)
Load /work/output/de/SearchParameter-mii-sp-consent-policyuri.html                                   (00:00.000 / 02:11.182, 899Mb)
Load /work/output/de/tbl_vjoin_end-closed.png                                                        (00:00.003 / 02:11.186, 904Mb)
Load /work/output/de/tbl_bck1320.png                                                                 (00:00.000 / 02:11.186, 904Mb)
Load /work/output/de/icon-include.png                                                                (00:00.000 / 02:11.186, 904Mb)
Load /work/output/de/CodeSystem-mii-cs-consent-version-modules.xml                                   (00:00.000 / 02:11.187, 904Mb)
Load /work/output/de/tbl_bck100110.png                                                               (00:00.003 / 02:11.190, 907Mb)
Load /work/output/de/ValueSet-2.16.840.1.113883.3.1937.777.24.11.30--20210323234509.json.html        (00:00.001 / 02:11.192, 907Mb)
Load /work/output/de/CodeSystem-2.16.840.1.113883.3.1937.777.24.5.2--20210423105554.html             (00:00.009 / 02:11.201, 915Mb)
Load /work/output/de/tbl_bck000110.png                                                               (00:00.005 / 02:11.207, 920Mb)
Load /work/output/de/icon-fhir-64.png                                                                (00:00.000 / 02:11.208, 920Mb)
Load /work/output/de/icon_reuse.png                                                                  (00:00.000 / 02:11.208, 920Mb)
Load /work/output/de/tbl_bck1240.png                                                                 (00:00.000 / 02:11.209, 920Mb)
Load /work/output/de/Consent-Example-MII-Consent-ResultType-document.md                              (00:00.000 / 02:11.209, 920Mb)
Load /work/output/de/tbl_bck025025.png                                                               (00:00.000 / 02:11.210, 920Mb)
Load /work/output/de/icon_extension_simple.png                                                       (00:00.000 / 02:11.210, 920Mb)
Load /work/output/de/StructureDefinition-e0e166b4-0f77-478d-9062-de0034d98ce0.profile.json.html      (00:00.000 / 02:11.211, 920Mb)
Load /work/output/de/StructureDefinition-e0e166b4-0f77-478d-9062-de0034d98ce0.json                   (00:00.182 / 02:11.393, 1Gb)
Load /work/output/de/icon-q-decimal.png                                                              (00:00.000 / 02:11.394, 1Gb)
Load /work/output/de/tbl_bck011110010.png                                                            (00:00.000 / 02:11.394, 1Gb)
Load /work/output/de/icon_vd_foreach.png                                                             (00:00.000 / 02:11.395, 1Gb)
Load /work/output/de/icon-q-boolean.png                                                              (00:00.000 / 02:11.395, 1Gb)
Load /work/output/de/downloads.html                                                                  (00:00.000 / 02:11.396, 1Gb)
Load /work/output/de/tbl_bck025000.png                                                               (00:00.004 / 02:11.400, 1Gb)
.Load /work/output/de/CodeSystem-2.16.840.1.113883.3.1937.777.24.5.2--20210423105554.json             (00:00.000 / 02:11.400, 1Gb)
Load /work/output/de/frageboegen.html                                                                (00:00.000 / 02:11.401, 1Gb)
Load /work/output/de/tbl_bck0110100.png                                                              (00:00.004 / 02:11.405, 1Gb)
Load /work/output/de/icon_page.gif                                                                   (00:00.000 / 02:11.405, 1Gb)
Load /work/output/de/Consent-Example-MII-Consent-ResultType-document.xml                             (00:00.000 / 02:11.406, 1Gb)
Load /work/output/de/tbl_bck1.png                                                                    (00:00.002 / 02:11.408, 1Gb)
Load /work/output/de/tbl_bck0000111.png                                                              (00:00.000 / 02:11.408, 1Gb)
Load /work/output/de/tbl_bck112.png                                                                  (00:00.000 / 02:11.409, 1Gb)
Load /work/output/de/tbl_bck0351.png                                                                 (00:00.000 / 02:11.410, 1Gb)
Load /work/output/de/tbl_bck111010.png                                                               (00:00.000 / 02:11.410, 1Gb)
Load /work/output/de/tbl_bck011010.png                                                               (00:00.000 / 02:11.410, 1Gb)
Load /work/output/de/StructureDefinition-56375452-bfa1-4111-af7c-5b5ba9a1857c-intro.md               (00:00.000 / 02:11.411, 1Gb)
Load /work/output/de/icon-qi-optional.png                                                            (00:00.000 / 02:11.411, 1Gb)
Load /work/output/de/tbl_vjoin_slice-closed.png                                                      (00:00.000 / 02:11.412, 1Gb)
Load /work/output/de/StructureDefinition-e0e166b4-0f77-478d-9062-de0034d98ce0.html                   (00:00.000 / 02:11.412, 1Gb)
Load /work/output/de/SearchParameter-mii-sp-consent-provisioncodetype.xml.html                       (00:00.395 / 02:11.808, 671Mb)
Load /work/output/de/StructureDefinition-e0e166b4-0f77-478d-9062-de0034d98ce0.xml                    (00:00.007 / 02:11.816, 678Mb)
Load /work/output/de/tbl_bck001001.png                                                               (00:00.045 / 02:11.861, 729Mb)
Load /work/output/de/tbl_bck02512.png                                                                (00:00.000 / 02:11.862, 729Mb)
Load /work/output/de/SearchParameter-mii-sp-consent-provisiontype-testing.html                       (00:00.000 / 02:11.862, 729Mb)
Load /work/output/de/DocumentReference-8a3d1799-2463-405e-b49c-6a16c8692b01.change.history.html      (00:00.005 / 02:11.868, 734Mb)
Load /work/output/de/SearchParameter-mii-sp-consent-provisioncode.md                                 (00:00.006 / 02:11.875, 738Mb)
Load /work/output/de/ImplementationGuide-mii-ig-consent.md                                           (00:00.001 / 02:11.876, 738Mb)
Load /work/output/de/tbl_bck02513.png                                                                (00:00.001 / 02:11.877, 738Mb)
Load /work/output/de/SearchParameter-mii-sp-consent-provisioncodetype.json.html                      (00:00.000 / 02:11.878, 738Mb)
Load /work/output/de/tbl_bck001000.png                                                               (00:00.008 / 02:11.886, 744Mb)
Load /work/output/de/icon-qi-observation.png                                                         (00:00.000 / 02:11.887, 744Mb)
Load /work/output/de/tbl_bck101000.png                                                               (00:00.000 / 02:11.887, 744Mb)
Load /work/output/de/ValueSet-2.16.840.1.113883.3.1937.777.24.11.36--20230331232804.json.html        (00:00.000 / 02:11.888, 744Mb)
Load /work/output/de/tbl_bck1112.png                                                                 (00:00.006 / 02:11.894, 750Mb)
Load /work/output/de/tbl_vjoin_slicer-open.png                                                       (00:00.000 / 02:11.895, 750Mb)
Load /work/output/de/tbl_bck00112.png                                                                (00:00.000 / 02:11.895, 750Mb)
Load /work/output/de/tbl_bck0251250.png                                                              (00:00.000 / 02:11.896, 750Mb)
Load /work/output/de/tbl_bck0351250.png                                                              (00:00.000 / 02:11.896, 750Mb)
Load /work/output/de/tbl_bck011011.png                                                               (00:00.000 / 02:11.897, 750Mb)
Load /work/output/de/CapabilityStatement-mii-cap-consent-server.xml.html                             (00:00.000 / 02:11.897, 750Mb)
Load /work/output/de/tbl_bck113.png                                                                  (00:00.047 / 02:11.944, 761Mb)
Load /work/output/de/tbl_bck0000110.png                                                              (00:00.000 / 02:11.945, 761Mb)
Load /work/output/de/tbl_bck0350.png                                                                 (00:00.000 / 02:11.946, 761Mb)
Load /work/output/de/tbl_bck10010000.png                                                             (00:00.000 / 02:11.946, 761Mb)
Load /work/output/de/tbl_bck00001110110.png                                                          (00:00.000 / 02:11.947, 761Mb)
Load /work/output/de/tbl_bck10110000.png                                                             (00:00.000 / 02:11.948, 761Mb)
Load /work/output/de/SearchParameter-mii-sp-consent-policyuri.json                                   (00:00.000 / 02:11.949, 761Mb)
Load /work/output/de/tbl_bck0.png                                                                    (00:00.000 / 02:11.949, 761Mb)
Load /work/output/de/tbl_bck00001001.png                                                             (00:00.000 / 02:11.950, 761Mb)
Load /work/output/de/icon-change-add.png                                                             (00:00.000 / 02:11.950, 761Mb)
Load /work/output/de/tbl_bck000011111000.png                                                         (00:00.000 / 02:11.951, 761Mb)
Load /work/output/de/SearchParameter-mii-sp-consent-provisioncodeperiod.md                           (00:00.000 / 02:11.951, 761Mb)
Load /work/output/de/icon-page.png                                                                   (00:00.000 / 02:11.952, 761Mb)
Load /work/output/de/tbl_bck1500.png                                                                 (00:00.000 / 02:11.953, 761Mb)
Load /work/output/de/ValueSet-88464c5b-5338-4c2b-9c07-b42fef2ada64.json.html                         (00:00.000 / 02:11.953, 761Mb)
Load /work/output/de/SearchParameter-mii-sp-consent-provisioncodetype-testing.html                   (00:00.005 / 02:11.959, 767Mb)
Load /work/output/de/profiles.html                                                                   (00:00.005 / 02:11.964, 772Mb)
Load /work/output/de/StructureDefinition-f675b1e8-9f3f-44e8-bb59-9681f78eb464.profile.xml.html       (00:00.005 / 02:11.970, 777Mb)
Load /work/output/de/tbl_bck105.png                                                                  (00:00.113 / 02:12.083, 899Mb)
Load /work/output/de/tbl_bck01101100.png                                                             (00:00.000 / 02:12.084, 899Mb)
Load /work/output/de/tbl_bck111.png                                                                  (00:00.000 / 02:12.084, 899Mb)
Load /work/output/de/tbl_vline_slice.png                                                             (00:00.000 / 02:12.085, 899Mb)
Load /work/output/de/tbl_bck05040.png                                                                (00:00.000 / 02:12.085, 899Mb)
Load /work/output/de/tbl_bck0251252.png                                                              (00:00.000 / 02:12.086, 899Mb)
Load /work/output/de/tbl_bck00110.png                                                                (00:00.000 / 02:12.086, 899Mb)
.Load /work/output/de/tbl_bck12500.png                                                                (00:00.000 / 02:12.087, 899Mb)
Load /work/output/de/tbl_bck0351252.png                                                              (00:00.000 / 02:12.087, 899Mb)
Load /work/output/de/icon_fixed.gif                                                                  (00:00.000 / 02:12.088, 899Mb)
Load /work/output/de/tbl_bck1110.png                                                                 (00:00.000 / 02:12.088, 899Mb)
Load /work/output/de/security-and-privacy.html                                                       (00:00.000 / 02:12.089, 899Mb)
Load /work/output/de/tbl_bck10101.png                                                                (00:00.014 / 02:12.103, 905Mb)
Load /work/output/de/SearchParameter-mii-sp-consent-policyuri.xml.html                               (00:00.001 / 02:12.104, 905Mb)
Load /work/output/de/SearchParameter-mii-sp-consent-provisioncodeperiod.json.html                    (00:00.022 / 02:12.127, 911Mb)
Load /work/output/de/help.png                                                                        (00:00.026 / 02:12.153, 917Mb)
Load /work/output/de/StructureDefinition-f675b1e8-9f3f-44e8-bb59-9681f78eb464.xml                    (00:00.001 / 02:12.154, 917Mb)
Load /work/output/de/tbl_bck02510.png                                                                (00:00.021 / 02:12.176, 931Mb)
Load /work/output/de/modifier.png                                                                    (00:00.000 / 02:12.177, 931Mb)
Load /work/output/de/tbl_bck10100.png                                                                (00:00.000 / 02:12.178, 931Mb)
Load /work/output/de/icon-key.png                                                                    (00:00.000 / 02:12.178, 931Mb)
Load /work/output/de/tbl_bck15050.png                                                                (00:00.000 / 02:12.179, 931Mb)
Load /work/output/de/icon-q-integer.png                                                              (00:00.000 / 02:12.180, 931Mb)
Load /work/output/de/tbl_bck1111.png                                                                 (00:00.000 / 02:12.180, 931Mb)
Load /work/output/de/StructureDefinition-56375452-bfa1-4111-af7c-5b5ba9a1857c-examples.html          (00:00.000 / 02:12.181, 931Mb)
Load /work/output/de/tbl_bck00111.png                                                                (00:00.004 / 02:12.186, 936Mb)
Load /work/output/de/Consent-89f494a3-cd75-44f5-a78a-581dfdd47a94.xml                                (00:00.000 / 02:12.186, 936Mb)
Load /work/output/de/SearchParameter-mii-sp-consent-provisiontype.md                                 (00:00.002 / 02:12.188, 938Mb)
Load /work/output/de/tbl_bck110.png                                                                  (00:00.000 / 02:12.188, 938Mb)
Load /work/output/de/tbl_bck104.png                                                                  (00:00.000 / 02:12.189, 938Mb)
Load /work/output/de/SearchParameter-mii-sp-consent-provisioncodeperiod.xml.html                     (00:00.000 / 02:12.189, 938Mb)
Load /work/output/de/index.md                                                                        (00:00.008 / 02:12.197, 944Mb)
Load /work/output/de/tbl_bck1515.png                                                                 (00:00.000 / 02:12.198, 944Mb)
Load /work/output/de/CodeSystem-2.16.840.1.113883.3.1937.777.24.5.2--20210423105554.xml              (00:00.000 / 02:12.198, 944Mb)
Load /work/output/de/tbl-closed.png                                                                  (00:00.000 / 02:12.199, 945Mb)
Load /work/output/de/tbl_bck000010010.png                                                            (00:00.000 / 02:12.200, 945Mb)
Load /work/output/de/version-history.md                                                              (00:00.000 / 02:12.200, 945Mb)
Load /work/output/de/SearchParameter-mii-sp-consent-provisioncodetype.html                           (00:00.000 / 02:12.200, 945Mb)
Load /work/output/de/icon-dictionary.png                                                             (00:00.004 / 02:12.205, 950Mb)
Load /work/output/de/Consent-Example-MII-Consent-ResultType-document.json                            (00:00.000 / 02:12.206, 950Mb)
Load /work/output/de/tbl_bck000010000.png                                                            (00:00.000 / 02:12.206, 950Mb)
Load /work/output/de/SearchParameter-mii-sp-consent-provisionperiod.html                             (00:00.000 / 02:12.206, 950Mb)
Load /work/output/de/StructureDefinition-56375452-bfa1-4111-af7c-5b5ba9a1857c-mappings.html          (00:00.005 / 02:12.211, 955Mb)
Load /work/output/de/tbl_bck1505.png                                                                 (00:00.035 / 02:12.247, 988Mb)
Load /work/output/de/CodeSystem-2.16.840.1.113883.3.1937.777.24.5.2--20210423105554.md               (00:00.000 / 02:12.248, 988Mb)
Load /work/output/de/tbl_bck100.png                                                                  (00:00.000 / 02:12.248, 988Mb)
Load /work/output/de/tbl_bck12511.png                                                                (00:00.000 / 02:12.248, 988Mb)
Load /work/output/de/tbl_bck00101.png                                                                (00:00.000 / 02:12.249, 988Mb)
Load /work/output/de/translationinfo.md                                                              (00:00.000 / 02:12.249, 988Mb)
Load /work/output/de/SearchParameter-mii-sp-consent-provisionperiod.xml.html                         (00:00.000 / 02:12.250, 988Mb)
Load /work/output/de/StructureDefinition-56375452-bfa1-4111-af7c-5b5ba9a1857c.xml                    (00:00.010 / 02:12.260, 994Mb)
Load /work/output/de/icon-list.gif                                                                   (00:00.016 / 02:12.276, 1008Mb)
Load /work/output/de/tbl_bck1101.png                                                                 (00:00.000 / 02:12.276, 1008Mb)
Load /work/output/de/fhir-table-scripts.js                                                           (00:00.000 / 02:12.277, 1008Mb)
Load /work/output/de/tbl_bck02500.png                                                                (00:00.000 / 02:12.277, 1008Mb)
Load /work/output/de/tbl_bck10110.png                                                                (00:00.000 / 02:12.278, 1009Mb)
Load /work/output/de/tbl_bck15040.png                                                                (00:00.000 / 02:12.278, 1009Mb)
Load /work/output/de/icon_extension.png                                                              (00:00.000 / 02:12.279, 1009Mb)
Load /work/output/de/icon-implementation.png                                                         (00:00.000 / 02:12.279, 1009Mb)
Load /work/output/de/icon_entry_blue.png                                                             (00:00.000 / 02:12.280, 1009Mb)
Load /work/output/de/icon-q-coding.png                                                               (00:00.000 / 02:12.280, 1009Mb)
Load /work/output/de/tbl_bck10111.png                                                                (00:00.000 / 02:12.280, 1009Mb)
Load /work/output/de/tbl_bck02501.png                                                                (00:00.000 / 02:12.281, 1009Mb)
Load /work/output/de/tbl_bck1100.png                                                                 (00:00.000 / 02:12.281, 1009Mb)
Load /work/output/de/CodeSystem-2.16.840.1.113883.3.1937.777.24.5.2--20210423105554.xml.html         (00:00.000 / 02:12.282, 1009Mb)
Load /work/output/de/CapabilityStatement-mii-cap-consent-server.change.history.html                  (00:00.008 / 02:12.290, 1017Mb)
Load /work/output/de/tbl_bck05050.png                                                                (00:00.009 / 02:12.299, 1022Mb)
Load /work/output/de/CapabilityStatement-mii-cap-consent-server.md                                   (00:00.000 / 02:12.300, 1022Mb)
.Load /work/output/de/SearchParameter-mii-sp-consent-policyuri.json.html                              (00:00.000 / 02:12.300, 1022Mb)
Load /work/output/de/tbl_bck00100.png                                                                (00:00.005 / 02:12.305, 1Gb)
Load /work/output/de/ValueSet-2.16.840.1.113883.3.1937.777.24.11.36--20230331232804.xml              (00:00.000 / 02:12.306, 1Gb)
Load /work/output/de/CodeSystem-2.16.840.1.113883.3.1937.777.24.5.3--20251211153003-testing.html     (00:00.000 / 02:12.307, 1Gb)
Load /work/output/de/tbl_bck12510.png                                                                (00:00.004 / 02:12.311, 1Gb)
Load /work/output/de/tbl_bck115.png                                                                  (00:00.000 / 02:12.312, 1Gb)
Load /work/output/de/icon-documentation.png                                                          (00:00.000 / 02:12.312, 1Gb)
Load /work/output/de/tbl_bck01101110.png                                                             (00:00.000 / 02:12.312, 1Gb)
Load /work/output/de/tbl_bck101.png                                                                  (00:00.000 / 02:12.313, 1Gb)
Load /work/output/de/icon-selected.png                                                               (00:00.000 / 02:12.313, 1Gb)
Load /work/output/de/icon-example.png                                                                (00:00.000 / 02:12.313, 1Gb)
Load /work/output/de/ValueSet-88464c5b-5338-4c2b-9c07-b42fef2ada64.xml                               (00:00.000 / 02:12.314, 1Gb)
Load /work/output/de/tbl_bck1510.png                                                                 (00:00.005 / 02:12.319, 1Gb)
Load /work/output/de/tbl_bck0140.png                                                                 (00:00.000 / 02:12.320, 1Gb)
Load /work/output/de/prism.css                                                                       (00:00.000 / 02:12.320, 1Gb)
Load /work/output/de/ImplementationGuide-mii-ig-consent.xml                                          (00:00.000 / 02:12.320, 1Gb)
Load /work/output/de/icon-qi-readonly.png                                                            (00:00.005 / 02:12.326, 1Gb)
Load /work/output/de/Consent-5143266b-8d60-4b28-8ee9-635140ffa5bb.md                                 (00:00.000 / 02:12.326, 1Gb)
Load /work/output/de/tbl_bck000011111010.png                                                         (00:00.000 / 02:12.326, 1Gb)
Load /work/output/de/SearchParameter-mii-sp-consent-provisioncodeperiod-testing.html                 (00:00.000 / 02:12.327, 1Gb)
Load /work/output/de/tbl_bck0110111.png                                                              (00:00.004 / 02:12.331, 1Gb)
Load /work/output/de/icon-object-box.png                                                             (00:00.000 / 02:12.332, 1Gb)
Load /work/output/de/tbl_bck1512.png                                                                 (00:00.000 / 02:12.332, 1Gb)
Load /work/output/de/tbl_vjoin_slice.png                                                             (00:00.000 / 02:12.332, 1Gb)
Load /work/output/de/Parameters-mii-param-consent-manifest.change.history.html                       (00:00.000 / 02:12.333, 1Gb)
Load /work/output/de/icon-q-group.png                                                                (00:00.004 / 02:12.337, 1Gb)
Load /work/output/de/tbl_bck103.png                                                                  (00:00.000 / 02:12.338, 1Gb)
Load /work/output/de/tbl_bck0000100.png                                                              (00:00.000 / 02:12.338, 1Gb)
Load /work/output/de/tbl_bck0340.png                                                                 (00:00.000 / 02:12.338, 1Gb)
Load /work/output/de/tbl_bck10010010.png                                                             (00:00.000 / 02:12.339, 1Gb)
Load /work/output/de/Consent-Example-MII-Consent-ResultType-document.xml.html                        (00:00.000 / 02:12.339, 1Gb)
Load /work/output/de/tbl_bck00001110100.png                                                          (00:00.012 / 02:12.352, 1Gb)
Load /work/output/de/tbl_bck10110010.png                                                             (00:00.000 / 02:12.352, 1Gb)
Load /work/output/de/SearchParameter-mii-sp-consent-policyuri.xml                                    (00:00.000 / 02:12.353, 1Gb)
Load /work/output/de/tbl_bck0251240.png                                                              (00:00.000 / 02:12.353, 1Gb)
Load /work/output/de/tbl_bck0351240.png                                                              (00:00.000 / 02:12.354, 1Gb)
Load /work/output/de/tbl_bck12512.png                                                                (00:00.000 / 02:12.354, 1Gb)
Load /work/output/de/tbl_bck011001.png                                                               (00:00.000 / 02:12.354, 1Gb)
Load /work/output/de/new.png                                                                         (00:00.000 / 02:12.355, 1Gb)
Load /work/output/de/ValueSet-2.16.840.1.113883.3.1937.777.24.11.36--20230331232804.html             (00:00.000 / 02:12.355, 1Gb)
Load /work/output/de/tbl_bck02503.png                                                                (00:00.070 / 02:12.425, 1Gb)
Load /work/output/de/tbl_bck001010.png                                                               (00:00.002 / 02:12.428, 1Gb)
Load /work/output/de/tbl_bck101010.png                                                               (00:00.002 / 02:12.430, 1Gb)
Load /work/output/de/icon-qi-instructions.png                                                        (00:00.003 / 02:12.434, 1Gb)
Load /work/output/de/changes.md                                                                      (00:00.000 / 02:12.434, 1Gb)
Load /work/output/de/icon-clinical.png                                                               (00:00.000 / 02:12.435, 1Gb)
Load /work/output/de/SearchParameter-mii-sp-consent-provisioncodeperiod.json                         (00:00.000 / 02:12.436, 1Gb)
Load /work/output/de/tbl_bck111000.png                                                               (00:00.000 / 02:12.437, 1Gb)
Load /work/output/de/tbl_bck011000.png                                                               (00:00.000 / 02:12.438, 1Gb)
Load /work/output/de/Parameters-mii-param-consent-manifest.json                                      (00:00.000 / 02:12.438, 1Gb)
Load /work/output/de/tbl_bck0000101.png                                                              (00:00.000 / 02:12.439, 1Gb)
Load /work/output/de/tbl_bck0341.png                                                                 (00:00.000 / 02:12.440, 1Gb)
Load /work/output/de/StructureDefinition-f675b1e8-9f3f-44e8-bb59-9681f78eb464.md                     (00:00.000 / 02:12.440, 1Gb)
Load /work/output/de/DocumentReference-8a3d1799-2463-405e-b49c-6a16c8692b01.md                       (00:00.000 / 02:12.440, 1Gb)
Load /work/output/de/examples.html                                                                   (00:00.000 / 02:12.441, 1Gb)
Load /work/output/de/ValueSet-2.16.840.1.113883.3.1937.777.24.11.36--20230331232804-testing.html     (00:00.007 / 02:12.448, 1Gb)
Load /work/output/de/tbl_bck00001010.png                                                             (00:00.004 / 02:12.453, 1Gb)
Load /work/output/de/tbl_bck025010.png                                                               (00:00.000 / 02:12.453, 1Gb)
Load /work/output/de/CapabilityStatement-mii-cap-consent-server.html                                 (00:00.000 / 02:12.453, 1Gb)
Load /work/output/de/tbl_bck0110110.png                                                              (00:00.010 / 02:12.464, 1Gb)
Load /work/output/de/tbl_bck000011111011.png                                                         (00:00.000 / 02:12.464, 1Gb)
.Load /work/output/de/Consent-34150a23-b1c8-404f-874f-e042a30435d2.json.html                          (00:00.000 / 02:12.465, 1Gb)
Load /work/output/de/tbl_bck10001.png                                                                (00:00.013 / 02:12.478, 1Gb)
Load /work/output/de/Consent-89f494a3-cd75-44f5-a78a-581dfdd47a94.json.html                          (00:00.000 / 02:12.479, 1Gb)
Load /work/output/de/tbl_bck05140.png                                                                (00:00.010 / 02:12.489, 1Gb)
Load /work/output/de/tbl_bck00010.png                                                                (00:00.000 / 02:12.490, 1Gb)
Load /work/output/de/tbl_bck12400.png                                                                (00:00.000 / 02:12.491, 1Gb)
Load /work/output/de/tbl_bck1010.png                                                                 (00:00.000 / 02:12.491, 1Gb)
Load /work/output/de/Provenance-55219d12-6245-4de4-8b50-ddf6f16a789b.json                            (00:00.000 / 02:12.492, 1Gb)
Load /work/output/de/ValueSet-88464c5b-5338-4c2b-9c07-b42fef2ada64.change.history.html               (00:00.000 / 02:12.492, 1Gb)
Load /work/output/de/icon-q-choice.png                                                               (00:00.005 / 02:12.497, 1Gb)
Load /work/output/de/tbl_bck01252.png                                                                (00:00.000 / 02:12.498, 1Gb)
Load /work/output/de/tbl_bck1252412.png                                                              (00:00.000 / 02:12.498, 1Gb)
Load /work/output/de/icon_group.png                                                                  (00:00.000 / 02:12.499, 1Gb)
Load /work/output/de/StructureDefinition-f675b1e8-9f3f-44e8-bb59-9681f78eb464.profile.history.html   (00:00.000 / 02:12.499, 1Gb)
Load /work/output/de/tbl_bck011.png                                                                  (00:00.008 / 02:12.507, 1Gb)
Load /work/output/de/CapabilityStatement-mii-cap-consent-server.xml                                  (00:00.000 / 02:12.508, 1Gb)
Load /work/output/de/ValueSet-88464c5b-5338-4c2b-9c07-b42fef2ada64.html                              (00:00.001 / 02:12.509, 1Gb)
Load /work/output/de/tbl_bck1400.png                                                                 (00:00.012 / 02:12.522, 1Gb)
Load /work/output/de/icon_vd_union.png                                                               (00:00.000 / 02:12.522, 1Gb)
Load /work/output/de/capability-statements.html                                                      (00:00.000 / 02:12.523, 1Gb)
Load /work/output/de/tbl_bck01111010.png                                                             (00:00.006 / 02:12.530, 1Gb)
Load /work/output/de/tbl_bck03.png                                                                   (00:00.000 / 02:12.530, 1Gb)
Load /work/output/de/icon_latest.png                                                                 (00:00.000 / 02:12.531, 1Gb)
Load /work/output/de/code-systems.html                                                               (00:00.000 / 02:12.531, 1Gb)
Load /work/output/de/tbl_bck010.png                                                                  (00:00.014 / 02:12.545, 1Gb)
Load /work/output/de/SearchParameter-mii-sp-consent-provisionperiod-testing.html                     (00:00.000 / 02:12.546, 1Gb)
Load /work/output/de/icon-q-attachment.png                                                           (00:00.004 / 02:12.551, 1Gb)
Load /work/output/de/tbl_spacer.png                                                                  (00:00.000 / 02:12.551, 1Gb)
Load /work/output/de/MII-KDS_de_Consent.jpg                                                          (00:00.000 / 02:12.552, 1Gb)
Load /work/output/de/StructureDefinition-f675b1e8-9f3f-44e8-bb59-9681f78eb464-mappings.html          (00:00.000 / 02:12.552, 1Gb)
Load /work/output/de/tbl_bck1011.png                                                                 (00:00.041 / 02:12.593, 1Gb)
Load /work/output/de/tbl_bck00011.png                                                                (00:00.000 / 02:12.594, 1Gb)
Load /work/output/de/icon-fhir-720.png                                                               (00:00.000 / 02:12.594, 1Gb)
Load /work/output/de/tbl_bck0125.png                                                                 (00:00.000 / 02:12.595, 1Gb)
Load /work/output/de/Consent-34150a23-b1c8-404f-874f-e042a30435d2.json                               (00:00.000 / 02:12.595, 1Gb)
Load /work/output/de/Consent-89f494a3-cd75-44f5-a78a-581dfdd47a94.json                               (00:00.000 / 02:12.596, 1Gb)
Load /work/output/de/icon-q-reference.png                                                            (00:00.000 / 02:12.596, 1Gb)
Load /work/output/de/tbl_bck02410.png                                                                (00:00.000 / 02:12.597, 1Gb)
Load /work/output/de/tbl_bck10000.png                                                                (00:00.000 / 02:12.597, 1Gb)
Load /work/output/de/tbl_bck15150.png                                                                (00:00.000 / 02:12.598, 1Gb)
Load /work/output/de/tbl_bck101101.png                                                               (00:00.000 / 02:12.598, 1Gb)
Load /work/output/de/tbl_bck15152.png                                                                (00:00.000 / 02:12.598, 1Gb)
Load /work/output/de/icon_page_n_c.gif                                                               (00:00.000 / 02:12.599, 1Gb)
Load /work/output/de/tbl_bck111110.png                                                               (00:00.000 / 02:12.599, 1Gb)
Load /work/output/de/StructureDefinition-56375452-bfa1-4111-af7c-5b5ba9a1857c.json                   (00:00.000 / 02:12.599, 1Gb)
Load /work/output/de/Provenance-55219d12-6245-4de4-8b50-ddf6f16a789b.md                              (00:00.000 / 02:12.600, 1Gb)
Load /work/output/de/tbl_bck011110.png                                                               (00:00.000 / 02:12.600, 1Gb)
Load /work/output/de/Consent-5143266b-8d60-4b28-8ee9-635140ffa5bb.change.history.html                (00:00.000 / 02:12.600, 1Gb)
Load /work/output/de/downloads.md                                                                    (00:00.004 / 02:12.605, 1Gb)
Load /work/output/de/tbl_bck0331.png                                                                 (00:00.000 / 02:12.605, 1Gb)
Load /work/output/de/summary.png                                                                     (00:00.000 / 02:12.606, 1Gb)
Load /work/output/de/tbl_bck0251.png                                                                 (00:00.000 / 02:12.606, 1Gb)
Load /work/output/de/tbl_bck012.png                                                                  (00:00.000 / 02:12.607, 1Gb)
Load /work/output/de/icon-q-url.png                                                                  (00:00.000 / 02:12.607, 1Gb)
Load /work/output/de/version-history.html                                                            (00:00.000 / 02:12.607, 1Gb)
Load /work/output/de/tbl_bck11240.png                                                                (00:00.008 / 02:12.616, 1Gb)
Load /work/output/de/tbl_bck125100.png                                                               (00:00.000 / 02:12.617, 1Gb)
Load /work/output/de/tbl_bck01.png                                                                   (00:00.000 / 02:12.617, 1Gb)
Load /work/output/de/tbl_bck15.png                                                                   (00:00.000 / 02:12.617, 1Gb)
Load /work/output/de/icon-error.gif                                                                  (00:00.000 / 02:12.618, 1Gb)
Load /work/output/de/tbl_bck00001100.png                                                             (00:00.000 / 02:12.618, 1Gb)
.Load /work/output/de/tbl_bck0010000.png                                                              (00:00.000 / 02:12.618, 1Gb)
Load /work/output/de/tbl_bck0110000.png                                                              (00:00.000 / 02:12.619, 1Gb)
Load /work/output/de/Consent-89f494a3-cd75-44f5-a78a-581dfdd47a94.md                                 (00:00.000 / 02:12.619, 1Gb)
Load /work/output/de/tbl_bck14.png                                                                   (00:00.000 / 02:12.619, 1Gb)
Load /work/output/de/tbl_bck00.png                                                                   (00:00.000 / 02:12.620, 1Gb)
Load /work/output/de/tbl_bck000011111100.png                                                         (00:00.000 / 02:12.620, 1Gb)
Load /work/output/de/DocumentReference-8a3d1799-2463-405e-b49c-6a16c8692b01.html                     (00:00.000 / 02:12.621, 1Gb)
Load /work/output/de/CodeSystem-2.16.840.1.113883.3.1937.777.24.5.3--20251211153003.xml              (00:00.009 / 02:12.630, 1Gb)
Load /work/output/de/tbl_bck0250.png                                                                 (00:00.007 / 02:12.637, 1Gb)
Load /work/output/de/tbl_bck0000010.png                                                              (00:00.000 / 02:12.638, 1Gb)
Load /work/output/de/tbl_bck013.png                                                                  (00:00.000 / 02:12.638, 1Gb)
Load /work/output/de/tbl_bck00001110010.png                                                          (00:00.000 / 02:12.638, 1Gb)
Load /work/output/de/tbl_bck1252410.png                                                              (00:00.000 / 02:12.639, 1Gb)
Load /work/output/de/tbl_bck01250.png                                                                (00:00.000 / 02:12.639, 1Gb)
Load /work/output/de/tbl_bck0330.png                                                                 (00:00.000 / 02:12.639, 1Gb)
Load /work/output/de/icon-infrastructure.png                                                         (00:00.000 / 02:12.640, 1Gb)
Load /work/output/de/icon-qi-security.png                                                            (00:00.000 / 02:12.640, 1Gb)
Load /work/output/de/tbl_bck011111.png                                                               (00:00.000 / 02:12.641, 1Gb)
Load /work/output/de/SearchParameter-mii-sp-consent-provisioncode.xml.html                           (00:00.000 / 02:12.641, 1Gb)
Load /work/output/de/ValueSet-2.16.840.1.113883.3.1937.777.24.11.30--20210323234509.html             (00:00.011 / 02:12.652, 1Gb)
Load /work/output/de/tbl_bck001100.png                                                               (00:00.007 / 02:12.660, 1Gb)
Load /work/output/de/tbl_bck101100.png                                                               (00:00.000 / 02:12.661, 1Gb)
Load /work/output/de/tbl_bck001110.png                                                               (00:00.000 / 02:12.662, 1Gb)
Load /work/output/de/assets/css/xml.css                                                              (00:00.000 / 02:12.663, 1Gb)
Load /work/output/de/assets/css/jquery-ui.theme.min.css                                              (00:00.002 / 02:12.665, 1Gb)
Load /work/output/de/assets/css/cqf.css                                                              (00:00.001 / 02:12.667, 1Gb)
Load /work/output/de/assets/css/mii.css                                                              (00:00.001 / 02:12.668, 1Gb)
Load /work/output/de/assets/css/hl7.css                                                              (00:00.001 / 02:12.669, 1Gb)
Load /work/output/de/assets/css/bootstrap-fhir.css                                                   (00:00.000 / 02:12.670, 1Gb)
Load /work/output/de/assets/css/prism-fhirpath.css                                                   (00:00.000 / 02:12.671, 1Gb)
Load /work/output/de/assets/css/jquery-ui.css                                                        (00:00.000 / 02:12.672, 1Gb)
Load /work/output/de/assets/css/num-diz.css                                                          (00:00.000 / 02:12.672, 1Gb)
Load /work/output/de/assets/css/bootstrap-glyphicons.css                                             (00:00.000 / 02:12.673, 1Gb)
Load /work/output/de/assets/css/template-base.css                                                    (00:00.000 / 02:12.674, 1Gb)
Load /work/output/de/assets/css/prism.css                                                            (00:00.000 / 02:12.675, 1Gb)
Load /work/output/de/assets/css/jquery-ui.structure.min.css                                          (00:00.000 / 02:12.676, 1Gb)
Load /work/output/de/assets/css/pygments-manni.css                                                   (00:00.000 / 02:12.676, 1Gb)
Load /work/output/de/assets/css/project.css                                                          (00:00.000 / 02:12.677, 1Gb)
Load /work/output/de/assets/css/bootstrap-accessibility.css                                          (00:00.000 / 02:12.678, 1Gb)
Load /work/output/de/assets/images/logo-num-diz-de.svg                                               (00:00.000 / 02:12.678, 1Gb)
Load /work/output/de/assets/images/icon_arrow_up.png                                                 (00:00.023 / 02:12.702, 1Gb)
Load /work/output/de/assets/images/deu.svg                                                           (00:00.000 / 02:12.702, 1Gb)
Load /work/output/de/assets/images/external.png                                                      (00:00.000 / 02:12.703, 1Gb)
Load /work/output/de/assets/images/fhir-logo-www.png                                                 (00:00.000 / 02:12.704, 1Gb)
Load /work/output/de/assets/images/download.png                                                      (00:00.000 / 02:12.704, 1Gb)
Load /work/output/de/assets/images/logo-en.svg                                                       (00:00.000 / 02:12.705, 1Gb)
Load /work/output/de/assets/images/link.svg                                                          (00:00.032 / 02:12.738, 442Mb)
Load /work/output/de/assets/images/dragon.png                                                        (00:00.000 / 02:12.738, 442Mb)
Load /work/output/de/assets/images/lang-es.png                                                       (00:00.000 / 02:12.739, 442Mb)
Load /work/output/de/assets/images/lang-de.png                                                       (00:00.000 / 02:12.739, 442Mb)
Load /work/output/de/assets/images/001.svg                                                           (00:00.000 / 02:12.740, 442Mb)
Load /work/output/de/assets/images/target.png                                                        (00:00.001 / 02:12.742, 444Mb)
Load /work/output/de/assets/images/fcp-logo.png                                                      (00:00.000 / 02:12.742, 444Mb)
Load /work/output/de/assets/images/lang-pt.png                                                       (00:00.000 / 02:12.742, 444Mb)
Load /work/output/de/assets/images/search.png                                                        (00:00.000 / 02:12.743, 444Mb)
Load /work/output/de/assets/images/lang-en.png                                                       (00:00.000 / 02:12.743, 444Mb)
Load /work/output/de/assets/images/lang-ja.png                                                       (00:00.000 / 02:12.743, 444Mb)
Load /work/output/de/assets/images/lang-kr.png                                                       (00:00.000 / 02:12.744, 444Mb)
Load /work/output/de/assets/images/logo_ansinew.jpg                                                  (00:00.000 / 02:12.744, 444Mb)
Load /work/output/de/assets/images/logo-de.svg                                                       (00:00.000 / 02:12.744, 444Mb)
Load /work/output/de/assets/images/lang-pt_BR.png                                                    (00:00.008 / 02:12.753, 454Mb)
.Load /work/output/de/assets/images/lang-fr.png                                                       (00:00.000 / 02:12.753, 455Mb)
Load /work/output/de/assets/images/lang-ru.png                                                       (00:00.000 / 02:12.753, 455Mb)
Load /work/output/de/assets/images/lang-ar.png                                                       (00:00.000 / 02:12.754, 455Mb)
Load /work/output/de/assets/images/stripe.png                                                        (00:00.000 / 02:12.754, 455Mb)
Load /work/output/de/assets/images/hl7-logo-header.png                                               (00:00.000 / 02:12.754, 455Mb)
Load /work/output/de/assets/images/logo-num-diz-en.svg                                               (00:00.000 / 02:12.754, 455Mb)
Load /work/output/de/assets/images/lang-nl.png                                                       (00:00.005 / 02:12.760, 462Mb)
Load /work/output/de/assets/images/lang-zh.png                                                       (00:00.000 / 02:12.760, 462Mb)
Load /work/output/de/assets/images/lang-zh-TW.png                                                    (00:00.000 / 02:12.761, 462Mb)
Load /work/output/de/assets/images/icon_arrow_down.png                                               (00:00.000 / 02:12.761, 462Mb)
Load /work/output/de/assets/js/font-size-control.js                                                  (00:00.000 / 02:12.761, 462Mb)
Load /work/output/de/assets/js/html5shiv.js                                                          (00:00.000 / 02:12.762, 462Mb)
Load /work/output/de/assets/js/flags.js                                                              (00:00.000 / 02:12.762, 462Mb)
Load /work/output/de/assets/js/prism.js                                                              (00:00.000 / 02:12.763, 462Mb)
Load /work/output/de/assets/js/mermaid.js                                                            (00:00.000 / 02:12.763, 462Mb)
Load /work/output/de/assets/js/jquery-ui.min.js                                                      (00:00.000 / 02:12.764, 462Mb)
Load /work/output/de/assets/js/clipboard-btn.js                                                      (00:00.000 / 02:12.764, 462Mb)
Load /work/output/de/assets/js/respond.min.js                                                        (00:00.000 / 02:12.764, 462Mb)
Load /work/output/de/assets/js/prism-fhirpath.js                                                     (00:00.000 / 02:12.765, 462Mb)
Load /work/output/de/assets/js/xml.js                                                                (00:00.000 / 02:12.765, 462Mb)
Load /work/output/de/assets/js/window-hash.js                                                        (00:00.000 / 02:12.765, 462Mb)
Load /work/output/de/assets/js/back-to-top.js                                                        (00:00.000 / 02:12.766, 462Mb)
Load /work/output/de/assets/js/clipboard.min.js                                                      (00:00.000 / 02:12.766, 462Mb)
Load /work/output/de/assets/js/bootstrap-accessibility.min.js                                        (00:00.000 / 02:12.766, 462Mb)
Load /work/output/de/assets/js/tabs.js                                                               (00:00.000 / 02:12.766, 462Mb)
Load /work/output/de/assets/js/jquery-3.7.0.min.map                                                  (00:00.000 / 02:12.767, 462Mb)
Load /work/output/de/assets/js/mermaid-init.js                                                       (00:00.000 / 02:12.767, 462Mb)
Load /work/output/de/assets/js/bootstrap.min.js                                                      (00:00.000 / 02:12.767, 462Mb)
Load /work/output/de/assets/js/fhir-table-scripts.js                                                 (00:00.000 / 02:12.768, 462Mb)
Load /work/output/de/assets/js/anchor.min.js                                                         (00:00.000 / 02:12.768, 462Mb)
Load /work/output/de/assets/js/topofpage.js                                                          (00:00.000 / 02:12.768, 462Mb)
Load /work/output/de/assets/js/fhir.js                                                               (00:00.000 / 02:12.768, 462Mb)
Load /work/output/de/assets/js/readme.txt                                                            (00:00.000 / 02:12.769, 462Mb)
Load /work/output/de/assets/js/lang-redirects.js                                                     (00:00.000 / 02:12.769, 462Mb)
Load /work/output/de/assets/js/direction-management.js                                               (00:00.000 / 02:12.770, 462Mb)
Load /work/output/de/assets/js/anchor-hover.js                                                       (00:00.000 / 02:12.770, 462Mb)
Load /work/output/de/assets/js/jquery.js                                                             (00:00.000 / 02:12.770, 462Mb)
Load /work/output/de/assets/fonts/OpenSans-CondBold-webfont.svg                                      (00:00.000 / 02:12.771, 462Mb)
Load /work/output/de/assets/fonts/glyphiconshalflings-regular.otf                                    (00:00.022 / 02:12.793, 489Mb)
Load /work/output/de/assets/fonts/OpenSans-CondLight-webfont.eot                                     (00:00.000 / 02:12.793, 489Mb)
Load /work/output/de/assets/fonts/glyphiconshalflings-regular.eot                                    (00:00.000 / 02:12.794, 489Mb)
Load /work/output/de/assets/fonts/OpenSans-CondLight-webfont.ttf                                     (00:00.000 / 02:12.794, 489Mb)
Load /work/output/de/assets/fonts/glyphiconshalflings-regular.ttf                                    (00:00.000 / 02:12.794, 489Mb)
Load /work/output/de/assets/fonts/OpenSans-CondLight-webfont.woff                                    (00:00.000 / 02:12.795, 489Mb)
Load /work/output/de/assets/fonts/glyphiconshalflings-regular.woff                                   (00:00.000 / 02:12.795, 489Mb)
Load /work/output/de/assets/fonts/OpenSans-CondBold-webfont.ttf                                      (00:00.000 / 02:12.796, 489Mb)
Load /work/output/de/assets/fonts/OpenSans-CondBold-webfont.woff                                     (00:00.000 / 02:12.796, 489Mb)
Load /work/output/de/assets/fonts/OpenSans-CondLight-webfont.svg                                     (00:00.000 / 02:12.797, 489Mb)
Load /work/output/de/assets/fonts/glyphiconshalflings-regular.svg                                    (00:00.029 / 02:12.826, 520Mb)
Load /work/output/de/assets/fonts/OpenSans-CondBold-webfont.eot                                      (00:00.014 / 02:12.841, 530Mb)
Load /work/output/de/assets/ico/icon-fhir-114.png                                                    (00:00.000 / 02:12.842, 530Mb)
Load /work/output/de/assets/ico/icon-fhir-72.png                                                     (00:00.000 / 02:12.842, 530Mb)
Load /work/output/de/assets/ico/icon-fhir-144.png                                                    (00:00.000 / 02:12.842, 530Mb)
Load /work/output/de/assets/ico/favicon.png                                                          (00:00.000 / 02:12.843, 530Mb)
Load /work/output/de/assets/ico/noun_copy to clipboard_1669410.png                                   (00:00.000 / 02:12.843, 530Mb)
Load /work/output/de/assets/ico/icon-fhir-57.png                                                     (00:00.000 / 02:12.843, 530Mb)
Load /work/output/de/tbl_bck101110.png                                                               (00:00.000 / 02:12.844, 530Mb)
Load /work/output/de/Provenance-55219d12-6245-4de4-8b50-ddf6f16a789b.xml                             (00:00.000 / 02:12.844, 530Mb)
Load /work/output/de/CodeSystem-mii-cs-consent-version-modules.change.history.html                   (00:00.000 / 02:12.845, 531Mb)
Load /work/output/de/tbl_bck05152.png                                                                (00:00.004 / 02:12.849, 535Mb)
Load /work/output/de/tbl_bck111101.png                                                               (00:00.000 / 02:12.849, 535Mb)
.Load /work/output/de/tbl_bck0320.png                                                                 (00:00.000 / 02:12.850, 535Mb)
Load /work/output/de/icon-fhir-24.png                                                                (00:00.000 / 02:12.850, 535Mb)
Load /work/output/de/StructureDefinition-e0e166b4-0f77-478d-9062-de0034d98ce0.profile.xml.html       (00:00.000 / 02:12.851, 535Mb)
Load /work/output/de/tbl_bck1252400.png                                                              (00:00.456 / 02:13.307, 931Mb)
Load /work/output/de/tbl_bck01240.png                                                                (00:00.001 / 02:13.309, 931Mb)
Load /work/output/de/icon-q-string.png                                                               (00:00.000 / 02:13.309, 931Mb)
Load /work/output/de/tbl_bck0240.png                                                                 (00:00.000 / 02:13.310, 931Mb)
Load /work/output/de/SearchParameter-mii-sp-consent-provisiontype.json                               (00:00.000 / 02:13.310, 931Mb)
Load /work/output/de/tbl_bck0000000.png                                                              (00:00.000 / 02:13.311, 931Mb)
Load /work/output/de/CodeSystem-2.16.840.1.113883.3.1937.777.24.5.3--20251211153003.json.html        (00:00.000 / 02:13.311, 931Mb)
Load /work/output/de/tbl_bck00001110000.png                                                          (00:00.021 / 02:13.333, 964Mb)
Load /work/output/de/tbl_bck000011111110.png                                                         (00:00.000 / 02:13.333, 964Mb)
Load /work/output/de/CodeSystem-mii-cs-consent-version-modules.json                                  (00:00.000 / 02:13.334, 964Mb)
Load /work/output/de/tbl_bck04.png                                                                   (00:00.000 / 02:13.335, 964Mb)
Load /work/output/de/tbl_bck00001111.png                                                             (00:00.000 / 02:13.335, 964Mb)
Load /work/output/de/tbl_bck10.png                                                                   (00:00.000 / 02:13.336, 964Mb)
Load /work/output/de/SearchParameter-mii-sp-consent-provisioncodetype.change.history.html            (00:00.000 / 02:13.336, 964Mb)
Load /work/output/de/tbl_bck125110.png                                                               (00:00.003 / 02:13.340, 969Mb)
Load /work/output/de/tbl_bck11.png                                                                   (00:00.000 / 02:13.340, 969Mb)
Load /work/output/de/tbl_bck05.png                                                                   (00:00.000 / 02:13.340, 969Mb)
Load /work/output/de/ValueSet-2.16.840.1.113883.3.1937.777.24.11.36--20230331232804.md               (00:00.000 / 02:13.341, 969Mb)
Load /work/output/de/tbl_bck00001110.png                                                             (00:00.000 / 02:13.341, 969Mb)
Load /work/output/de/tbl_bck0010010.png                                                              (00:00.000 / 02:13.341, 969Mb)
Load /work/output/de/search-parameters.html                                                          (00:00.000 / 02:13.342, 969Mb)
Load /work/output/de/tbl_bck0110010.png                                                              (00:00.005 / 02:13.347, 976Mb)
Load /work/output/de/tbl_vline.png                                                                   (00:00.000 / 02:13.347, 976Mb)
Load /work/output/de/tbl_bck11250.png                                                                (00:00.000 / 02:13.348, 976Mb)
Load /work/output/de/Parameters-mii-param-consent-manifest.md                                        (00:00.000 / 02:13.348, 976Mb)
Load /work/output/de/ImplementationGuide-mii-ig-consent.html                                         (00:00.000 / 02:13.348, 976Mb)
Load /work/output/de/Consent-5143266b-8d60-4b28-8ee9-635140ffa5bb.xml.html                           (00:00.010 / 02:13.358, 991Mb)
Load /work/output/de/tbl_bck0241.png                                                                 (00:00.022 / 02:13.381, 1022Mb)
Load /work/output/de/icon_slice_item.png                                                             (00:00.000 / 02:13.382, 1022Mb)
Load /work/output/de/CodeSystem-2.16.840.1.113883.3.1937.777.24.5.2--20210423105554.change.history.html (00:00.000 / 02:13.382, 1022Mb)
Load /work/output/de/tbl_bck111100.png                                                               (00:00.004 / 02:13.386, 1Gb)
Load /work/output/de/ValueSet-2.16.840.1.113883.3.1937.777.24.11.36--20230331232804.change.history.html (00:00.000 / 02:13.387, 1Gb)
Load /work/output/de/tbl_bck011100.png                                                               (00:00.003 / 02:13.390, 1Gb)
Load /work/output/de/code-systems.md                                                                 (00:00.000 / 02:13.391, 1Gb)
Load /work/output/de/icon_page_n_p.gif                                                               (00:00.000 / 02:13.391, 1Gb)
Load /work/output/de/tbl_vjoin_end.png                                                               (00:00.000 / 02:13.391, 1Gb)
Load /work/output/de/tbl_bck101111.png                                                               (00:00.000 / 02:13.392, 1Gb)
Load /work/output/de/Parameters-mii-param-consent-manifest.xml.html                                  (00:00.000 / 02:13.392, 1Gb)
Load /work/output/de/tbl_bck02400.png                                                                (00:00.007 / 02:13.400, 1Gb)
Load /work/output/de/tbl_bck10010.png                                                                (00:00.000 / 02:13.400, 1Gb)
Load /work/output/de/tbl_bck15140.png                                                                (00:00.000 / 02:13.400, 1Gb)
Load /work/output/de/icon_resource.png                                                               (00:00.000 / 02:13.401, 1Gb)
Load /work/output/de/StructureDefinition-56375452-bfa1-4111-af7c-5b5ba9a1857c.profile.xml.html       (00:00.000 / 02:13.401, 1Gb)
Load /work/output/de/tbl_bck00001.png                                                                (00:00.099 / 02:13.500, 1Gb)
Load /work/output/de/CodeSystem-2.16.840.1.113883.3.1937.777.24.5.3--20251211153003.json             (00:00.000 / 02:13.501, 1Gb)
Load /work/output/de/tbl_bck15424.png                                                                (00:00.000 / 02:13.501, 1Gb)
Load /work/output/de/tbl_bck1001.png                                                                 (00:00.000 / 02:13.502, 1Gb)
Load /work/output/de/icon_modifier_extension_complex.png                                             (00:00.000 / 02:13.502, 1Gb)
Load /work/output/de/tbl_bck000.png                                                                  (00:00.000 / 02:13.502, 1Gb)
Load /work/output/de/information-model_UML-Diagramm_MII-spez.png                                     (00:00.000 / 02:13.503, 1Gb)
Load /work/output/de/StructureDefinition-f675b1e8-9f3f-44e8-bb59-9681f78eb464.json                   (00:00.000 / 02:13.503, 1Gb)
Load /work/output/de/SearchParameter-mii-sp-consent-provisioncode.html                               (00:00.000 / 02:13.504, 1Gb)
Load /work/output/de/SearchParameter-mii-sp-consent-provisioncode.json.html                          (00:00.003 / 02:13.508, 1Gb)
Load /work/output/de/tbl_bck11252.png                                                                (00:00.004 / 02:13.512, 1Gb)
Load /work/output/de/ValueSet-2.16.840.1.113883.3.1937.777.24.11.30--20210323234509.change.history.html (00:00.000 / 02:13.512, 1Gb)
Load /work/output/de/tbl_bck13.png                                                                   (00:00.005 / 02:13.517, 1Gb)
Load /work/output/de/StructureDefinition-f675b1e8-9f3f-44e8-bb59-9681f78eb464-examples.html          (00:00.000 / 02:13.518, 1Gb)
Load /work/output/de/tbl_blank.png                                                                   (00:00.004 / 02:13.523, 1Gb)
.Load /work/output/de/tbl_bck1410.png                                                                 (00:00.000 / 02:13.523, 1Gb)
Load /work/output/de/tbl_bck12.png                                                                   (00:00.000 / 02:13.524, 1Gb)
Load /work/output/de/icon-q-time.png                                                                 (00:00.000 / 02:13.524, 1Gb)
Load /work/output/de/tbl_bck01111001.png                                                             (00:00.000 / 02:13.524, 1Gb)
Load /work/output/de/icon-qi-horizontal.png                                                          (00:00.000 / 02:13.525, 1Gb)
Load /work/output/de/tbl_bck015.png                                                                  (00:00.000 / 02:13.525, 1Gb)
Load /work/output/de/tbl_bck001.png                                                                  (00:00.000 / 02:13.525, 1Gb)
Load /work/output/de/fhir.css                                                                        (00:00.000 / 02:13.526, 1Gb)
Load /work/output/de/Consent-5143266b-8d60-4b28-8ee9-635140ffa5bb.html                               (00:00.000 / 02:13.526, 1Gb)
Load /work/output/de/tbl_vline_slicer.png                                                            (00:00.010 / 02:13.537, 1Gb)
Load /work/output/de/Provenance-55219d12-6245-4de4-8b50-ddf6f16a789b.json.html                       (00:00.000 / 02:13.537, 1Gb)
Load /work/output/de/tbl_bck1000.png                                                                 (00:00.005 / 02:13.543, 1Gb)
Load /work/output/de/icon-fhir-32.png                                                                (00:00.000 / 02:13.543, 1Gb)
Load /work/output/de/tbl_bck05150.png                                                                (00:00.000 / 02:13.544, 1Gb)
Load /work/output/de/icon_q_item.png                                                                 (00:00.000 / 02:13.544, 1Gb)
Load /work/output/de/tbl_bck00000.png                                                                (00:00.000 / 02:13.545, 1Gb)
Load /work/output/de/tbl_bck12410.png                                                                (00:00.000 / 02:13.545, 1Gb)
Load /work/output/de/tbl_bck001112.png                                                               (00:00.000 / 02:13.545, 1Gb)
Load /work/output/de/tbl_bck10011.png                                                                (00:00.000 / 02:13.546, 1Gb)
Load /work/output/codesystem-list.json                                                               (00:00.000 / 02:13.546, 1Gb)
Load /work/output/ValueSet-2.16.840.1.113883.3.1937.777.24.11.36--20230331232804.xlsx                (00:00.000 / 02:13.546, 1Gb)
Load /work/output/tbl_bck111000.png                                                                  (00:00.000 / 02:13.547, 1Gb)
Load /work/output/tbl_bck011000.png                                                                  (00:00.000 / 02:13.547, 1Gb)
Load /work/output/Parameters-mii-param-consent-manifest.json                                         (00:00.000 / 02:13.547, 1Gb)
Load /work/output/tbl_bck0000101.png                                                                 (00:00.000 / 02:13.548, 1Gb)
Load /work/output/tbl_bck0341.png                                                                    (00:00.000 / 02:13.548, 1Gb)
Load /work/output/examples.html                                                                      (00:00.000 / 02:13.548, 1Gb)
Load /work/output/ValueSet-2.16.840.1.113883.3.1937.777.24.11.36--20230331232804-testing.html        (00:00.000 / 02:13.549, 1Gb)
Load /work/output/tbl_bck00001010.png                                                                (00:00.000 / 02:13.550, 1Gb)
Load /work/output/tbl_bck025010.png                                                                  (00:00.000 / 02:13.550, 1Gb)
Load /work/output/CapabilityStatement-mii-cap-consent-server.html                                    (00:00.000 / 02:13.551, 1Gb)
Load /work/output/tbl_bck0110110.png                                                                 (00:00.000 / 02:13.552, 1Gb)
Load /work/output/tbl_bck000011111011.png                                                            (00:00.000 / 02:13.552, 1Gb)
Load /work/output/validator-mii-ig-consent.pack                                                      (00:00.000 / 02:13.553, 1Gb)
Load /work/output/package.manifest.json                                                              (00:00.000 / 02:13.553, 1Gb)
Load /work/output/Consent-34150a23-b1c8-404f-874f-e042a30435d2.json.html                             (00:00.000 / 02:13.554, 1Gb)
Load /work/output/tbl_bck10001.png                                                                   (00:00.001 / 02:13.556, 1Gb)
Load /work/output/Consent-89f494a3-cd75-44f5-a78a-581dfdd47a94.json.html                             (00:00.000 / 02:13.556, 1Gb)
Load /work/output/tbl_bck05140.png                                                                   (00:00.000 / 02:13.557, 1Gb)
Load /work/output/tbl_bck00010.png                                                                   (00:00.000 / 02:13.558, 1Gb)
Load /work/output/tbl_bck12400.png                                                                   (00:00.000 / 02:13.558, 1Gb)
Load /work/output/tbl_bck1010.png                                                                    (00:00.000 / 02:13.559, 1Gb)
Load /work/output/Provenance-55219d12-6245-4de4-8b50-ddf6f16a789b.json                               (00:00.008 / 02:13.567, 1Gb)
Load /work/output/ValueSet-88464c5b-5338-4c2b-9c07-b42fef2ada64.change.history.html                  (00:00.000 / 02:13.568, 1Gb)
Load /work/output/expansions.xml                                                                     (00:00.000 / 02:13.569, 1Gb)
Load /work/output/icon-q-choice.png                                                                  (00:00.074 / 02:13.643, 454Mb)
Load /work/output/tbl_bck01252.png                                                                   (00:00.001 / 02:13.645, 454Mb)
Load /work/output/tbl_bck1252412.png                                                                 (00:00.000 / 02:13.645, 454Mb)
Load /work/output/icon_group.png                                                                     (00:00.000 / 02:13.646, 454Mb)
Load /work/output/StructureDefinition-f675b1e8-9f3f-44e8-bb59-9681f78eb464.profile.history.html      (00:00.000 / 02:13.646, 454Mb)
Load /work/output/tbl_bck011.png                                                                     (00:00.001 / 02:13.647, 454Mb)
Load /work/output/CapabilityStatement-mii-cap-consent-server.xml                                     (00:00.000 / 02:13.648, 454Mb)
Load /work/output/ValueSet-88464c5b-5338-4c2b-9c07-b42fef2ada64.html                                 (00:00.002 / 02:13.650, 456Mb)
Load /work/output/tbl_bck1400.png                                                                    (00:00.000 / 02:13.651, 457Mb)
Load /work/output/icon_vd_union.png                                                                  (00:00.000 / 02:13.651, 457Mb)
Load /work/output/capability-statements.html                                                         (00:00.000 / 02:13.652, 457Mb)
Load /work/output/ValueSet-88464c5b-5338-4c2b-9c07-b42fef2ada64.xlsx                                 (00:00.000 / 02:13.653, 457Mb)
Load /work/output/tbl_bck01111010.png                                                                (00:00.000 / 02:13.653, 457Mb)
Load /work/output/tbl_bck03.png                                                                      (00:00.000 / 02:13.653, 457Mb)
Load /work/output/icon_latest.png                                                                    (00:00.000 / 02:13.654, 457Mb)
Load /work/output/code-systems.html                                                                  (00:00.000 / 02:13.654, 457Mb)
.Load /work/output/tbl_bck010.png                                                                     (00:00.000 / 02:13.655, 457Mb)
Load /work/output/SearchParameter-mii-sp-consent-provisionperiod-testing.html                        (00:00.000 / 02:13.655, 457Mb)
Load /work/output/icon-q-attachment.png                                                              (00:00.000 / 02:13.656, 457Mb)
Load /work/output/tbl_spacer.png                                                                     (00:00.000 / 02:13.656, 457Mb)
Load /work/output/MII-KDS_de_Consent.jpg                                                             (00:00.000 / 02:13.657, 457Mb)
Load /work/output/StructureDefinition-f675b1e8-9f3f-44e8-bb59-9681f78eb464-mappings.html             (00:00.000 / 02:13.657, 457Mb)
Load /work/output/tbl_bck1011.png                                                                    (00:00.000 / 02:13.658, 457Mb)
Load /work/output/tbl_bck00011.png                                                                   (00:00.000 / 02:13.659, 457Mb)
Load /work/output/icon-fhir-720.png                                                                  (00:00.000 / 02:13.659, 457Mb)
Load /work/output/tbl_bck0125.png                                                                    (00:00.000 / 02:13.660, 457Mb)
Load /work/output/Consent-34150a23-b1c8-404f-874f-e042a30435d2.json                                  (00:00.000 / 02:13.660, 457Mb)
Load /work/output/Consent-89f494a3-cd75-44f5-a78a-581dfdd47a94.json                                  (00:00.000 / 02:13.660, 457Mb)
Load /work/output/icon-q-reference.png                                                               (00:00.000 / 02:13.661, 457Mb)
Load /work/output/tbl_bck02410.png                                                                   (00:00.000 / 02:13.661, 457Mb)
Load /work/output/tbl_bck10000.png                                                                   (00:00.000 / 02:13.662, 457Mb)
Load /work/output/tbl_bck15150.png                                                                   (00:00.000 / 02:13.663, 457Mb)
Load /work/output/tbl_bck101101.png                                                                  (00:00.004 / 02:13.667, 457Mb)
Load /work/output/tbl_bck15152.png                                                                   (00:00.002 / 02:13.670, 457Mb)
Load /work/output/en/tbl_bck01111.png                                                                (00:00.001 / 02:13.671, 457Mb)
Load /work/output/en/Consent-5143266b-8d60-4b28-8ee9-635140ffa5bb.json                               (00:00.002 / 02:13.673, 457Mb)
Load /work/output/en/icon_page_n_i.gif                                                               (00:00.001 / 02:13.674, 457Mb)
Load /work/output/en/tbl_bck0111.png                                                                 (00:00.000 / 02:13.675, 457Mb)
Load /work/output/en/SearchParameter-mii-sp-consent-provisiontype.json.html                          (00:00.000 / 02:13.676, 457Mb)
Load /work/output/en/logical-models.md                                                               (00:00.007 / 02:13.683, 463Mb)
Load /work/output/en/tbl_bck11100.png                                                                (00:00.000 / 02:13.684, 463Mb)
Load /work/output/en/tbl_bck03510.png                                                                (00:00.001 / 02:13.685, 463Mb)
Load /work/output/en/ValueSet-2.16.840.1.113883.3.1937.777.24.11.36--20230331232804.xml.html         (00:00.000 / 02:13.686, 463Mb)
Load /work/output/en/tbl_bck1025.png                                                                 (00:00.011 / 02:13.698, 471Mb)
Load /work/output/en/icon-administration.png                                                         (00:00.002 / 02:13.701, 471Mb)
Load /work/output/en/tbl_bck150.png                                                                  (00:00.004 / 02:13.706, 471Mb)
Load /work/output/en/tbl_bck144.png                                                                  (00:00.001 / 02:13.707, 471Mb)
Load /work/output/en/llms.txt                                                                        (00:00.000 / 02:13.707, 471Mb)
Load /work/output/en/translationinfo.html                                                            (00:00.000 / 02:13.708, 471Mb)
Load /work/output/en/tbl_bck0000111101.png                                                           (00:00.008 / 02:13.717, 476Mb)
Load /work/output/en/searchform.html                                                                 (00:00.001 / 02:13.718, 476Mb)
Load /work/output/en/SearchParameter-mii-sp-consent-provisioncodeperiod.change.history.html          (00:00.003 / 02:13.722, 477Mb)
Load /work/output/en/tbl_bck1001010.png                                                              (00:00.006 / 02:13.728, 482Mb)
Load /work/output/en/tbl_bck0515.png                                                                 (00:00.000 / 02:13.729, 482Mb)
Load /work/output/en/icon-fhir-16-grey.png                                                           (00:00.000 / 02:13.729, 482Mb)
Load /work/output/en/tbl_bck1011001.png                                                              (00:00.000 / 02:13.729, 482Mb)
Load /work/output/en/tbl_bck1111000.png                                                              (00:00.000 / 02:13.730, 482Mb)
Load /work/output/en/CodeSystem-2.16.840.1.113883.3.1937.777.24.5.3--20251211153003.html             (00:00.000 / 02:13.730, 482Mb)
Load /work/output/en/tbl_bck1011000.png                                                              (00:00.012 / 02:13.743, 497Mb)
Load /work/output/en/tbl_bck1352.png                                                                 (00:00.000 / 02:13.743, 497Mb)
Load /work/output/en/StructureDefinition-e0e166b4-0f77-478d-9062-de0034d98ce0-testing.html           (00:00.000 / 02:13.744, 497Mb)
Load /work/output/en/ValueSet-2.16.840.1.113883.3.1937.777.24.11.30--20210323234509-testing.html     (00:00.005 / 02:13.749, 502Mb)
Load /work/output/en/examples.md                                                                     (00:00.004 / 02:13.754, 507Mb)
Load /work/output/en/icon-qi-help.png                                                                (00:00.000 / 02:13.754, 507Mb)
Load /work/output/en/icon_profile.png                                                                (00:00.000 / 02:13.755, 507Mb)
Load /work/output/en/tbl_bck025.png                                                                  (00:00.000 / 02:13.755, 507Mb)
Load /work/output/en/tbl_bck0500.png                                                                 (00:00.000 / 02:13.755, 507Mb)
Load /work/output/en/tbl_bck1150.png                                                                 (00:00.000 / 02:13.756, 507Mb)
Load /work/output/en/StructureDefinition-e0e166b4-0f77-478d-9062-de0034d98ce0-mappings.html          (00:00.000 / 02:13.756, 507Mb)
Load /work/output/en/tbl_bck0000111100.png                                                           (00:00.077 / 02:13.834, 472Mb)
Load /work/output/en/SearchParameter-mii-sp-consent-provisioncode.json                               (00:00.001 / 02:13.835, 472Mb)
Load /work/output/en/tbl_bck151.png                                                                  (00:00.000 / 02:13.835, 472Mb)
Load /work/output/en/icon_page_n.gif                                                                 (00:00.000 / 02:13.836, 472Mb)
Load /work/output/en/icon-fhir-16.png                                                                (00:00.000 / 02:13.837, 472Mb)
Load /work/output/en/tbl_bck1024.png                                                                 (00:00.000 / 02:13.837, 472Mb)
Load /work/output/en/tbl_bck125241.png                                                               (00:00.000 / 02:13.838, 472Mb)
Load /work/output/en/SearchParameter-mii-sp-consent-policyuri.md                                     (00:00.000 / 02:13.838, 472Mb)
.Load /work/output/en/external.png                                                                    (00:00.000 / 02:13.839, 472Mb)
Load /work/output/en/tbl_bck11101.png                                                                (00:00.000 / 02:13.840, 472Mb)
Load /work/output/en/SearchParameter-mii-sp-consent-provisionperiod.xml                              (00:00.000 / 02:13.840, 472Mb)
Load /work/output/en/tbl_bck0110.png                                                                 (00:00.000 / 02:13.841, 472Mb)
Load /work/output/en/tbl_bck1540.png                                                                 (00:00.000 / 02:13.842, 472Mb)
Load /work/output/en/artifacts.html                                                                  (00:00.000 / 02:13.842, 472Mb)
Load /work/output/en/tbl_bck13500.png                                                                (00:00.008 / 02:13.851, 481Mb)
Load /work/output/en/StructureDefinition-f675b1e8-9f3f-44e8-bb59-9681f78eb464.html                   (00:00.000 / 02:13.852, 481Mb)
Load /work/output/en/tbl_bck01110.png                                                                (00:00.121 / 02:13.974, 626Mb)
Load /work/output/en/tbl_bck0350250.png                                                              (00:00.001 / 02:13.975, 626Mb)
Load /work/output/en/tbl_bck0250250.png                                                              (00:00.000 / 02:13.976, 626Mb)
Load /work/output/en/SearchParameter-mii-sp-consent-provisionperiod.md                               (00:00.000 / 02:13.977, 626Mb)
Load /work/output/en/CodeSystem-2.16.840.1.113883.3.1937.777.24.5.2--20210423105554.json.html        (00:00.000 / 02:13.977, 626Mb)
Load /work/output/en/icon_reference.png                                                              (00:00.008 / 02:13.986, 634Mb)
Load /work/output/en/tbl_bck0112.png                                                                 (00:00.000 / 02:13.987, 634Mb)
Load /work/output/en/tbl_bck03513.png                                                                (00:00.000 / 02:13.987, 634Mb)
Load /work/output/en/tbl_bck100000.png                                                               (00:00.000 / 02:13.988, 634Mb)
Load /work/output/en/tbl_bck000000.png                                                               (00:00.000 / 02:13.988, 634Mb)
Load /work/output/en/ai.zip                                                                          (00:00.000 / 02:13.989, 634Mb)
Load /work/output/en/ImplementationGuide-mii-ig-consent.json                                         (00:00.000 / 02:13.989, 634Mb)
Load /work/output/en/tbl_bck000011110000.png                                                         (00:00.000 / 02:13.990, 634Mb)
Load /work/output/en/tbl_vjoin-closed.png                                                            (00:00.000 / 02:13.990, 634Mb)
Load /work/output/en/CodeSystem-mii-cs-consent-version-modules-testing.html                          (00:00.000 / 02:13.991, 634Mb)
Load /work/output/en/tbl_bck1152.png                                                                 (00:00.006 / 02:13.998, 639Mb)
Load /work/output/en/SearchParameter-mii-sp-consent-provisioncodetype.md                             (00:00.000 / 02:13.998, 639Mb)
Load /work/output/en/tbl_bck0111101.png                                                              (00:00.000 / 02:13.998, 639Mb)
Load /work/output/en/SearchParameter-mii-sp-consent-provisioncode.xml                                (00:00.000 / 02:13.999, 639Mb)
Load /work/output/en/tbl_bck033.png                                                                  (00:00.000 / 02:14.000, 639Mb)
Load /work/output/en/Consent-34150a23-b1c8-404f-874f-e042a30435d2.change.history.html                (00:00.000 / 02:14.000, 639Mb)
Load /work/output/en/Consent-Example-MII-Consent-ResultType-document.change.history.html             (00:00.006 / 02:14.006, 644Mb)
Load /work/output/en/prism.js                                                                        (00:00.005 / 02:14.012, 648Mb)
Load /work/output/en/tbl_bck1350.png                                                                 (00:00.000 / 02:14.012, 648Mb)
Load /work/output/en/tbl_bck00001111110.png                                                          (00:00.000 / 02:14.012, 649Mb)
Load /work/output/en/tbl_bck00001111111.png                                                          (00:00.000 / 02:14.013, 649Mb)
Load /work/output/en/value-sets.md                                                                   (00:00.000 / 02:14.013, 649Mb)
Load /work/output/en/tbl_bck1351.png                                                                 (00:00.000 / 02:14.014, 649Mb)
Load /work/output/en/mustsupport.png                                                                 (00:00.000 / 02:14.014, 649Mb)
Load /work/output/en/icon_vd_col.png                                                                 (00:00.000 / 02:14.015, 649Mb)
Load /work/output/en/tbl_bck0111100.png                                                              (00:00.000 / 02:14.015, 649Mb)
Load /work/output/en/tbl_bck035125.png                                                               (00:00.000 / 02:14.016, 649Mb)
Load /work/output/en/StructureDefinition-f675b1e8-9f3f-44e8-bb59-9681f78eb464-testing.html           (00:00.000 / 02:14.016, 649Mb)
Load /work/output/en/tbl_bck03300.png                                                                (00:00.006 / 02:14.023, 654Mb)
Load /work/output/en/tbl_bck152.png                                                                  (00:00.000 / 02:14.023, 654Mb)
Load /work/output/en/CodeSystem-mii-cs-consent-version-modules.html                                  (00:00.000 / 02:14.024, 654Mb)
Load /work/output/en/SearchParameter-mii-sp-consent-provisiontype.xml.html                           (00:00.008 / 02:14.032, 661Mb)
Load /work/output/en/ValueSet-88464c5b-5338-4c2b-9c07-b42fef2ada64.md                                (00:00.009 / 02:14.042, 668Mb)
Load /work/output/en/tbl_bck000001.png                                                               (00:00.000 / 02:14.043, 668Mb)
Load /work/output/en/tbl_bck03512.png                                                                (00:00.000 / 02:14.043, 668Mb)
Load /work/output/en/icon_vd_select.png                                                              (00:00.000 / 02:14.043, 668Mb)
Load /work/output/en/tbl_bck1543.png                                                                 (00:00.000 / 02:14.044, 668Mb)
Load /work/output/en/SearchParameter-mii-sp-consent-provisiontype.html                               (00:00.000 / 02:14.044, 668Mb)
Load /work/output/en/guidance.html                                                                   (00:00.008 / 02:14.052, 673Mb)
Load /work/output/en/tbl_bck110010.png                                                               (00:00.005 / 02:14.058, 679Mb)
Load /work/output/en/icon-toc.png                                                                    (00:00.000 / 02:14.059, 679Mb)
Load /work/output/en/value-sets.html                                                                 (00:00.000 / 02:14.059, 679Mb)
Load /work/output/en/tbl_bck110000.png                                                               (00:00.006 / 02:14.066, 684Mb)
Load /work/output/en/DocumentReference-8a3d1799-2463-405e-b49c-6a16c8692b01.json                     (00:00.000 / 02:14.066, 684Mb)
Load /work/output/en/CodeSystem-2.16.840.1.113883.3.1937.777.24.5.3--20251211153003.xml.html         (00:00.000 / 02:14.067, 684Mb)
Load /work/output/en/icon_page_n_o.gif                                                               (00:00.062 / 02:14.129, 733Mb)
Load /work/output/en/tbl_bck000011.png                                                               (00:00.000 / 02:14.130, 733Mb)
Load /work/output/en/implementer-guidance.html                                                       (00:00.000 / 02:14.131, 733Mb)
.Load /work/output/en/tbl_bck125252.png                                                               (00:00.008 / 02:14.139, 740Mb)
Load /work/output/en/uml-diagrams.md                                                                 (00:00.000 / 02:14.140, 740Mb)
Load /work/output/en/ValueSet-2.16.840.1.113883.3.1937.777.24.11.30--20210323234509.json             (00:00.000 / 02:14.140, 740Mb)
Load /work/output/en/icon-fhir-128.png                                                               (00:00.000 / 02:14.141, 740Mb)
Load /work/output/en/tbl_bck03310.png                                                                (00:00.000 / 02:14.141, 740Mb)
Load /work/output/en/index.html                                                                      (00:00.000 / 02:14.142, 740Mb)
Load /work/output/en/tbl_bck0111110.png                                                              (00:00.007 / 02:14.150, 746Mb)
Load /work/output/en/frageboegen.md                                                                  (00:00.004 / 02:14.154, 746Mb)
Load /work/output/en/tbl_vjoin.png                                                                   (00:00.000 / 02:14.155, 746Mb)
Load /work/output/en/Consent-Example-MII-Consent-ResultType-document.json.html                       (00:00.000 / 02:14.155, 746Mb)
Load /work/output/en/StructureDefinition-e0e166b4-0f77-478d-9062-de0034d98ce0-intro.md               (00:00.036 / 02:14.191, 756Mb)
Load /work/output/en/tbl_bck00001111101.png                                                          (00:00.001 / 02:14.192, 757Mb)
Load /work/output/en/tbl_vjoin_end_slice.png                                                         (00:00.000 / 02:14.193, 757Mb)
Load /work/output/en/tbl_bck1341.png                                                                 (00:00.000 / 02:14.194, 757Mb)
Load /work/output/en/tbl_bck1340.png                                                                 (00:00.000 / 02:14.194, 757Mb)
Load /work/output/en/StructureDefinition-56375452-bfa1-4111-af7c-5b5ba9a1857c.html                   (00:00.000 / 02:14.195, 757Mb)
Load /work/output/en/tbl_bck025125.png                                                               (00:00.093 / 02:14.288, 878Mb)
Load /work/output/en/CodeSystem-2.16.840.1.113883.3.1937.777.24.5.3--20251211153003.md               (00:00.001 / 02:14.289, 878Mb)
Load /work/output/en/icon-q-text.png                                                                 (00:00.000 / 02:14.290, 878Mb)
Load /work/output/en/tbl_bck00001111100.png                                                          (00:00.000 / 02:14.290, 878Mb)
Load /work/output/en/CapabilityStatement-mii-cap-consent-server.json.html                            (00:00.000 / 02:14.291, 878Mb)
Load /work/output/en/SearchParameter-mii-sp-consent-provisiontype.xml                                (00:00.014 / 02:14.306, 887Mb)
Load /work/output/en/icon-q-display.png                                                              (00:00.000 / 02:14.306, 888Mb)
Load /work/output/en/icon-fhir-1024.png                                                              (00:00.000 / 02:14.307, 888Mb)
Load /work/output/en/tbl_bck0512.png                                                                 (00:00.000 / 02:14.307, 888Mb)
Load /work/output/en/StructureDefinition-56375452-bfa1-4111-af7c-5b5ba9a1857c.md                     (00:00.000 / 02:14.307, 888Mb)
Load /work/output/en/tbl_bck000011110010.png                                                         (00:00.000 / 02:14.308, 888Mb)
Load /work/output/en/tbl_bck143.png                                                                  (00:00.000 / 02:14.308, 888Mb)
Load /work/output/en/Consent-34150a23-b1c8-404f-874f-e042a30435d2.md                                 (00:00.000 / 02:14.308, 888Mb)
Load /work/output/en/tbl_bck03503.png                                                                (00:00.000 / 02:14.309, 888Mb)
Load /work/output/en/StructureDefinition-56375452-bfa1-4111-af7c-5b5ba9a1857c-definitions.html       (00:00.000 / 02:14.309, 888Mb)
Load /work/output/en/tbl_bck100010.png                                                               (00:00.068 / 02:14.378, 948Mb)
Load /work/output/en/tbl_bck000010.png                                                               (00:00.000 / 02:14.378, 948Mb)
Load /work/output/en/tbl_bck1552.png                                                                 (00:00.000 / 02:14.379, 948Mb)
Load /work/output/en/SearchParameter-mii-sp-consent-provisionperiod.change.history.html              (00:00.000 / 02:14.379, 948Mb)
Load /work/output/en/icon_element.gif                                                                (00:00.009 / 02:14.388, 953Mb)
Load /work/output/en/SearchParameter-mii-sp-consent-provisiontype.change.history.html                (00:00.000 / 02:14.388, 953Mb)
Load /work/output/en/tbl_bck0350240.png                                                              (00:00.004 / 02:14.393, 957Mb)
Load /work/output/en/tbl_bck13512.png                                                                (00:00.000 / 02:14.393, 957Mb)
Load /work/output/en/tbl_bck0250240.png                                                              (00:00.000 / 02:14.394, 957Mb)
Load /work/output/en/Consent-89f494a3-cd75-44f5-a78a-581dfdd47a94.change.history.html                (00:00.000 / 02:14.394, 957Mb)
Load /work/output/en/tbl_bck13510.png                                                                (00:00.005 / 02:14.399, 962Mb)
Load /work/output/en/SearchParameter-mii-sp-consent-provisioncode-testing.html                       (00:00.000 / 02:14.400, 962Mb)
Load /work/output/en/tbl_bck01100.png                                                                (00:00.012 / 02:14.412, 967Mb)
Load /work/output/en/StructureDefinition-e0e166b4-0f77-478d-9062-de0034d98ce0-examples.html          (00:00.000 / 02:14.412, 967Mb)
Load /work/output/en/SearchParameter-mii-sp-consent-policyuri-testing.html                           (00:00.005 / 02:14.418, 972Mb)
Load /work/output/en/tbl_bck0100.png                                                                 (00:00.004 / 02:14.422, 977Mb)
Load /work/output/en/tbl_bck1550.png                                                                 (00:00.000 / 02:14.423, 977Mb)
Load /work/output/en/ValueSet-2.16.840.1.113883.3.1937.777.24.11.30--20210323234509.md               (00:00.000 / 02:14.423, 977Mb)
Load /work/output/en/tbl_bck12424.png                                                                (00:00.000 / 02:14.423, 977Mb)
Load /work/output/en/tbl_bck11111.png                                                                (00:00.000 / 02:14.424, 977Mb)
Load /work/output/en/CodeSystem-mii-cs-consent-version-modules.xml.html                              (00:00.000 / 02:14.424, 977Mb)
Load /work/output/en/tbl_bck155.png                                                                  (00:00.033 / 02:14.458, 1005Mb)
Load /work/output/en/tbl_bck141.png                                                                  (00:00.000 / 02:14.459, 1005Mb)
Load /work/output/en/Parameters-mii-param-consent-manifest.xml                                       (00:00.000 / 02:14.459, 1005Mb)
Load /work/output/en/tbl_bck0000111110.png                                                           (00:00.001 / 02:14.460, 1006Mb)
Load /work/output/en/Consent-34150a23-b1c8-404f-874f-e042a30435d2.html                               (00:00.000 / 02:14.461, 1006Mb)
Load /work/output/en/Consent-89f494a3-cd75-44f5-a78a-581dfdd47a94.html                               (00:00.017 / 02:14.479, 1014Mb)
Load /work/output/en/tbl_bck035.png                                                                  (00:00.014 / 02:14.493, 1021Mb)
Load /work/output/en/tbl_bck1001001.png                                                              (00:00.000 / 02:14.493, 1021Mb)
Load /work/output/en/tbl_bck0510.png                                                                 (00:00.000 / 02:14.494, 1022Mb)
.Load /work/output/en/tbl_bck1140.png                                                                 (00:00.000 / 02:14.495, 1022Mb)
Load /work/output/en/CodeSystem-mii-cs-consent-version-modules.md                                    (00:00.000 / 02:14.495, 1022Mb)
Load /work/output/en/tbl_bck1111010.png                                                              (00:00.000 / 02:14.495, 1022Mb)
Load /work/output/en/tbl_bck1011010.png                                                              (00:00.000 / 02:14.496, 1022Mb)
Load /work/output/en/tbl_bck1424.png                                                                 (00:00.000 / 02:14.496, 1022Mb)
Load /work/output/en/icon-resource.png                                                               (00:00.000 / 02:14.497, 1022Mb)
Load /work/output/en/icon_text.png                                                                   (00:00.000 / 02:14.497, 1022Mb)
Load /work/output/en/toc.html                                                                        (00:00.000 / 02:14.497, 1022Mb)
Load /work/output/en/SearchParameter-mii-sp-consent-provisioncodeperiod.xml                          (00:00.021 / 02:14.519, 1Gb)
Load /work/output/en/Consent-34150a23-b1c8-404f-874f-e042a30435d2.xml                                (00:00.000 / 02:14.520, 1Gb)
Load /work/output/en/Provenance-55219d12-6245-4de4-8b50-ddf6f16a789b.html                            (00:00.002 / 02:14.522, 1Gb)
Load /work/output/en/icon-type-operation.png                                                         (00:00.007 / 02:14.530, 1Gb)
Load /work/output/en/tbl_vjoin_slicer.png                                                            (00:00.001 / 02:14.531, 1Gb)
Load /work/output/en/icon_bundle.png                                                                 (00:00.001 / 02:14.533, 1Gb)
Load /work/output/en/tbl_bck1001000.png                                                              (00:00.002 / 02:14.535, 1Gb)
Load /work/output/en/tbl_bck0505.png                                                                 (00:00.001 / 02:14.537, 1Gb)
Load /work/output/en/Consent-5143266b-8d60-4b28-8ee9-635140ffa5bb.xml                                (00:00.001 / 02:14.538, 1Gb)
Load /work/output/en/StructureDefinition-e0e166b4-0f77-478d-9062-de0034d98ce0-definitions.html       (00:00.010 / 02:14.548, 1Gb)
Load /work/output/en/tbl_vjoin_end_slicer-closed.png                                                 (00:00.296 / 02:14.845, 483Mb)
Load /work/output/en/tbl_bck0000111111.png                                                           (00:00.001 / 02:14.846, 483Mb)
Load /work/output/en/tbl_bck125250.png                                                               (00:00.000 / 02:14.847, 483Mb)
Load /work/output/en/tbl_bck140.png                                                                  (00:00.000 / 02:14.847, 483Mb)
Load /work/output/en/changes.html                                                                    (00:00.000 / 02:14.848, 483Mb)
Load /work/output/en/icon-qi-subject.png                                                             (00:00.005 / 02:14.854, 491Mb)
Load /work/output/en/tbl_bck11110.png                                                                (00:00.000 / 02:14.854, 491Mb)
Load /work/output/en/StructureDefinition-56375452-bfa1-4111-af7c-5b5ba9a1857c.profile.history.html   (00:00.000 / 02:14.855, 491Mb)
Load /work/output/en/ValueSet-88464c5b-5338-4c2b-9c07-b42fef2ada64.json                              (00:00.003 / 02:14.859, 496Mb)
Load /work/output/en/tbl_bck03500.png                                                                (00:00.000 / 02:14.859, 496Mb)
Load /work/output/en/ValueSet-88464c5b-5338-4c2b-9c07-b42fef2ada64.xml.html                          (00:00.000 / 02:14.860, 496Mb)
Load /work/output/en/icon_extension_complex.png                                                      (00:00.006 / 02:14.866, 503Mb)
Load /work/output/en/lock.png                                                                        (00:00.000 / 02:14.866, 503Mb)
Load /work/output/en/ValueSet-2.16.840.1.113883.3.1937.777.24.11.30--20210323234509.xml.html         (00:00.000 / 02:14.867, 503Mb)
Load /work/output/en/tbl_bck0101.png                                                                 (00:00.008 / 02:14.875, 513Mb)
Load /work/output/en/tbl_bck01101.png                                                                (00:00.000 / 02:14.876, 513Mb)
Load /work/output/en/SearchParameter-mii-sp-consent-policyuri.change.history.html                    (00:00.000 / 02:14.877, 513Mb)
Load /work/output/en/tbl_vjoin_slicer-closed.png                                                     (00:00.004 / 02:14.881, 518Mb)
Load /work/output/en/SearchParameter-mii-sp-consent-provisioncodeperiod.html                         (00:00.000 / 02:14.882, 518Mb)
Load /work/output/en/CodeSystem-2.16.840.1.113883.3.1937.777.24.5.3--20251211153003.change.history.html (00:00.004 / 02:14.887, 524Mb)
Load /work/output/en/tbl_bck011110000.png                                                            (00:00.004 / 02:14.891, 528Mb)
Load /work/output/en/tbl_bck1250.png                                                                 (00:00.000 / 02:14.892, 528Mb)
Load /work/output/en/tbl_bck00001111010.png                                                          (00:00.000 / 02:14.892, 528Mb)
Load /work/output/en/tbl_bck133.png                                                                  (00:00.000 / 02:14.893, 528Mb)
Load /work/output/en/icon-fhir-48.png                                                                (00:00.000 / 02:14.893, 528Mb)
Load /work/output/en/icon-q-date.png                                                                 (00:00.000 / 02:14.894, 528Mb)
Load /work/output/en/CapabilityStatement-mii-cap-consent-server.json                                 (00:00.000 / 02:14.894, 528Mb)
Load /work/output/en/tbl_bck100100.png                                                               (00:00.000 / 02:14.895, 528Mb)
Load /work/output/en/DocumentReference-8a3d1799-2463-405e-b49c-6a16c8692b01.xml.html                 (00:00.000 / 02:14.895, 528Mb)
Load /work/output/en/tbl_bck000100.png                                                               (00:00.004 / 02:14.900, 534Mb)
Load /work/output/en/profiles.md                                                                     (00:00.000 / 02:14.900, 534Mb)
Load /work/output/en/tree-filter.png                                                                 (00:00.000 / 02:14.901, 534Mb)
Load /work/output/en/Parameters-mii-param-consent-manifest.html                                      (00:00.000 / 02:14.901, 534Mb)
Load /work/output/en/tbl_bck1330.png                                                                 (00:00.006 / 02:14.907, 541Mb)
Load /work/output/en/icon-not-selected.png                                                           (00:00.000 / 02:14.908, 541Mb)
Load /work/output/en/icon_choice.gif                                                                 (00:00.000 / 02:14.908, 541Mb)
Load /work/output/en/tbl_bck010110.png                                                               (00:00.000 / 02:14.908, 541Mb)
Load /work/output/en/icon_page-child.gif                                                             (00:00.000 / 02:14.909, 541Mb)
Load /work/output/en/tbl_bck110110.png                                                               (00:00.000 / 02:14.909, 541Mb)
Load /work/output/en/StructureDefinition-56375452-bfa1-4111-af7c-5b5ba9a1857c-testing.html           (00:00.000 / 02:14.910, 541Mb)
Load /work/output/en/DocumentReference-8a3d1799-2463-405e-b49c-6a16c8692b01.xml                      (00:00.004 / 02:14.914, 546Mb)
Load /work/output/en/Consent-34150a23-b1c8-404f-874f-e042a30435d2.xml.html                           (00:00.000 / 02:14.915, 547Mb)
Load /work/output/en/tbl_vjoin_end_slicer-open.png                                                   (00:00.009 / 02:14.925, 561Mb)
.Load /work/output/en/icon-change-remove.png                                                          (00:00.000 / 02:14.925, 561Mb)
Load /work/output/en/link.svg                                                                        (00:00.000 / 02:14.925, 561Mb)
Load /work/output/en/tbl_bck100101.png                                                               (00:00.000 / 02:14.926, 561Mb)
Load /work/output/en/icon_modifier_extension_simple.png                                              (00:00.000 / 02:14.926, 561Mb)
Load /work/output/en/StructureDefinition-e0e166b4-0f77-478d-9062-de0034d98ce0.md                     (00:00.000 / 02:14.927, 561Mb)
Load /work/output/en/StructureDefinition-f675b1e8-9f3f-44e8-bb59-9681f78eb464-definitions.html       (00:00.000 / 02:14.927, 561Mb)
Load /work/output/en/tbl_bck035025.png                                                               (00:00.079 / 02:15.007, 638Mb)
Load /work/output/en/tbl_bck10240.png                                                                (00:00.000 / 02:15.007, 638Mb)
Load /work/output/en/logical-models.html                                                             (00:00.000 / 02:15.008, 638Mb)
Load /work/output/en/StructureDefinition-56375452-bfa1-4111-af7c-5b5ba9a1857c.profile.json.html      (00:00.006 / 02:15.015, 643Mb)
Load /work/output/en/guidance.md                                                                     (00:00.082 / 02:15.097, 719Mb)
Load /work/output/en/StructureDefinition-f675b1e8-9f3f-44e8-bb59-9681f78eb464.profile.json.html      (00:00.000 / 02:15.097, 719Mb)
Load /work/output/en/tbl_bck1251.png                                                                 (00:00.089 / 02:15.187, 795Mb)
Load /work/output/en/icon-qi-vertical.png                                                            (00:00.000 / 02:15.188, 795Mb)
Load /work/output/en/implementer-guidance.md                                                         (00:00.000 / 02:15.188, 795Mb)
Load /work/output/en/ValueSet-2.16.840.1.113883.3.1937.777.24.11.36--20230331232804.json             (00:00.000 / 02:15.189, 795Mb)
Load /work/output/en/Provenance-55219d12-6245-4de4-8b50-ddf6f16a789b.change.history.html             (00:00.000 / 02:15.189, 795Mb)
Load /work/output/en/tbl_bck1253.png                                                                 (00:00.005 / 02:15.195, 800Mb)
Load /work/output/en/icon-change-edit.png                                                            (00:00.000 / 02:15.195, 800Mb)
Load /work/output/en/tbl_bck000011110.png                                                            (00:00.000 / 02:15.196, 800Mb)
Load /work/output/en/Provenance-55219d12-6245-4de4-8b50-ddf6f16a789b.xml.html                        (00:00.000 / 02:15.197, 800Mb)
Load /work/output/en/tbl_bck0000111001.png                                                           (00:00.007 / 02:15.205, 807Mb)
Load /work/output/en/tbl_bck0000111110110.png                                                        (00:00.000 / 02:15.205, 807Mb)
Load /work/output/en/Consent-89f494a3-cd75-44f5-a78a-581dfdd47a94.xml.html                           (00:00.000 / 02:15.206, 807Mb)
Load /work/output/en/tbl_bck124.png                                                                  (00:00.011 / 02:15.217, 820Mb)
Load /work/output/en/tbl_bck130.png                                                                  (00:00.000 / 02:15.217, 820Mb)
Load /work/output/en/tbl_bck11000.png                                                                (00:00.000 / 02:15.218, 820Mb)
Load /work/output/en/tbl_bck03410.png                                                                (00:00.000 / 02:15.218, 820Mb)
Load /work/output/en/tbl_bck12535.png                                                                (00:00.000 / 02:15.218, 820Mb)
Load /work/output/en/tbl_bck125340.png                                                               (00:00.000 / 02:15.219, 820Mb)
Load /work/output/en/tbl_bck1125.png                                                                 (00:00.000 / 02:15.219, 820Mb)
Load /work/output/en/tbl_bck050.png                                                                  (00:00.000 / 02:15.220, 820Mb)
Load /work/output/en/tbl_bck01011.png                                                                (00:00.000 / 02:15.220, 820Mb)
Load /work/output/en/tbl_vjoin_end_slicer.png                                                        (00:00.000 / 02:15.220, 820Mb)
Load /work/output/en/CapabilityStatement-mii-cap-consent-server-testing.html                         (00:00.000 / 02:15.221, 820Mb)
Load /work/output/en/tbl-open.png                                                                    (00:00.005 / 02:15.226, 825Mb)
Load /work/output/en/tbl_bck0011.png                                                                 (00:00.000 / 02:15.226, 825Mb)
Load /work/output/en/SearchParameter-mii-sp-consent-provisionperiod.json.html                        (00:00.000 / 02:15.226, 825Mb)
Load /work/output/en/tbl_bck0010.png                                                                 (00:00.007 / 02:15.234, 831Mb)
Load /work/output/en/icon-qi-hidden.png                                                              (00:00.000 / 02:15.235, 831Mb)
Load /work/output/en/tbl_bck13400.png                                                                (00:00.000 / 02:15.235, 831Mb)
Load /work/output/en/tbl_bck01010.png                                                                (00:00.000 / 02:15.236, 831Mb)
Load /work/output/en/Consent-Example-MII-Consent-ResultType-document.html                            (00:00.000 / 02:15.236, 831Mb)
Load /work/output/en/icon-warning.png                                                                (00:00.006 / 02:15.243, 838Mb)
Load /work/output/en/tbl_bck051.png                                                                  (00:00.000 / 02:15.243, 838Mb)
Load /work/output/en/tbl_bck1124.png                                                                 (00:00.000 / 02:15.243, 838Mb)
Load /work/output/en/SearchParameter-mii-sp-consent-provisionperiod.json                             (00:00.002 / 02:15.246, 838Mb)
Load /work/output/en/security-and-privacy.md                                                         (00:00.000 / 02:15.247, 838Mb)
Load /work/output/en/SearchParameter-mii-sp-consent-provisioncodetype.xml                            (00:00.000 / 02:15.247, 838Mb)
Load /work/output/en/tbl_vjoin_slice-open.png                                                        (00:00.000 / 02:15.248, 839Mb)
Load /work/output/en/tbl_bck11001.png                                                                (00:00.000 / 02:15.248, 839Mb)
Load /work/output/en/uml-diagrams.html                                                               (00:00.000 / 02:15.249, 839Mb)
Load /work/output/en/tbl_bck125.png                                                                  (00:00.005 / 02:15.255, 844Mb)
Load /work/output/en/tbl_bck0400.png                                                                 (00:00.000 / 02:15.255, 844Mb)
Load /work/output/en/tbl_bck1050.png                                                                 (00:00.000 / 02:15.255, 844Mb)
Load /work/output/en/tbl_bck0000111000.png                                                           (00:00.002 / 02:15.258, 844Mb)
Load /work/output/en/tbl_vjoin-open.png                                                              (00:00.001 / 02:15.259, 844Mb)
Load /work/output/en/icon_vd_view.png                                                                (00:00.000 / 02:15.260, 844Mb)
Load /work/output/en/StructureDefinition-f675b1e8-9f3f-44e8-bb59-9681f78eb464-intro.md               (00:00.000 / 02:15.260, 844Mb)
Load /work/output/en/icon_datatype.gif                                                               (00:00.000 / 02:15.261, 844Mb)
Load /work/output/en/tbl_bck000011111.png                                                            (00:00.000 / 02:15.261, 844Mb)
.Load /work/output/en/alert.jpg                                                                       (00:00.000 / 02:15.261, 844Mb)
Load /work/output/en/tbl_vjoin_end_slice-open.png                                                    (00:00.000 / 02:15.262, 844Mb)
Load /work/output/en/tbl_bck1011100.png                                                              (00:00.000 / 02:15.262, 844Mb)
Load /work/output/en/tbl_bck1252.png                                                                 (00:00.000 / 02:15.262, 844Mb)
Load /work/output/en/Consent-5143266b-8d60-4b28-8ee9-635140ffa5bb.json.html                          (00:00.000 / 02:15.263, 844Mb)
Load /work/output/en/Parameters-mii-param-consent-manifest.json.html                                 (00:00.025 / 02:15.288, 870Mb)
Load /work/output/en/tbl_bck1011110.png                                                              (00:00.006 / 02:15.294, 877Mb)
Load /work/output/en/icon_slice.png                                                                  (00:00.000 / 02:15.295, 877Mb)
Load /work/output/en/tbl_bck0000111010.png                                                           (00:00.000 / 02:15.295, 877Mb)
Load /work/output/en/icon-directory.gif                                                              (00:00.001 / 02:15.297, 877Mb)
Load /work/output/en/tbl_bck000011101.png                                                            (00:00.000 / 02:15.298, 877Mb)
Load /work/output/en/icon-q-datetime.png                                                             (00:00.000 / 02:15.298, 877Mb)
Load /work/output/en/DocumentReference-8a3d1799-2463-405e-b49c-6a16c8692b01.json.html                (00:00.000 / 02:15.298, 878Mb)
Load /work/output/en/tbl_bck135.png                                                                  (00:00.004 / 02:15.303, 883Mb)
Load /work/output/en/tbl_bck0410.png                                                                 (00:00.000 / 02:15.304, 883Mb)
Load /work/output/en/tbl_bck1040.png                                                                 (00:00.000 / 02:15.304, 883Mb)
Load /work/output/en/tbl_bck11011.png                                                                (00:00.000 / 02:15.305, 883Mb)
Load /work/output/en/tbl_bck041.png                                                                  (00:00.000 / 02:15.305, 883Mb)
Load /work/output/en/CodeSystem-2.16.840.1.113883.3.1937.777.24.5.2--20210423105554-testing.html     (00:00.000 / 02:15.305, 883Mb)
Load /work/output/en/SearchParameter-mii-sp-consent-provisioncodetype.json                           (00:00.003 / 02:15.309, 888Mb)
Load /work/output/en/tbl_bck13410.png                                                                (00:00.000 / 02:15.310, 888Mb)
Load /work/output/en/tbl_bck01000.png                                                                (00:00.000 / 02:15.310, 888Mb)
Load /work/output/en/icon-q-item.png                                                                 (00:00.000 / 02:15.311, 888Mb)
Load /work/output/en/tbl_bck0000.png                                                                 (00:00.000 / 02:15.311, 888Mb)
Load /work/output/en/tbl_bck0001.png                                                                 (00:00.000 / 02:15.311, 888Mb)
Load /work/output/en/tbl_bck125350.png                                                               (00:00.000 / 02:15.312, 888Mb)
Load /work/output/en/tbl_bck040.png                                                                  (00:00.000 / 02:15.312, 888Mb)
Load /work/output/en/StructureDefinition-e0e166b4-0f77-478d-9062-de0034d98ce0.profile.history.html   (00:00.000 / 02:15.313, 888Mb)
Load /work/output/en/tbl_bck11010.png                                                                (00:00.003 / 02:15.316, 893Mb)
Load /work/output/en/tbl_bck03400.png                                                                (00:00.000 / 02:15.317, 893Mb)
Load /work/output/en/artifacts.md                                                                    (00:00.000 / 02:15.317, 893Mb)
Load /work/output/en/tbl_bck12525.png                                                                (00:00.000 / 02:15.318, 893Mb)
Load /work/output/en/tbl_bck0000111110100.png                                                        (00:00.000 / 02:15.318, 893Mb)
Load /work/output/en/tbl_bck134.png                                                                  (00:00.000 / 02:15.318, 893Mb)
Load /work/output/en/tbl_bck120.png                                                                  (00:00.000 / 02:15.319, 893Mb)
Load /work/output/en/tbl_bck000011100.png                                                            (00:00.000 / 02:15.319, 893Mb)
Load /work/output/en/tbl_bck0000111011.png                                                           (00:00.000 / 02:15.319, 893Mb)
Load /work/output/en/ValueSet-2.16.840.1.113883.3.1937.777.24.11.30--20210323234509.xml              (00:00.000 / 02:15.319, 893Mb)
Load /work/output/en/SearchParameter-mii-sp-consent-provisioncode.change.history.html                (00:00.000 / 02:15.320, 894Mb)
Load /work/output/en/icon_primitive.png                                                              (00:00.003 / 02:15.324, 899Mb)
Load /work/output/en/tbl_bck1243.png                                                                 (00:00.000 / 02:15.324, 899Mb)
Load /work/output/en/cc0.png                                                                         (00:00.000 / 02:15.325, 899Mb)
Load /work/output/en/tbl_vjoin_end_slice-closed.png                                                  (00:00.000 / 02:15.325, 899Mb)
Load /work/output/en/icon-q-open-choice.png                                                          (00:00.000 / 02:15.325, 899Mb)
Load /work/output/en/target.png                                                                      (00:00.000 / 02:15.326, 899Mb)
Load /work/output/en/search-parameters.md                                                            (00:00.000 / 02:15.326, 899Mb)
Load /work/output/en/tbl_bck00001111001.png                                                          (00:00.000 / 02:15.326, 899Mb)
Load /work/output/en/capability-statements.md                                                        (00:00.000 / 02:15.327, 899Mb)
Load /work/output/en/icon_q_root.gif                                                                 (00:00.000 / 02:15.327, 899Mb)
Load /work/output/en/tbl_bck1241.png                                                                 (00:00.000 / 02:15.327, 899Mb)
Load /work/output/en/tbl_bck10250.png                                                                (00:00.000 / 02:15.328, 899Mb)
Load /work/output/en/icon-q-quantity.png                                                             (00:00.000 / 02:15.328, 899Mb)
Load /work/output/en/information.png                                                                 (00:00.000 / 02:15.328, 899Mb)
Load /work/output/en/CodeSystem-mii-cs-consent-version-modules.json.html                             (00:00.000 / 02:15.329, 899Mb)
Load /work/output/en/tbl_vjoin_end-open.png                                                          (00:00.012 / 02:15.341, 917Mb)
Load /work/output/en/tbl_bck125352.png                                                               (00:00.000 / 02:15.342, 917Mb)
Load /work/output/en/tbl_bck010100.png                                                               (00:00.000 / 02:15.342, 917Mb)
Load /work/output/en/ValueSet-88464c5b-5338-4c2b-9c07-b42fef2ada64-testing.html                      (00:00.000 / 02:15.342, 917Mb)
Load /work/output/en/tbl_bck110100.png                                                               (00:00.003 / 02:15.346, 922Mb)
Load /work/output/en/icon-qi-security.bmp                                                            (00:00.000 / 02:15.346, 922Mb)
Load /work/output/en/SearchParameter-mii-sp-consent-policyuri.html                                   (00:00.000 / 02:15.347, 922Mb)
.Load /work/output/en/tbl_vjoin_end-closed.png                                                        (00:00.004 / 02:15.351, 928Mb)
Load /work/output/en/tbl_bck1320.png                                                                 (00:00.000 / 02:15.351, 928Mb)
Load /work/output/en/icon-include.png                                                                (00:00.000 / 02:15.351, 928Mb)
Load /work/output/en/CodeSystem-mii-cs-consent-version-modules.xml                                   (00:00.000 / 02:15.352, 928Mb)
Load /work/output/en/tbl_bck100110.png                                                               (00:00.002 / 02:15.354, 931Mb)
Load /work/output/en/ValueSet-2.16.840.1.113883.3.1937.777.24.11.30--20210323234509.json.html        (00:00.000 / 02:15.354, 931Mb)
Load /work/output/en/CodeSystem-2.16.840.1.113883.3.1937.777.24.5.2--20210423105554.html             (00:00.006 / 02:15.361, 939Mb)
Load /work/output/en/tbl_bck000110.png                                                               (00:00.010 / 02:15.372, 945Mb)
Load /work/output/en/icon-fhir-64.png                                                                (00:00.000 / 02:15.373, 945Mb)
Load /work/output/en/icon_reuse.png                                                                  (00:00.000 / 02:15.373, 945Mb)
Load /work/output/en/tbl_bck1240.png                                                                 (00:00.000 / 02:15.373, 945Mb)
Load /work/output/en/Consent-Example-MII-Consent-ResultType-document.md                              (00:00.000 / 02:15.374, 945Mb)
Load /work/output/en/tbl_bck025025.png                                                               (00:00.000 / 02:15.374, 945Mb)
Load /work/output/en/icon_extension_simple.png                                                       (00:00.000 / 02:15.374, 945Mb)
Load /work/output/en/StructureDefinition-e0e166b4-0f77-478d-9062-de0034d98ce0.profile.json.html      (00:00.000 / 02:15.375, 945Mb)
Load /work/output/en/StructureDefinition-e0e166b4-0f77-478d-9062-de0034d98ce0.json                   (00:00.170 / 02:15.545, 1Gb)
Load /work/output/en/icon-q-decimal.png                                                              (00:00.000 / 02:15.546, 1Gb)
Load /work/output/en/tbl_bck011110010.png                                                            (00:00.000 / 02:15.546, 1Gb)
Load /work/output/en/icon_vd_foreach.png                                                             (00:00.000 / 02:15.547, 1Gb)
Load /work/output/en/icon-q-boolean.png                                                              (00:00.000 / 02:15.547, 1Gb)
Load /work/output/en/downloads.html                                                                  (00:00.000 / 02:15.548, 1Gb)
Load /work/output/en/tbl_bck025000.png                                                               (00:00.004 / 02:15.552, 1Gb)
Load /work/output/en/CodeSystem-2.16.840.1.113883.3.1937.777.24.5.2--20210423105554.json             (00:00.000 / 02:15.552, 1Gb)
Load /work/output/en/frageboegen.html                                                                (00:00.000 / 02:15.552, 1Gb)
Load /work/output/en/tbl_bck0110100.png                                                              (00:00.004 / 02:15.557, 1Gb)
Load /work/output/en/icon_page.gif                                                                   (00:00.000 / 02:15.557, 1Gb)
Load /work/output/en/Consent-Example-MII-Consent-ResultType-document.xml                             (00:00.000 / 02:15.557, 1Gb)
Load /work/output/en/tbl_bck1.png                                                                    (00:00.001 / 02:15.559, 1Gb)
Load /work/output/en/tbl_bck0000111.png                                                              (00:00.000 / 02:15.559, 1Gb)
Load /work/output/en/tbl_bck112.png                                                                  (00:00.000 / 02:15.560, 1Gb)
Load /work/output/en/tbl_bck0351.png                                                                 (00:00.000 / 02:15.561, 1Gb)
Load /work/output/en/tbl_bck111010.png                                                               (00:00.000 / 02:15.561, 1Gb)
Load /work/output/en/tbl_bck011010.png                                                               (00:00.000 / 02:15.562, 1Gb)
Load /work/output/en/StructureDefinition-56375452-bfa1-4111-af7c-5b5ba9a1857c-intro.md               (00:00.000 / 02:15.562, 1Gb)
Load /work/output/en/icon-qi-optional.png                                                            (00:00.000 / 02:15.563, 1Gb)
Load /work/output/en/tbl_vjoin_slice-closed.png                                                      (00:00.000 / 02:15.563, 1Gb)
Load /work/output/en/StructureDefinition-e0e166b4-0f77-478d-9062-de0034d98ce0.html                   (00:00.000 / 02:15.564, 1Gb)
Load /work/output/en/SearchParameter-mii-sp-consent-provisioncodetype.xml.html                       (00:00.388 / 02:15.953, 672Mb)
Load /work/output/en/StructureDefinition-e0e166b4-0f77-478d-9062-de0034d98ce0.xml                    (00:00.009 / 02:15.963, 679Mb)
Load /work/output/en/tbl_bck001001.png                                                               (00:00.043 / 02:16.006, 731Mb)
Load /work/output/en/tbl_bck02512.png                                                                (00:00.001 / 02:16.007, 731Mb)
Load /work/output/en/SearchParameter-mii-sp-consent-provisiontype-testing.html                       (00:00.000 / 02:16.007, 731Mb)
Load /work/output/en/DocumentReference-8a3d1799-2463-405e-b49c-6a16c8692b01.change.history.html      (00:00.004 / 02:16.012, 736Mb)
Load /work/output/en/SearchParameter-mii-sp-consent-provisioncode.md                                 (00:00.004 / 02:16.017, 740Mb)
Load /work/output/en/ImplementationGuide-mii-ig-consent.md                                           (00:00.000 / 02:16.018, 740Mb)
Load /work/output/en/tbl_bck02513.png                                                                (00:00.000 / 02:16.019, 740Mb)
Load /work/output/en/SearchParameter-mii-sp-consent-provisioncodetype.json.html                      (00:00.000 / 02:16.019, 740Mb)
Load /work/output/en/tbl_bck001000.png                                                               (00:00.007 / 02:16.027, 747Mb)
Load /work/output/en/icon-qi-observation.png                                                         (00:00.000 / 02:16.028, 747Mb)
Load /work/output/en/tbl_bck101000.png                                                               (00:00.030 / 02:16.059, 747Mb)
Load /work/output/en/ValueSet-2.16.840.1.113883.3.1937.777.24.11.36--20230331232804.json.html        (00:00.000 / 02:16.060, 747Mb)
Load /work/output/en/tbl_bck1112.png                                                                 (00:00.008 / 02:16.068, 753Mb)
Load /work/output/en/tbl_vjoin_slicer-open.png                                                       (00:00.000 / 02:16.069, 753Mb)
Load /work/output/en/tbl_bck00112.png                                                                (00:00.000 / 02:16.070, 753Mb)
Load /work/output/en/tbl_bck0251250.png                                                              (00:00.000 / 02:16.070, 753Mb)
Load /work/output/en/tbl_bck0351250.png                                                              (00:00.000 / 02:16.071, 753Mb)
Load /work/output/en/tbl_bck011011.png                                                               (00:00.000 / 02:16.072, 753Mb)
Load /work/output/en/CapabilityStatement-mii-cap-consent-server.xml.html                             (00:00.000 / 02:16.072, 753Mb)
Load /work/output/en/tbl_bck113.png                                                                  (00:00.009 / 02:16.082, 764Mb)
Load /work/output/en/tbl_bck0000110.png                                                              (00:00.000 / 02:16.083, 764Mb)
Load /work/output/en/tbl_bck0350.png                                                                 (00:00.001 / 02:16.085, 764Mb)
.Load /work/output/en/tbl_bck10010000.png                                                             (00:00.000 / 02:16.086, 764Mb)
Load /work/output/en/tbl_bck00001110110.png                                                          (00:00.000 / 02:16.086, 764Mb)
Load /work/output/en/tbl_bck10110000.png                                                             (00:00.000 / 02:16.087, 764Mb)
Load /work/output/en/SearchParameter-mii-sp-consent-policyuri.json                                   (00:00.000 / 02:16.087, 764Mb)
Load /work/output/en/tbl_bck0.png                                                                    (00:00.000 / 02:16.088, 764Mb)
Load /work/output/en/tbl_bck00001001.png                                                             (00:00.000 / 02:16.089, 764Mb)
Load /work/output/en/icon-change-add.png                                                             (00:00.000 / 02:16.090, 764Mb)
Load /work/output/en/tbl_bck000011111000.png                                                         (00:00.000 / 02:16.090, 764Mb)
Load /work/output/en/SearchParameter-mii-sp-consent-provisioncodeperiod.md                           (00:00.000 / 02:16.091, 764Mb)
Load /work/output/en/icon-page.png                                                                   (00:00.000 / 02:16.091, 764Mb)
Load /work/output/en/tbl_bck1500.png                                                                 (00:00.000 / 02:16.092, 764Mb)
Load /work/output/en/ValueSet-88464c5b-5338-4c2b-9c07-b42fef2ada64.json.html                         (00:00.000 / 02:16.093, 764Mb)
Load /work/output/en/SearchParameter-mii-sp-consent-provisioncodetype-testing.html                   (00:00.006 / 02:16.099, 771Mb)
Load /work/output/en/profiles.html                                                                   (00:00.004 / 02:16.104, 776Mb)
Load /work/output/en/StructureDefinition-f675b1e8-9f3f-44e8-bb59-9681f78eb464.profile.xml.html       (00:00.005 / 02:16.109, 782Mb)
Load /work/output/en/tbl_bck105.png                                                                  (00:00.136 / 02:16.246, 904Mb)
Load /work/output/en/tbl_bck01101100.png                                                             (00:00.000 / 02:16.247, 904Mb)
Load /work/output/en/tbl_bck111.png                                                                  (00:00.000 / 02:16.247, 904Mb)
Load /work/output/en/tbl_vline_slice.png                                                             (00:00.000 / 02:16.248, 904Mb)
Load /work/output/en/tbl_bck05040.png                                                                (00:00.000 / 02:16.248, 904Mb)
Load /work/output/en/tbl_bck0251252.png                                                              (00:00.000 / 02:16.249, 904Mb)
Load /work/output/en/tbl_bck00110.png                                                                (00:00.000 / 02:16.249, 904Mb)
Load /work/output/en/tbl_bck12500.png                                                                (00:00.000 / 02:16.250, 904Mb)
Load /work/output/en/tbl_bck0351252.png                                                              (00:00.000 / 02:16.250, 904Mb)
Load /work/output/en/icon_fixed.gif                                                                  (00:00.000 / 02:16.251, 904Mb)
Load /work/output/en/tbl_bck1110.png                                                                 (00:00.000 / 02:16.251, 904Mb)
Load /work/output/en/security-and-privacy.html                                                       (00:00.000 / 02:16.251, 904Mb)
Load /work/output/en/tbl_bck10101.png                                                                (00:00.007 / 02:16.259, 910Mb)
Load /work/output/en/SearchParameter-mii-sp-consent-policyuri.xml.html                               (00:00.000 / 02:16.260, 910Mb)
Load /work/output/en/SearchParameter-mii-sp-consent-provisioncodeperiod.json.html                    (00:00.006 / 02:16.266, 916Mb)
Load /work/output/en/help.png                                                                        (00:00.006 / 02:16.272, 922Mb)
Load /work/output/en/StructureDefinition-f675b1e8-9f3f-44e8-bb59-9681f78eb464.xml                    (00:00.000 / 02:16.273, 922Mb)
Load /work/output/en/tbl_bck02510.png                                                                (00:00.018 / 02:16.291, 937Mb)
Load /work/output/en/modifier.png                                                                    (00:00.000 / 02:16.291, 937Mb)
Load /work/output/en/tbl_bck10100.png                                                                (00:00.000 / 02:16.292, 937Mb)
Load /work/output/en/icon-key.png                                                                    (00:00.000 / 02:16.292, 937Mb)
Load /work/output/en/tbl_bck15050.png                                                                (00:00.000 / 02:16.293, 937Mb)
Load /work/output/en/icon-q-integer.png                                                              (00:00.000 / 02:16.293, 937Mb)
Load /work/output/en/tbl_bck1111.png                                                                 (00:00.000 / 02:16.294, 937Mb)
Load /work/output/en/StructureDefinition-56375452-bfa1-4111-af7c-5b5ba9a1857c-examples.html          (00:00.000 / 02:16.294, 937Mb)
Load /work/output/en/tbl_bck00111.png                                                                (00:00.004 / 02:16.299, 942Mb)
Load /work/output/en/Consent-89f494a3-cd75-44f5-a78a-581dfdd47a94.xml                                (00:00.000 / 02:16.299, 942Mb)
Load /work/output/en/SearchParameter-mii-sp-consent-provisiontype.md                                 (00:00.005 / 02:16.305, 944Mb)
Load /work/output/en/tbl_bck110.png                                                                  (00:00.000 / 02:16.305, 944Mb)
Load /work/output/en/tbl_bck104.png                                                                  (00:00.000 / 02:16.305, 944Mb)
Load /work/output/en/SearchParameter-mii-sp-consent-provisioncodeperiod.xml.html                     (00:00.000 / 02:16.306, 944Mb)
Load /work/output/en/index.md                                                                        (00:00.006 / 02:16.313, 951Mb)
Load /work/output/en/tbl_bck1515.png                                                                 (00:00.000 / 02:16.313, 951Mb)
Load /work/output/en/CodeSystem-2.16.840.1.113883.3.1937.777.24.5.2--20210423105554.xml              (00:00.000 / 02:16.313, 951Mb)
Load /work/output/en/tbl-closed.png                                                                  (00:00.001 / 02:16.315, 951Mb)
Load /work/output/en/tbl_bck000010010.png                                                            (00:00.000 / 02:16.315, 951Mb)
Load /work/output/en/version-history.md                                                              (00:00.000 / 02:16.316, 951Mb)
Load /work/output/en/SearchParameter-mii-sp-consent-provisioncodetype.html                           (00:00.000 / 02:16.316, 951Mb)
Load /work/output/en/icon-dictionary.png                                                             (00:00.007 / 02:16.324, 957Mb)
Load /work/output/en/Consent-Example-MII-Consent-ResultType-document.json                            (00:00.000 / 02:16.324, 957Mb)
Load /work/output/en/tbl_bck000010000.png                                                            (00:00.000 / 02:16.325, 957Mb)
Load /work/output/en/SearchParameter-mii-sp-consent-provisionperiod.html                             (00:00.000 / 02:16.325, 957Mb)
Load /work/output/en/StructureDefinition-56375452-bfa1-4111-af7c-5b5ba9a1857c-mappings.html          (00:00.005 / 02:16.330, 962Mb)
Load /work/output/en/tbl_bck1505.png                                                                 (00:00.054 / 02:16.384, 996Mb)
Load /work/output/en/CodeSystem-2.16.840.1.113883.3.1937.777.24.5.2--20210423105554.md               (00:00.000 / 02:16.385, 996Mb)
Load /work/output/en/tbl_bck100.png                                                                  (00:00.000 / 02:16.386, 996Mb)
.Load /work/output/en/tbl_bck12511.png                                                                (00:00.000 / 02:16.386, 996Mb)
Load /work/output/en/tbl_bck00101.png                                                                (00:00.000 / 02:16.386, 996Mb)
Load /work/output/en/translationinfo.md                                                              (00:00.000 / 02:16.387, 996Mb)
Load /work/output/en/SearchParameter-mii-sp-consent-provisionperiod.xml.html                         (00:00.000 / 02:16.387, 996Mb)
Load /work/output/en/StructureDefinition-56375452-bfa1-4111-af7c-5b5ba9a1857c.xml                    (00:00.009 / 02:16.397, 1002Mb)
Load /work/output/en/icon-list.gif                                                                   (00:00.024 / 02:16.422, 1016Mb)
Load /work/output/en/tbl_bck1101.png                                                                 (00:00.000 / 02:16.422, 1017Mb)
Load /work/output/en/fhir-table-scripts.js                                                           (00:00.000 / 02:16.423, 1017Mb)
Load /work/output/en/tbl_bck02500.png                                                                (00:00.000 / 02:16.423, 1017Mb)
Load /work/output/en/tbl_bck10110.png                                                                (00:00.000 / 02:16.423, 1017Mb)
Load /work/output/en/tbl_bck15040.png                                                                (00:00.000 / 02:16.424, 1017Mb)
Load /work/output/en/icon_extension.png                                                              (00:00.000 / 02:16.424, 1017Mb)
Load /work/output/en/icon-implementation.png                                                         (00:00.000 / 02:16.424, 1017Mb)
Load /work/output/en/icon_entry_blue.png                                                             (00:00.000 / 02:16.425, 1017Mb)
Load /work/output/en/icon-q-coding.png                                                               (00:00.000 / 02:16.425, 1017Mb)
Load /work/output/en/tbl_bck10111.png                                                                (00:00.000 / 02:16.426, 1017Mb)
Load /work/output/en/tbl_bck02501.png                                                                (00:00.000 / 02:16.426, 1017Mb)
Load /work/output/en/tbl_bck1100.png                                                                 (00:00.000 / 02:16.426, 1017Mb)
Load /work/output/en/CodeSystem-2.16.840.1.113883.3.1937.777.24.5.2--20210423105554.xml.html         (00:00.000 / 02:16.426, 1017Mb)
Load /work/output/en/CapabilityStatement-mii-cap-consent-server.change.history.html                  (00:00.008 / 02:16.435, 1Gb)
Load /work/output/en/tbl_bck05050.png                                                                (00:00.009 / 02:16.444, 1Gb)
Load /work/output/en/CapabilityStatement-mii-cap-consent-server.md                                   (00:00.000 / 02:16.444, 1Gb)
Load /work/output/en/SearchParameter-mii-sp-consent-policyuri.json.html                              (00:00.000 / 02:16.445, 1Gb)
Load /work/output/en/tbl_bck00100.png                                                                (00:00.005 / 02:16.450, 1Gb)
Load /work/output/en/ValueSet-2.16.840.1.113883.3.1937.777.24.11.36--20230331232804.xml              (00:00.001 / 02:16.452, 1Gb)
Load /work/output/en/CodeSystem-2.16.840.1.113883.3.1937.777.24.5.3--20251211153003-testing.html     (00:00.009 / 02:16.461, 1Gb)
Load /work/output/en/tbl_bck12510.png                                                                (00:00.011 / 02:16.472, 1Gb)
Load /work/output/en/tbl_bck115.png                                                                  (00:00.000 / 02:16.473, 1Gb)
Load /work/output/en/icon-documentation.png                                                          (00:00.000 / 02:16.473, 1Gb)
Load /work/output/en/tbl_bck01101110.png                                                             (00:00.000 / 02:16.474, 1Gb)
Load /work/output/en/tbl_bck101.png                                                                  (00:00.000 / 02:16.474, 1Gb)
Load /work/output/en/icon-selected.png                                                               (00:00.000 / 02:16.474, 1Gb)
Load /work/output/en/icon-example.png                                                                (00:00.000 / 02:16.474, 1Gb)
Load /work/output/en/ValueSet-88464c5b-5338-4c2b-9c07-b42fef2ada64.xml                               (00:00.000 / 02:16.475, 1Gb)
Load /work/output/en/tbl_bck1510.png                                                                 (00:00.000 / 02:16.476, 1Gb)
Load /work/output/en/tbl_bck0140.png                                                                 (00:00.000 / 02:16.476, 1Gb)
Load /work/output/en/prism.css                                                                       (00:00.000 / 02:16.477, 1Gb)
Load /work/output/en/ImplementationGuide-mii-ig-consent.xml                                          (00:00.000 / 02:16.477, 1Gb)
Load /work/output/en/icon-qi-readonly.png                                                            (00:00.011 / 02:16.488, 1Gb)
Load /work/output/en/Consent-5143266b-8d60-4b28-8ee9-635140ffa5bb.md                                 (00:00.000 / 02:16.488, 1Gb)
Load /work/output/en/tbl_bck000011111010.png                                                         (00:00.000 / 02:16.489, 1Gb)
Load /work/output/en/SearchParameter-mii-sp-consent-provisioncodeperiod-testing.html                 (00:00.000 / 02:16.489, 1Gb)
Load /work/output/en/tbl_bck0110111.png                                                              (00:00.006 / 02:16.495, 1Gb)
Load /work/output/en/icon-object-box.png                                                             (00:00.000 / 02:16.496, 1Gb)
Load /work/output/en/tbl_bck1512.png                                                                 (00:00.000 / 02:16.497, 1Gb)
Load /work/output/en/tbl_vjoin_slice.png                                                             (00:00.000 / 02:16.497, 1Gb)
Load /work/output/en/Parameters-mii-param-consent-manifest.change.history.html                       (00:00.000 / 02:16.498, 1Gb)
Load /work/output/en/icon-q-group.png                                                                (00:00.018 / 02:16.517, 1Gb)
Load /work/output/en/tbl_bck103.png                                                                  (00:00.000 / 02:16.517, 1Gb)
Load /work/output/en/tbl_bck0000100.png                                                              (00:00.000 / 02:16.517, 1Gb)
Load /work/output/en/tbl_bck0340.png                                                                 (00:00.000 / 02:16.518, 1Gb)
Load /work/output/en/tbl_bck10010010.png                                                             (00:00.000 / 02:16.518, 1Gb)
Load /work/output/en/Consent-Example-MII-Consent-ResultType-document.xml.html                        (00:00.000 / 02:16.519, 1Gb)
Load /work/output/en/tbl_bck00001110100.png                                                          (00:00.018 / 02:16.538, 1Gb)
Load /work/output/en/tbl_bck10110010.png                                                             (00:00.000 / 02:16.539, 1Gb)
Load /work/output/en/SearchParameter-mii-sp-consent-policyuri.xml                                    (00:00.000 / 02:16.539, 1Gb)
Load /work/output/en/tbl_bck0251240.png                                                              (00:00.000 / 02:16.540, 1Gb)
Load /work/output/en/tbl_bck0351240.png                                                              (00:00.000 / 02:16.540, 1Gb)
Load /work/output/en/tbl_bck12512.png                                                                (00:00.000 / 02:16.541, 1Gb)
Load /work/output/en/tbl_bck011001.png                                                               (00:00.000 / 02:16.541, 1Gb)
Load /work/output/en/new.png                                                                         (00:00.000 / 02:16.542, 1Gb)
.Load /work/output/en/ValueSet-2.16.840.1.113883.3.1937.777.24.11.36--20230331232804.html             (00:00.000 / 02:16.542, 1Gb)
Load /work/output/en/tbl_bck02503.png                                                                (00:00.062 / 02:16.605, 1Gb)
Load /work/output/en/tbl_bck001010.png                                                               (00:00.000 / 02:16.606, 1Gb)
Load /work/output/en/tbl_bck101010.png                                                               (00:00.000 / 02:16.606, 1Gb)
Load /work/output/en/icon-qi-instructions.png                                                        (00:00.000 / 02:16.606, 1Gb)
Load /work/output/en/changes.md                                                                      (00:00.000 / 02:16.607, 1Gb)
Load /work/output/en/icon-clinical.png                                                               (00:00.000 / 02:16.607, 1Gb)
Load /work/output/en/SearchParameter-mii-sp-consent-provisioncodeperiod.json                         (00:00.000 / 02:16.608, 1Gb)
Load /work/output/en/tbl_bck111000.png                                                               (00:00.000 / 02:16.608, 1Gb)
Load /work/output/en/tbl_bck011000.png                                                               (00:00.000 / 02:16.608, 1Gb)
Load /work/output/en/Parameters-mii-param-consent-manifest.json                                      (00:00.000 / 02:16.609, 1Gb)
Load /work/output/en/tbl_bck0000101.png                                                              (00:00.000 / 02:16.609, 1Gb)
Load /work/output/en/tbl_bck0341.png                                                                 (00:00.000 / 02:16.610, 1Gb)
Load /work/output/en/StructureDefinition-f675b1e8-9f3f-44e8-bb59-9681f78eb464.md                     (00:00.000 / 02:16.610, 1Gb)
Load /work/output/en/DocumentReference-8a3d1799-2463-405e-b49c-6a16c8692b01.md                       (00:00.000 / 02:16.610, 1Gb)
Load /work/output/en/examples.html                                                                   (00:00.000 / 02:16.611, 1Gb)
Load /work/output/en/ValueSet-2.16.840.1.113883.3.1937.777.24.11.36--20230331232804-testing.html     (00:00.008 / 02:16.619, 1Gb)
Load /work/output/en/tbl_bck00001010.png                                                             (00:00.004 / 02:16.624, 1Gb)
Load /work/output/en/tbl_bck025010.png                                                               (00:00.000 / 02:16.624, 1Gb)
Load /work/output/en/CapabilityStatement-mii-cap-consent-server.html                                 (00:00.000 / 02:16.625, 1Gb)
Load /work/output/en/tbl_bck0110110.png                                                              (00:00.011 / 02:16.636, 1Gb)
Load /work/output/en/tbl_bck000011111011.png                                                         (00:00.000 / 02:16.637, 1Gb)
Load /work/output/en/Consent-34150a23-b1c8-404f-874f-e042a30435d2.json.html                          (00:00.000 / 02:16.637, 1Gb)
Load /work/output/en/tbl_bck10001.png                                                                (00:00.016 / 02:16.654, 1Gb)
Load /work/output/en/Consent-89f494a3-cd75-44f5-a78a-581dfdd47a94.json.html                          (00:00.000 / 02:16.654, 1Gb)
Load /work/output/en/tbl_bck05140.png                                                                (00:00.015 / 02:16.670, 1Gb)
Load /work/output/en/tbl_bck00010.png                                                                (00:00.000 / 02:16.671, 1Gb)
Load /work/output/en/tbl_bck12400.png                                                                (00:00.000 / 02:16.671, 1Gb)
Load /work/output/en/tbl_bck1010.png                                                                 (00:00.000 / 02:16.672, 1Gb)
Load /work/output/en/Provenance-55219d12-6245-4de4-8b50-ddf6f16a789b.json                            (00:00.000 / 02:16.672, 1Gb)
Load /work/output/en/ValueSet-88464c5b-5338-4c2b-9c07-b42fef2ada64.change.history.html               (00:00.000 / 02:16.673, 1Gb)
Load /work/output/en/icon-q-choice.png                                                               (00:00.018 / 02:16.691, 1Gb)
Load /work/output/en/tbl_bck01252.png                                                                (00:00.001 / 02:16.693, 1Gb)
Load /work/output/en/tbl_bck1252412.png                                                              (00:00.001 / 02:16.694, 1Gb)
Load /work/output/en/icon_group.png                                                                  (00:00.002 / 02:16.697, 1Gb)
Load /work/output/en/StructureDefinition-f675b1e8-9f3f-44e8-bb59-9681f78eb464.profile.history.html   (00:00.001 / 02:16.698, 1Gb)
Load /work/output/en/tbl_bck011.png                                                                  (00:00.018 / 02:16.716, 1Gb)
Load /work/output/en/CapabilityStatement-mii-cap-consent-server.xml                                  (00:00.000 / 02:16.717, 1Gb)
Load /work/output/en/ValueSet-88464c5b-5338-4c2b-9c07-b42fef2ada64.html                              (00:00.003 / 02:16.720, 1Gb)
Load /work/output/en/tbl_bck1400.png                                                                 (00:00.011 / 02:16.732, 1Gb)
Load /work/output/en/icon_vd_union.png                                                               (00:00.000 / 02:16.732, 1Gb)
Load /work/output/en/capability-statements.html                                                      (00:00.000 / 02:16.733, 1Gb)
Load /work/output/en/tbl_bck01111010.png                                                             (00:00.010 / 02:16.743, 1Gb)
Load /work/output/en/tbl_bck03.png                                                                   (00:00.000 / 02:16.744, 1Gb)
Load /work/output/en/icon_latest.png                                                                 (00:00.000 / 02:16.744, 1Gb)
Load /work/output/en/code-systems.html                                                               (00:00.000 / 02:16.745, 1Gb)
Load /work/output/en/tbl_bck010.png                                                                  (00:00.010 / 02:16.755, 1Gb)
Load /work/output/en/SearchParameter-mii-sp-consent-provisionperiod-testing.html                     (00:00.000 / 02:16.756, 1Gb)
Load /work/output/en/icon-q-attachment.png                                                           (00:00.007 / 02:16.763, 1Gb)
Load /work/output/en/tbl_spacer.png                                                                  (00:00.000 / 02:16.763, 1Gb)
Load /work/output/en/MII-KDS_de_Consent.jpg                                                          (00:00.000 / 02:16.764, 1Gb)
Load /work/output/en/StructureDefinition-f675b1e8-9f3f-44e8-bb59-9681f78eb464-mappings.html          (00:00.000 / 02:16.764, 1Gb)
Load /work/output/en/tbl_bck1011.png                                                                 (00:00.036 / 02:16.800, 1Gb)
Load /work/output/en/tbl_bck00011.png                                                                (00:00.000 / 02:16.801, 1Gb)
Load /work/output/en/icon-fhir-720.png                                                               (00:00.000 / 02:16.802, 1Gb)
Load /work/output/en/tbl_bck0125.png                                                                 (00:00.000 / 02:16.802, 1Gb)
Load /work/output/en/Consent-34150a23-b1c8-404f-874f-e042a30435d2.json                               (00:00.000 / 02:16.802, 1Gb)
Load /work/output/en/Consent-89f494a3-cd75-44f5-a78a-581dfdd47a94.json                               (00:00.000 / 02:16.803, 1Gb)
Load /work/output/en/icon-q-reference.png                                                            (00:00.000 / 02:16.803, 1Gb)
Load /work/output/en/tbl_bck02410.png                                                                (00:00.000 / 02:16.804, 1Gb)
Load /work/output/en/tbl_bck10000.png                                                                (00:00.000 / 02:16.804, 1Gb)
.Load /work/output/en/tbl_bck15150.png                                                                (00:00.000 / 02:16.804, 1Gb)
Load /work/output/en/tbl_bck101101.png                                                               (00:00.000 / 02:16.805, 1Gb)
Load /work/output/en/tbl_bck15152.png                                                                (00:00.000 / 02:16.805, 1Gb)
Load /work/output/en/icon_page_n_c.gif                                                               (00:00.000 / 02:16.806, 1Gb)
Load /work/output/en/tbl_bck111110.png                                                               (00:00.000 / 02:16.806, 1Gb)
Load /work/output/en/StructureDefinition-56375452-bfa1-4111-af7c-5b5ba9a1857c.json                   (00:00.000 / 02:16.806, 1Gb)
Load /work/output/en/Provenance-55219d12-6245-4de4-8b50-ddf6f16a789b.md                              (00:00.000 / 02:16.807, 1Gb)
Load /work/output/en/tbl_bck011110.png                                                               (00:00.001 / 02:16.808, 1Gb)
Load /work/output/en/Consent-5143266b-8d60-4b28-8ee9-635140ffa5bb.change.history.html                (00:00.002 / 02:16.811, 1Gb)
Load /work/output/en/downloads.md                                                                    (00:00.005 / 02:16.816, 1Gb)
Load /work/output/en/tbl_bck0331.png                                                                 (00:00.000 / 02:16.816, 1Gb)
Load /work/output/en/summary.png                                                                     (00:00.000 / 02:16.817, 1Gb)
Load /work/output/en/tbl_bck0251.png                                                                 (00:00.000 / 02:16.817, 1Gb)
Load /work/output/en/tbl_bck012.png                                                                  (00:00.000 / 02:16.817, 1Gb)
Load /work/output/en/icon-q-url.png                                                                  (00:00.000 / 02:16.818, 1Gb)
Load /work/output/en/version-history.html                                                            (00:00.000 / 02:16.818, 1Gb)
Load /work/output/en/tbl_bck11240.png                                                                (00:00.005 / 02:16.824, 1Gb)
Load /work/output/en/tbl_bck125100.png                                                               (00:00.000 / 02:16.824, 1Gb)
Load /work/output/en/tbl_bck01.png                                                                   (00:00.000 / 02:16.825, 1Gb)
Load /work/output/en/tbl_bck15.png                                                                   (00:00.000 / 02:16.825, 1Gb)
Load /work/output/en/icon-error.gif                                                                  (00:00.000 / 02:16.826, 1Gb)
Load /work/output/en/tbl_bck00001100.png                                                             (00:00.000 / 02:16.826, 1Gb)
Load /work/output/en/tbl_bck0010000.png                                                              (00:00.000 / 02:16.826, 1Gb)
Load /work/output/en/tbl_bck0110000.png                                                              (00:00.000 / 02:16.827, 1Gb)
Load /work/output/en/Consent-89f494a3-cd75-44f5-a78a-581dfdd47a94.md                                 (00:00.000 / 02:16.827, 1Gb)
Load /work/output/en/tbl_bck14.png                                                                   (00:00.000 / 02:16.828, 1Gb)
Load /work/output/en/tbl_bck00.png                                                                   (00:00.000 / 02:16.828, 1Gb)
Load /work/output/en/tbl_bck000011111100.png                                                         (00:00.000 / 02:16.828, 1Gb)
Load /work/output/en/DocumentReference-8a3d1799-2463-405e-b49c-6a16c8692b01.html                     (00:00.000 / 02:16.828, 1Gb)
Load /work/output/en/CodeSystem-2.16.840.1.113883.3.1937.777.24.5.3--20251211153003.xml              (00:00.005 / 02:16.833, 1Gb)
Load /work/output/en/tbl_bck0250.png                                                                 (00:00.014 / 02:16.848, 1Gb)
Load /work/output/en/tbl_bck0000010.png                                                              (00:00.000 / 02:16.848, 1Gb)
Load /work/output/en/tbl_bck013.png                                                                  (00:00.000 / 02:16.848, 1Gb)
Load /work/output/en/tbl_bck00001110010.png                                                          (00:00.000 / 02:16.849, 1Gb)
Load /work/output/en/tbl_bck1252410.png                                                              (00:00.000 / 02:16.849, 1Gb)
Load /work/output/en/tbl_bck01250.png                                                                (00:00.000 / 02:16.849, 1Gb)
Load /work/output/en/tbl_bck0330.png                                                                 (00:00.000 / 02:16.850, 1Gb)
Load /work/output/en/icon-infrastructure.png                                                         (00:00.000 / 02:16.850, 1Gb)
Load /work/output/en/icon-qi-security.png                                                            (00:00.000 / 02:16.850, 1Gb)
Load /work/output/en/tbl_bck011111.png                                                               (00:00.000 / 02:16.851, 1Gb)
Load /work/output/en/SearchParameter-mii-sp-consent-provisioncode.xml.html                           (00:00.000 / 02:16.851, 1Gb)
Load /work/output/en/ValueSet-2.16.840.1.113883.3.1937.777.24.11.30--20210323234509.html             (00:00.020 / 02:16.871, 429Mb)
Load /work/output/en/tbl_bck001100.png                                                               (00:00.007 / 02:16.879, 435Mb)
Load /work/output/en/tbl_bck101100.png                                                               (00:00.000 / 02:16.880, 435Mb)
Load /work/output/en/tbl_bck001110.png                                                               (00:00.004 / 02:16.884, 435Mb)
Load /work/output/en/assets/css/xml.css                                                              (00:00.000 / 02:16.884, 435Mb)
Load /work/output/en/assets/css/jquery-ui.theme.min.css                                              (00:00.000 / 02:16.885, 435Mb)
Load /work/output/en/assets/css/cqf.css                                                              (00:00.000 / 02:16.885, 435Mb)
Load /work/output/en/assets/css/mii.css                                                              (00:00.000 / 02:16.886, 435Mb)
Load /work/output/en/assets/css/hl7.css                                                              (00:00.000 / 02:16.886, 435Mb)
Load /work/output/en/assets/css/bootstrap-fhir.css                                                   (00:00.000 / 02:16.886, 436Mb)
Load /work/output/en/assets/css/prism-fhirpath.css                                                   (00:00.000 / 02:16.887, 436Mb)
Load /work/output/en/assets/css/jquery-ui.css                                                        (00:00.000 / 02:16.887, 436Mb)
Load /work/output/en/assets/css/num-diz.css                                                          (00:00.000 / 02:16.887, 436Mb)
Load /work/output/en/assets/css/bootstrap-glyphicons.css                                             (00:00.000 / 02:16.888, 436Mb)
Load /work/output/en/assets/css/template-base.css                                                    (00:00.000 / 02:16.888, 436Mb)
Load /work/output/en/assets/css/prism.css                                                            (00:00.000 / 02:16.888, 436Mb)
Load /work/output/en/assets/css/jquery-ui.structure.min.css                                          (00:00.000 / 02:16.889, 436Mb)
Load /work/output/en/assets/css/pygments-manni.css                                                   (00:00.000 / 02:16.889, 436Mb)
Load /work/output/en/assets/css/project.css                                                          (00:00.000 / 02:16.890, 436Mb)
Load /work/output/en/assets/css/bootstrap-accessibility.css                                          (00:00.000 / 02:16.890, 436Mb)
.Load /work/output/en/assets/images/logo-num-diz-de.svg                                               (00:00.000 / 02:16.891, 436Mb)
Load /work/output/en/assets/images/icon_arrow_up.png                                                 (00:00.009 / 02:16.900, 445Mb)
Load /work/output/en/assets/images/deu.svg                                                           (00:00.000 / 02:16.900, 445Mb)
Load /work/output/en/assets/images/external.png                                                      (00:00.000 / 02:16.901, 445Mb)
Load /work/output/en/assets/images/fhir-logo-www.png                                                 (00:00.000 / 02:16.901, 445Mb)
Load /work/output/en/assets/images/download.png                                                      (00:00.000 / 02:16.901, 445Mb)
Load /work/output/en/assets/images/logo-en.svg                                                       (00:00.000 / 02:16.902, 445Mb)
Load /work/output/en/assets/images/link.svg                                                          (00:00.012 / 02:16.914, 463Mb)
Load /work/output/en/assets/images/dragon.png                                                        (00:00.000 / 02:16.915, 463Mb)
Load /work/output/en/assets/images/lang-es.png                                                       (00:00.000 / 02:16.915, 463Mb)
Load /work/output/en/assets/images/lang-de.png                                                       (00:00.000 / 02:16.916, 463Mb)
Load /work/output/en/assets/images/001.svg                                                           (00:00.000 / 02:16.916, 463Mb)
Load /work/output/en/assets/images/target.png                                                        (00:00.002 / 02:16.918, 465Mb)
Load /work/output/en/assets/images/fcp-logo.png                                                      (00:00.000 / 02:16.918, 465Mb)
Load /work/output/en/assets/images/lang-pt.png                                                       (00:00.000 / 02:16.919, 465Mb)
Load /work/output/en/assets/images/search.png                                                        (00:00.000 / 02:16.919, 465Mb)
Load /work/output/en/assets/images/lang-en.png                                                       (00:00.000 / 02:16.919, 465Mb)
Load /work/output/en/assets/images/lang-ja.png                                                       (00:00.000 / 02:16.919, 465Mb)
Load /work/output/en/assets/images/lang-kr.png                                                       (00:00.000 / 02:16.920, 465Mb)
Load /work/output/en/assets/images/logo_ansinew.jpg                                                  (00:00.000 / 02:16.920, 465Mb)
Load /work/output/en/assets/images/logo-de.svg                                                       (00:00.000 / 02:16.920, 465Mb)
Load /work/output/en/assets/images/lang-pt_BR.png                                                    (00:00.007 / 02:16.928, 475Mb)
Load /work/output/en/assets/images/lang-fr.png                                                       (00:00.000 / 02:16.928, 475Mb)
Load /work/output/en/assets/images/lang-ru.png                                                       (00:00.000 / 02:16.928, 475Mb)
Load /work/output/en/assets/images/lang-ar.png                                                       (00:00.000 / 02:16.929, 475Mb)
Load /work/output/en/assets/images/stripe.png                                                        (00:00.000 / 02:16.929, 475Mb)
Load /work/output/en/assets/images/hl7-logo-header.png                                               (00:00.000 / 02:16.930, 475Mb)
Load /work/output/en/assets/images/logo-num-diz-en.svg                                               (00:00.000 / 02:16.930, 475Mb)
Load /work/output/en/assets/images/lang-nl.png                                                       (00:00.005 / 02:16.936, 483Mb)
Load /work/output/en/assets/images/lang-zh.png                                                       (00:00.000 / 02:16.936, 483Mb)
Load /work/output/en/assets/images/lang-zh-TW.png                                                    (00:00.000 / 02:16.937, 483Mb)
Load /work/output/en/assets/images/icon_arrow_down.png                                               (00:00.000 / 02:16.937, 483Mb)
Load /work/output/en/assets/js/font-size-control.js                                                  (00:00.000 / 02:16.937, 483Mb)
Load /work/output/en/assets/js/html5shiv.js                                                          (00:00.000 / 02:16.938, 483Mb)
Load /work/output/en/assets/js/flags.js                                                              (00:00.000 / 02:16.938, 483Mb)
Load /work/output/en/assets/js/prism.js                                                              (00:00.000 / 02:16.938, 483Mb)
Load /work/output/en/assets/js/mermaid.js                                                            (00:00.000 / 02:16.939, 483Mb)
Load /work/output/en/assets/js/jquery-ui.min.js                                                      (00:00.000 / 02:16.939, 483Mb)
Load /work/output/en/assets/js/clipboard-btn.js                                                      (00:00.000 / 02:16.940, 483Mb)
Load /work/output/en/assets/js/respond.min.js                                                        (00:00.000 / 02:16.940, 483Mb)
Load /work/output/en/assets/js/prism-fhirpath.js                                                     (00:00.000 / 02:16.941, 483Mb)
Load /work/output/en/assets/js/xml.js                                                                (00:00.000 / 02:16.941, 483Mb)
Load /work/output/en/assets/js/window-hash.js                                                        (00:00.000 / 02:16.941, 483Mb)
Load /work/output/en/assets/js/back-to-top.js                                                        (00:00.000 / 02:16.942, 483Mb)
Load /work/output/en/assets/js/clipboard.min.js                                                      (00:00.000 / 02:16.942, 483Mb)
Load /work/output/en/assets/js/bootstrap-accessibility.min.js                                        (00:00.000 / 02:16.943, 483Mb)
Load /work/output/en/assets/js/tabs.js                                                               (00:00.000 / 02:16.943, 483Mb)
Load /work/output/en/assets/js/jquery-3.7.0.min.map                                                  (00:00.000 / 02:16.943, 483Mb)
Load /work/output/en/assets/js/mermaid-init.js                                                       (00:00.000 / 02:16.944, 483Mb)
Load /work/output/en/assets/js/bootstrap.min.js                                                      (00:00.000 / 02:16.944, 483Mb)
Load /work/output/en/assets/js/fhir-table-scripts.js                                                 (00:00.000 / 02:16.945, 483Mb)
Load /work/output/en/assets/js/anchor.min.js                                                         (00:00.000 / 02:16.945, 483Mb)
Load /work/output/en/assets/js/topofpage.js                                                          (00:00.000 / 02:16.946, 483Mb)
Load /work/output/en/assets/js/fhir.js                                                               (00:00.000 / 02:16.946, 483Mb)
Load /work/output/en/assets/js/readme.txt                                                            (00:00.000 / 02:16.946, 483Mb)
Load /work/output/en/assets/js/lang-redirects.js                                                     (00:00.000 / 02:16.947, 483Mb)
Load /work/output/en/assets/js/direction-management.js                                               (00:00.000 / 02:16.947, 483Mb)
Load /work/output/en/assets/js/anchor-hover.js                                                       (00:00.000 / 02:16.948, 483Mb)
Load /work/output/en/assets/js/jquery.js                                                             (00:00.000 / 02:16.948, 483Mb)
Load /work/output/en/assets/fonts/OpenSans-CondBold-webfont.svg                                      (00:00.000 / 02:16.948, 483Mb)
Load /work/output/en/assets/fonts/glyphiconshalflings-regular.otf                                    (00:00.021 / 02:16.970, 509Mb)
.Load /work/output/en/assets/fonts/OpenSans-CondLight-webfont.eot                                     (00:00.000 / 02:16.970, 509Mb)
Load /work/output/en/assets/fonts/glyphiconshalflings-regular.eot                                    (00:00.000 / 02:16.971, 509Mb)
Load /work/output/en/assets/fonts/OpenSans-CondLight-webfont.ttf                                     (00:00.000 / 02:16.971, 509Mb)
Load /work/output/en/assets/fonts/glyphiconshalflings-regular.ttf                                    (00:00.000 / 02:16.972, 509Mb)
Load /work/output/en/assets/fonts/OpenSans-CondLight-webfont.woff                                    (00:00.000 / 02:16.972, 509Mb)
Load /work/output/en/assets/fonts/glyphiconshalflings-regular.woff                                   (00:00.000 / 02:16.972, 509Mb)
Load /work/output/en/assets/fonts/OpenSans-CondBold-webfont.ttf                                      (00:00.000 / 02:16.973, 509Mb)
Load /work/output/en/assets/fonts/OpenSans-CondBold-webfont.woff                                     (00:00.000 / 02:16.973, 509Mb)
Load /work/output/en/assets/fonts/OpenSans-CondLight-webfont.svg                                     (00:00.000 / 02:16.974, 509Mb)
Load /work/output/en/assets/fonts/glyphiconshalflings-regular.svg                                    (00:00.034 / 02:17.008, 541Mb)
Load /work/output/en/assets/fonts/OpenSans-CondBold-webfont.eot                                      (00:00.008 / 02:17.017, 551Mb)
Load /work/output/en/assets/ico/icon-fhir-114.png                                                    (00:00.000 / 02:17.017, 551Mb)
Load /work/output/en/assets/ico/icon-fhir-72.png                                                     (00:00.000 / 02:17.018, 551Mb)
Load /work/output/en/assets/ico/icon-fhir-144.png                                                    (00:00.000 / 02:17.018, 551Mb)
Load /work/output/en/assets/ico/favicon.png                                                          (00:00.000 / 02:17.018, 551Mb)
Load /work/output/en/assets/ico/noun_copy to clipboard_1669410.png                                   (00:00.000 / 02:17.019, 551Mb)
Load /work/output/en/assets/ico/icon-fhir-57.png                                                     (00:00.000 / 02:17.019, 551Mb)
Load /work/output/en/tbl_bck101110.png                                                               (00:00.000 / 02:17.019, 551Mb)
Load /work/output/en/Provenance-55219d12-6245-4de4-8b50-ddf6f16a789b.xml                             (00:00.000 / 02:17.020, 551Mb)
Load /work/output/en/CodeSystem-mii-cs-consent-version-modules.change.history.html                   (00:00.000 / 02:17.020, 551Mb)
Load /work/output/en/tbl_bck05152.png                                                                (00:00.003 / 02:17.024, 556Mb)
Load /work/output/en/tbl_bck111101.png                                                               (00:00.000 / 02:17.025, 556Mb)
Load /work/output/en/tbl_bck0320.png                                                                 (00:00.000 / 02:17.025, 556Mb)
Load /work/output/en/icon-fhir-24.png                                                                (00:00.000 / 02:17.025, 556Mb)
Load /work/output/en/StructureDefinition-e0e166b4-0f77-478d-9062-de0034d98ce0.profile.xml.html       (00:00.000 / 02:17.026, 556Mb)
Load /work/output/en/tbl_bck1252400.png                                                              (00:00.443 / 02:17.469, 953Mb)
Load /work/output/en/tbl_bck01240.png                                                                (00:00.001 / 02:17.470, 953Mb)
Load /work/output/en/icon-q-string.png                                                               (00:00.000 / 02:17.471, 953Mb)
Load /work/output/en/tbl_bck0240.png                                                                 (00:00.000 / 02:17.471, 953Mb)
Load /work/output/en/SearchParameter-mii-sp-consent-provisiontype.json                               (00:00.000 / 02:17.472, 953Mb)
Load /work/output/en/tbl_bck0000000.png                                                              (00:00.000 / 02:17.472, 953Mb)
Load /work/output/en/CodeSystem-2.16.840.1.113883.3.1937.777.24.5.3--20251211153003.json.html        (00:00.000 / 02:17.473, 953Mb)
Load /work/output/en/tbl_bck00001110000.png                                                          (00:00.023 / 02:17.496, 986Mb)
Load /work/output/en/tbl_bck000011111110.png                                                         (00:00.000 / 02:17.496, 986Mb)
Load /work/output/en/CodeSystem-mii-cs-consent-version-modules.json                                  (00:00.000 / 02:17.497, 986Mb)
Load /work/output/en/tbl_bck04.png                                                                   (00:00.000 / 02:17.497, 986Mb)
Load /work/output/en/tbl_bck00001111.png                                                             (00:00.000 / 02:17.498, 986Mb)
Load /work/output/en/tbl_bck10.png                                                                   (00:00.000 / 02:17.498, 987Mb)
Load /work/output/en/SearchParameter-mii-sp-consent-provisioncodetype.change.history.html            (00:00.000 / 02:17.498, 987Mb)
Load /work/output/en/tbl_bck125110.png                                                               (00:00.003 / 02:17.502, 991Mb)
Load /work/output/en/tbl_bck11.png                                                                   (00:00.000 / 02:17.503, 991Mb)
Load /work/output/en/tbl_bck05.png                                                                   (00:00.000 / 02:17.503, 991Mb)
Load /work/output/en/ValueSet-2.16.840.1.113883.3.1937.777.24.11.36--20230331232804.md               (00:00.000 / 02:17.503, 991Mb)
Load /work/output/en/tbl_bck00001110.png                                                             (00:00.000 / 02:17.504, 991Mb)
Load /work/output/en/tbl_bck0010010.png                                                              (00:00.000 / 02:17.504, 991Mb)
Load /work/output/en/search-parameters.html                                                          (00:00.000 / 02:17.504, 991Mb)
Load /work/output/en/tbl_bck0110010.png                                                              (00:00.005 / 02:17.510, 999Mb)
Load /work/output/en/tbl_vline.png                                                                   (00:00.000 / 02:17.510, 999Mb)
Load /work/output/en/tbl_bck11250.png                                                                (00:00.000 / 02:17.511, 999Mb)
Load /work/output/en/Parameters-mii-param-consent-manifest.md                                        (00:00.000 / 02:17.511, 999Mb)
Load /work/output/en/ImplementationGuide-mii-ig-consent.html                                         (00:00.000 / 02:17.511, 999Mb)
Load /work/output/en/Consent-5143266b-8d60-4b28-8ee9-635140ffa5bb.xml.html                           (00:00.010 / 02:17.522, 1014Mb)
Load /work/output/en/tbl_bck0241.png                                                                 (00:00.029 / 02:17.551, 1Gb)
Load /work/output/en/icon_slice_item.png                                                             (00:00.000 / 02:17.552, 1Gb)
Load /work/output/en/CodeSystem-2.16.840.1.113883.3.1937.777.24.5.2--20210423105554.change.history.html (00:00.000 / 02:17.552, 1Gb)
Load /work/output/en/tbl_bck111100.png                                                               (00:00.004 / 02:17.557, 1Gb)
Load /work/output/en/ValueSet-2.16.840.1.113883.3.1937.777.24.11.36--20230331232804.change.history.html (00:00.000 / 02:17.557, 1Gb)
Load /work/output/en/tbl_bck011100.png                                                               (00:00.004 / 02:17.562, 1Gb)
Load /work/output/en/code-systems.md                                                                 (00:00.000 / 02:17.562, 1Gb)
Load /work/output/en/icon_page_n_p.gif                                                               (00:00.000 / 02:17.563, 1Gb)
Load /work/output/en/tbl_vjoin_end.png                                                               (00:00.000 / 02:17.563, 1Gb)
.Load /work/output/en/tbl_bck101111.png                                                               (00:00.000 / 02:17.564, 1Gb)
Load /work/output/en/Parameters-mii-param-consent-manifest.xml.html                                  (00:00.000 / 02:17.564, 1Gb)
Load /work/output/en/tbl_bck02400.png                                                                (00:00.009 / 02:17.574, 1Gb)
Load /work/output/en/tbl_bck10010.png                                                                (00:00.000 / 02:17.574, 1Gb)
Load /work/output/en/tbl_bck15140.png                                                                (00:00.000 / 02:17.575, 1Gb)
Load /work/output/en/icon_resource.png                                                               (00:00.000 / 02:17.575, 1Gb)
Load /work/output/en/StructureDefinition-56375452-bfa1-4111-af7c-5b5ba9a1857c.profile.xml.html       (00:00.000 / 02:17.576, 1Gb)
Load /work/output/en/tbl_bck00001.png                                                                (00:00.090 / 02:17.666, 1Gb)
Load /work/output/en/CodeSystem-2.16.840.1.113883.3.1937.777.24.5.3--20251211153003.json             (00:00.001 / 02:17.668, 1Gb)
Load /work/output/en/tbl_bck15424.png                                                                (00:00.000 / 02:17.668, 1Gb)
Load /work/output/en/tbl_bck1001.png                                                                 (00:00.001 / 02:17.669, 1Gb)
Load /work/output/en/icon_modifier_extension_complex.png                                             (00:00.000 / 02:17.670, 1Gb)
Load /work/output/en/tbl_bck000.png                                                                  (00:00.003 / 02:17.673, 1Gb)
Load /work/output/en/information-model_UML-Diagramm_MII-spez.png                                     (00:00.000 / 02:17.674, 1Gb)
Load /work/output/en/StructureDefinition-f675b1e8-9f3f-44e8-bb59-9681f78eb464.json                   (00:00.001 / 02:17.675, 1Gb)
Load /work/output/en/SearchParameter-mii-sp-consent-provisioncode.html                               (00:00.000 / 02:17.676, 1Gb)
Load /work/output/en/SearchParameter-mii-sp-consent-provisioncode.json.html                          (00:00.006 / 02:17.683, 1Gb)
Load /work/output/en/tbl_bck11252.png                                                                (00:00.007 / 02:17.690, 1Gb)
Load /work/output/en/ValueSet-2.16.840.1.113883.3.1937.777.24.11.30--20210323234509.change.history.html (00:00.000 / 02:17.690, 1Gb)
Load /work/output/en/tbl_bck13.png                                                                   (00:00.006 / 02:17.697, 1Gb)
Load /work/output/en/StructureDefinition-f675b1e8-9f3f-44e8-bb59-9681f78eb464-examples.html          (00:00.000 / 02:17.698, 1Gb)
Load /work/output/en/tbl_blank.png                                                                   (00:00.007 / 02:17.705, 1Gb)
Load /work/output/en/tbl_bck1410.png                                                                 (00:00.000 / 02:17.706, 1Gb)
Load /work/output/en/tbl_bck12.png                                                                   (00:00.001 / 02:17.708, 1Gb)
Load /work/output/en/icon-q-time.png                                                                 (00:00.001 / 02:17.710, 1Gb)
Load /work/output/en/tbl_bck01111001.png                                                             (00:00.003 / 02:17.713, 1Gb)
Load /work/output/en/icon-qi-horizontal.png                                                          (00:00.001 / 02:17.715, 1Gb)
Load /work/output/en/tbl_bck015.png                                                                  (00:00.000 / 02:17.715, 1Gb)
Load /work/output/en/tbl_bck001.png                                                                  (00:00.000 / 02:17.716, 1Gb)
Load /work/output/en/fhir.css                                                                        (00:00.001 / 02:17.717, 1Gb)
Load /work/output/en/Consent-5143266b-8d60-4b28-8ee9-635140ffa5bb.html                               (00:00.001 / 02:17.719, 1Gb)
Load /work/output/en/tbl_vline_slicer.png                                                            (00:00.012 / 02:17.731, 1Gb)
Load /work/output/en/Provenance-55219d12-6245-4de4-8b50-ddf6f16a789b.json.html                       (00:00.000 / 02:17.731, 1Gb)
Load /work/output/en/tbl_bck1000.png                                                                 (00:00.004 / 02:17.736, 1Gb)
Load /work/output/en/icon-fhir-32.png                                                                (00:00.000 / 02:17.736, 1Gb)
Load /work/output/en/tbl_bck05150.png                                                                (00:00.000 / 02:17.737, 1Gb)
Load /work/output/en/icon_q_item.png                                                                 (00:00.000 / 02:17.738, 1Gb)
Load /work/output/en/tbl_bck00000.png                                                                (00:00.000 / 02:17.738, 1Gb)
Load /work/output/en/tbl_bck12410.png                                                                (00:00.000 / 02:17.738, 1Gb)
Load /work/output/en/tbl_bck001112.png                                                               (00:00.000 / 02:17.739, 1Gb)
Load /work/output/en/tbl_bck10011.png                                                                (00:00.000 / 02:17.739, 1Gb)
Load /work/output/ValueSet-2.16.840.1.113883.3.1937.777.24.11.30--20210323234509.xlsx                (00:00.000 / 02:17.740, 1Gb)
Load /work/output/icon_page_n_c.gif                                                                  (00:00.000 / 02:17.740, 1Gb)
Load /work/output/tbl_bck111110.png                                                                  (00:00.000 / 02:17.740, 1Gb)
Load /work/output/valueset-ref-list.json                                                             (00:00.000 / 02:17.741, 1Gb)
Load /work/output/StructureDefinition-56375452-bfa1-4111-af7c-5b5ba9a1857c.json                      (00:00.000 / 02:17.741, 1Gb)
Load /work/output/tbl_bck011110.png                                                                  (00:00.000 / 02:17.741, 1Gb)
Load /work/output/Consent-5143266b-8d60-4b28-8ee9-635140ffa5bb.change.history.html                   (00:00.000 / 02:17.742, 1Gb)
Load /work/output/tbl_bck0331.png                                                                    (00:00.000 / 02:17.743, 1Gb)
Load /work/output/summary.png                                                                        (00:00.000 / 02:17.743, 1Gb)
Load /work/output/tbl_bck0251.png                                                                    (00:00.000 / 02:17.744, 1Gb)
Load /work/output/tbl_bck012.png                                                                     (00:00.000 / 02:17.744, 1Gb)
Load /work/output/icon-q-url.png                                                                     (00:00.000 / 02:17.744, 1Gb)
Load /work/output/version-history.html                                                               (00:00.000 / 02:17.745, 1Gb)
Load /work/output/tbl_bck11240.png                                                                   (00:00.000 / 02:17.745, 1Gb)
Load /work/output/tbl_bck125100.png                                                                  (00:00.000 / 02:17.746, 1Gb)
Load /work/output/tbl_bck01.png                                                                      (00:00.000 / 02:17.746, 1Gb)
Load /work/output/tbl_bck15.png                                                                      (00:00.000 / 02:17.746, 1Gb)
Load /work/output/icon-error.gif                                                                     (00:00.000 / 02:17.747, 1Gb)
Load /work/output/tbl_bck00001100.png                                                                (00:00.000 / 02:17.747, 1Gb)
Load /work/output/tbl_bck0010000.png                                                                 (00:00.000 / 02:17.747, 1Gb)
.Load /work/output/tbl_bck0110000.png                                                                 (00:00.000 / 02:17.748, 1Gb)
Load /work/output/tbl_bck14.png                                                                      (00:00.000 / 02:17.748, 1Gb)
Load /work/output/tbl_bck00.png                                                                      (00:00.000 / 02:17.749, 1Gb)
Load /work/output/tbl_bck000011111100.png                                                            (00:00.000 / 02:17.749, 1Gb)
Load /work/output/DocumentReference-8a3d1799-2463-405e-b49c-6a16c8692b01.html                        (00:00.000 / 02:17.749, 1Gb)
Load /work/output/CodeSystem-2.16.840.1.113883.3.1937.777.24.5.3--20251211153003.xml                 (00:00.000 / 02:17.750, 1Gb)
Load /work/output/tbl_bck0250.png                                                                    (00:00.010 / 02:17.760, 1Gb)
Load /work/output/tbl_bck0000010.png                                                                 (00:00.000 / 02:17.761, 1Gb)
Load /work/output/tbl_bck013.png                                                                     (00:00.000 / 02:17.761, 1Gb)
Load /work/output/tbl_bck00001110010.png                                                             (00:00.000 / 02:17.762, 1Gb)
Load /work/output/tbl_bck1252410.png                                                                 (00:00.000 / 02:17.762, 1Gb)
Load /work/output/tbl_bck01250.png                                                                   (00:00.000 / 02:17.762, 1Gb)
Load /work/output/tbl_bck0330.png                                                                    (00:00.000 / 02:17.763, 1Gb)
Load /work/output/icon-infrastructure.png                                                            (00:00.000 / 02:17.763, 1Gb)
Load /work/output/icon-qi-security.png                                                               (00:00.000 / 02:17.764, 1Gb)
Load /work/output/tbl_bck011111.png                                                                  (00:00.000 / 02:17.764, 1Gb)
Load /work/output/SearchParameter-mii-sp-consent-provisioncode.xml.html                              (00:00.000 / 02:17.764, 1Gb)
Load /work/output/ValueSet-2.16.840.1.113883.3.1937.777.24.11.30--20210323234509.html                (00:00.002 / 02:17.767, 1Gb)
Load /work/output/tbl_bck001100.png                                                                  (00:00.001 / 02:17.769, 1Gb)
Load /work/output/tbl_bck101100.png                                                                  (00:00.000 / 02:17.769, 1Gb)
Load /work/output/tbl_bck001110.png                                                                  (00:00.000 / 02:17.769, 1Gb)
Load /work/output/assets/css/xml.css                                                                 (00:00.000 / 02:17.769, 1Gb)
Load /work/output/assets/css/jquery-ui.theme.min.css                                                 (00:00.000 / 02:17.770, 1Gb)
Load /work/output/assets/css/cqf.css                                                                 (00:00.000 / 02:17.771, 1Gb)
Load /work/output/assets/css/mii.css                                                                 (00:00.000 / 02:17.771, 1Gb)
Load /work/output/assets/css/hl7.css                                                                 (00:00.000 / 02:17.771, 1Gb)
Load /work/output/assets/css/bootstrap-fhir.css                                                      (00:00.000 / 02:17.772, 1Gb)
Load /work/output/assets/css/prism-fhirpath.css                                                      (00:00.000 / 02:17.772, 1Gb)
Load /work/output/assets/css/jquery-ui.css                                                           (00:00.000 / 02:17.773, 1Gb)
Load /work/output/assets/css/num-diz.css                                                             (00:00.000 / 02:17.773, 1Gb)
Load /work/output/assets/css/bootstrap-glyphicons.css                                                (00:00.000 / 02:17.773, 1Gb)
Load /work/output/assets/css/template-base.css                                                       (00:00.000 / 02:17.774, 1Gb)
Load /work/output/assets/css/prism.css                                                               (00:00.000 / 02:17.774, 1Gb)
Load /work/output/assets/css/jquery-ui.structure.min.css                                             (00:00.000 / 02:17.775, 1Gb)
Load /work/output/assets/css/pygments-manni.css                                                      (00:00.000 / 02:17.775, 1Gb)
Load /work/output/assets/css/project.css                                                             (00:00.001 / 02:17.777, 1Gb)
Load /work/output/assets/css/bootstrap-accessibility.css                                             (00:00.002 / 02:17.779, 1Gb)
Load /work/output/assets/images/logo-num-diz-de.svg                                                  (00:00.000 / 02:17.779, 1Gb)
Load /work/output/assets/images/icon_arrow_up.png                                                    (00:00.007 / 02:17.787, 1Gb)
Load /work/output/assets/images/deu.svg                                                              (00:00.000 / 02:17.787, 1Gb)
Load /work/output/assets/images/external.png                                                         (00:00.001 / 02:17.789, 1Gb)
Load /work/output/assets/images/fhir-logo-www.png                                                    (00:00.000 / 02:17.790, 1Gb)
Load /work/output/assets/images/download.png                                                         (00:00.000 / 02:17.790, 1Gb)
Load /work/output/assets/images/logo-en.svg                                                          (00:00.000 / 02:17.791, 1Gb)
Load /work/output/assets/images/link.svg                                                             (00:00.033 / 02:17.824, 441Mb)
Load /work/output/assets/images/dragon.png                                                           (00:00.001 / 02:17.825, 441Mb)
Load /work/output/assets/images/lang-es.png                                                          (00:00.000 / 02:17.825, 441Mb)
Load /work/output/assets/images/lang-de.png                                                          (00:00.000 / 02:17.826, 441Mb)
Load /work/output/assets/images/001.svg                                                              (00:00.000 / 02:17.826, 441Mb)
Load /work/output/assets/images/target.png                                                           (00:00.005 / 02:17.831, 443Mb)
Load /work/output/assets/images/fcp-logo.png                                                         (00:00.000 / 02:17.832, 443Mb)
Load /work/output/assets/images/lang-pt.png                                                          (00:00.000 / 02:17.832, 443Mb)
Load /work/output/assets/images/search.png                                                           (00:00.000 / 02:17.833, 443Mb)
Load /work/output/assets/images/lang-en.png                                                          (00:00.000 / 02:17.833, 443Mb)
Load /work/output/assets/images/lang-ja.png                                                          (00:00.000 / 02:17.834, 443Mb)
Load /work/output/assets/images/lang-kr.png                                                          (00:00.000 / 02:17.834, 443Mb)
Load /work/output/assets/images/logo_ansinew.jpg                                                     (00:00.000 / 02:17.834, 443Mb)
Load /work/output/assets/images/logo-de.svg                                                          (00:00.000 / 02:17.835, 443Mb)
Load /work/output/assets/images/lang-pt_BR.png                                                       (00:00.012 / 02:17.847, 453Mb)
Load /work/output/assets/images/lang-fr.png                                                          (00:00.000 / 02:17.847, 453Mb)
Load /work/output/assets/images/lang-ru.png                                                          (00:00.000 / 02:17.848, 453Mb)
.Load /work/output/assets/images/lang-ar.png                                                          (00:00.000 / 02:17.848, 453Mb)
Load /work/output/assets/images/stripe.png                                                           (00:00.000 / 02:17.849, 453Mb)
Load /work/output/assets/images/hl7-logo-header.png                                                  (00:00.000 / 02:17.849, 453Mb)
Load /work/output/assets/images/logo-num-diz-en.svg                                                  (00:00.002 / 02:17.852, 453Mb)
Load /work/output/assets/images/lang-nl.png                                                          (00:00.016 / 02:17.868, 461Mb)
Load /work/output/assets/images/lang-zh.png                                                          (00:00.000 / 02:17.869, 461Mb)
Load /work/output/assets/images/lang-zh-TW.png                                                       (00:00.000 / 02:17.869, 461Mb)
Load /work/output/assets/images/icon_arrow_down.png                                                  (00:00.000 / 02:17.870, 461Mb)
Load /work/output/assets/js/font-size-control.js                                                     (00:00.000 / 02:17.870, 461Mb)
Load /work/output/assets/js/html5shiv.js                                                             (00:00.000 / 02:17.870, 461Mb)
Load /work/output/assets/js/flags.js                                                                 (00:00.000 / 02:17.871, 461Mb)
Load /work/output/assets/js/prism.js                                                                 (00:00.000 / 02:17.871, 461Mb)
Load /work/output/assets/js/mermaid.js                                                               (00:00.000 / 02:17.872, 461Mb)
Load /work/output/assets/js/jquery-ui.min.js                                                         (00:00.001 / 02:17.873, 461Mb)
Load /work/output/assets/js/clipboard-btn.js                                                         (00:00.000 / 02:17.874, 461Mb)
Load /work/output/assets/js/respond.min.js                                                           (00:00.000 / 02:17.874, 461Mb)
Load /work/output/assets/js/prism-fhirpath.js                                                        (00:00.000 / 02:17.875, 461Mb)
Load /work/output/assets/js/xml.js                                                                   (00:00.000 / 02:17.876, 461Mb)
Load /work/output/assets/js/window-hash.js                                                           (00:00.000 / 02:17.876, 461Mb)
Load /work/output/assets/js/back-to-top.js                                                           (00:00.000 / 02:17.876, 461Mb)
Load /work/output/assets/js/clipboard.min.js                                                         (00:00.000 / 02:17.877, 461Mb)
Load /work/output/assets/js/bootstrap-accessibility.min.js                                           (00:00.000 / 02:17.877, 461Mb)
Load /work/output/assets/js/tabs.js                                                                  (00:00.000 / 02:17.878, 461Mb)
Load /work/output/assets/js/jquery-3.7.0.min.map                                                     (00:00.000 / 02:17.878, 461Mb)
Load /work/output/assets/js/mermaid-init.js                                                          (00:00.000 / 02:17.878, 461Mb)
Load /work/output/assets/js/bootstrap.min.js                                                         (00:00.000 / 02:17.879, 461Mb)
Load /work/output/assets/js/fhir-table-scripts.js                                                    (00:00.000 / 02:17.879, 461Mb)
Load /work/output/assets/js/anchor.min.js                                                            (00:00.000 / 02:17.880, 461Mb)
Load /work/output/assets/js/topofpage.js                                                             (00:00.000 / 02:17.880, 461Mb)
Load /work/output/assets/js/fhir.js                                                                  (00:00.000 / 02:17.881, 461Mb)
Load /work/output/assets/js/readme.txt                                                               (00:00.000 / 02:17.881, 461Mb)
Load /work/output/assets/js/lang-redirects.js                                                        (00:00.000 / 02:17.882, 461Mb)
Load /work/output/assets/js/direction-management.js                                                  (00:00.000 / 02:17.882, 461Mb)
Load /work/output/assets/js/anchor-hover.js                                                          (00:00.000 / 02:17.883, 461Mb)
Load /work/output/assets/js/jquery.js                                                                (00:00.000 / 02:17.883, 461Mb)
Load /work/output/assets/fonts/OpenSans-CondBold-webfont.svg                                         (00:00.000 / 02:17.884, 461Mb)
Load /work/output/assets/fonts/glyphiconshalflings-regular.otf                                       (00:00.040 / 02:17.925, 487Mb)
Load /work/output/assets/fonts/OpenSans-CondLight-webfont.eot                                        (00:00.000 / 02:17.925, 487Mb)
Load /work/output/assets/fonts/glyphiconshalflings-regular.eot                                       (00:00.000 / 02:17.926, 487Mb)
Load /work/output/assets/fonts/OpenSans-CondLight-webfont.ttf                                        (00:00.002 / 02:17.928, 487Mb)
Load /work/output/assets/fonts/glyphiconshalflings-regular.ttf                                       (00:00.000 / 02:17.929, 487Mb)
Load /work/output/assets/fonts/OpenSans-CondLight-webfont.woff                                       (00:00.000 / 02:17.929, 487Mb)
Load /work/output/assets/fonts/glyphiconshalflings-regular.woff                                      (00:00.000 / 02:17.930, 487Mb)
Load /work/output/assets/fonts/OpenSans-CondBold-webfont.ttf                                         (00:00.000 / 02:17.930, 487Mb)
Load /work/output/assets/fonts/OpenSans-CondBold-webfont.woff                                        (00:00.000 / 02:17.931, 487Mb)
Load /work/output/assets/fonts/OpenSans-CondLight-webfont.svg                                        (00:00.000 / 02:17.931, 487Mb)
Load /work/output/assets/fonts/glyphiconshalflings-regular.svg                                       (00:00.039 / 02:17.970, 519Mb)
Load /work/output/assets/fonts/OpenSans-CondBold-webfont.eot                                         (00:00.008 / 02:17.979, 529Mb)
Load /work/output/assets/ico/icon-fhir-114.png                                                       (00:00.000 / 02:17.979, 529Mb)
Load /work/output/assets/ico/icon-fhir-72.png                                                        (00:00.000 / 02:17.980, 529Mb)
Load /work/output/assets/ico/icon-fhir-144.png                                                       (00:00.000 / 02:17.980, 529Mb)
Load /work/output/assets/ico/favicon.png                                                             (00:00.000 / 02:17.981, 529Mb)
Load /work/output/assets/ico/noun_copy to clipboard_1669410.png                                      (00:00.000 / 02:17.981, 529Mb)
Load /work/output/assets/ico/icon-fhir-57.png                                                        (00:00.000 / 02:17.981, 529Mb)
Load /work/output/tbl_bck101110.png                                                                  (00:00.000 / 02:17.982, 529Mb)
Load /work/output/Provenance-55219d12-6245-4de4-8b50-ddf6f16a789b.xml                                (00:00.000 / 02:17.983, 529Mb)
Load /work/output/CodeSystem-mii-cs-consent-version-modules.change.history.html                      (00:00.001 / 02:17.984, 529Mb)
Load /work/output/tbl_bck05152.png                                                                   (00:00.002 / 02:17.986, 530Mb)
Load /work/output/tbl_bck111101.png                                                                  (00:00.000 / 02:17.987, 530Mb)
Load /work/output/tbl_bck0320.png                                                                    (00:00.000 / 02:17.987, 530Mb)
Load /work/output/icon-fhir-24.png                                                                   (00:00.000 / 02:17.988, 530Mb)
.Load /work/output/StructureDefinition-e0e166b4-0f77-478d-9062-de0034d98ce0.profile.xml.html          (00:00.000 / 02:17.988, 530Mb)
Load /work/output/tbl_bck1252400.png                                                                 (00:00.000 / 02:17.989, 530Mb)
Load /work/output/tbl_bck01240.png                                                                   (00:00.000 / 02:17.990, 530Mb)
Load /work/output/icon-q-string.png                                                                  (00:00.000 / 02:17.990, 530Mb)
Load /work/output/tbl_bck0240.png                                                                    (00:00.000 / 02:17.990, 530Mb)
Load /work/output/SearchParameter-mii-sp-consent-provisiontype.json                                  (00:00.000 / 02:17.991, 530Mb)
Load /work/output/tbl_bck0000000.png                                                                 (00:00.000 / 02:17.991, 530Mb)
Load /work/output/CodeSystem-2.16.840.1.113883.3.1937.777.24.5.3--20251211153003.json.html           (00:00.000 / 02:17.992, 530Mb)
Load /work/output/tbl_bck00001110000.png                                                             (00:00.000 / 02:17.993, 530Mb)
Load /work/output/tbl_bck000011111110.png                                                            (00:00.000 / 02:17.993, 530Mb)
Load /work/output/CodeSystem-mii-cs-consent-version-modules.json                                     (00:00.000 / 02:17.994, 530Mb)
Load /work/output/expansions.xml.zip                                                                 (00:00.000 / 02:17.994, 530Mb)
Load /work/output/tbl_bck04.png                                                                      (00:00.000 / 02:17.994, 530Mb)
Load /work/output/tbl_bck00001111.png                                                                (00:00.000 / 02:17.995, 530Mb)
Load /work/output/tbl_bck10.png                                                                      (00:00.000 / 02:17.995, 530Mb)
Load /work/output/SearchParameter-mii-sp-consent-provisioncodetype.change.history.html               (00:00.000 / 02:17.996, 530Mb)
Load /work/output/tbl_bck125110.png                                                                  (00:00.001 / 02:17.997, 530Mb)
Load /work/output/tbl_bck11.png                                                                      (00:00.000 / 02:17.997, 530Mb)
Load /work/output/tbl_bck05.png                                                                      (00:00.000 / 02:17.998, 530Mb)
Load /work/output/tbl_bck00001110.png                                                                (00:00.005 / 02:18.003, 530Mb)
Load /work/output/tbl_bck0010010.png                                                                 (00:00.000 / 02:18.004, 530Mb)
Load /work/output/search-parameters.html                                                             (00:00.000 / 02:18.004, 530Mb)
Load /work/output/tbl_bck0110010.png                                                                 (00:00.000 / 02:18.005, 530Mb)
Load /work/output/tbl_vline.png                                                                      (00:00.000 / 02:18.006, 530Mb)
Load /work/output/tbl_bck11250.png                                                                   (00:00.000 / 02:18.006, 530Mb)
Load /work/output/ImplementationGuide-mii-ig-consent.html                                            (00:00.002 / 02:18.009, 530Mb)
Load /work/output/Consent-5143266b-8d60-4b28-8ee9-635140ffa5bb.xml.html                              (00:00.000 / 02:18.010, 530Mb)
Load /work/output/excels.zip                                                                         (00:00.000 / 02:18.011, 531Mb)
Load /work/output/tbl_bck0241.png                                                                    (00:00.000 / 02:18.011, 531Mb)
Load /work/output/all-profiles.xlsx                                                                  (00:00.000 / 02:18.012, 531Mb)
Load /work/output/icon_slice_item.png                                                                (00:00.000 / 02:18.012, 531Mb)
Load /work/output/expansions.json.zip                                                                (00:00.000 / 02:18.013, 531Mb)
Load /work/output/CodeSystem-2.16.840.1.113883.3.1937.777.24.5.2--20210423105554.change.history.html (00:00.000 / 02:18.014, 531Mb)
Load /work/output/tbl_bck111100.png                                                                  (00:00.001 / 02:18.015, 531Mb)
Load /work/output/ValueSet-2.16.840.1.113883.3.1937.777.24.11.36--20230331232804.change.history.html (00:00.000 / 02:18.015, 531Mb)
Load /work/output/tbl_bck011100.png                                                                  (00:00.002 / 02:18.018, 531Mb)
Load /work/output/icon_page_n_p.gif                                                                  (00:00.000 / 02:18.019, 531Mb)
Load /work/output/tbl_vjoin_end.png                                                                  (00:00.000 / 02:18.019, 531Mb)
Load /work/output/tbl_bck101111.png                                                                  (00:00.000 / 02:18.020, 531Mb)
Load /work/output/Parameters-mii-param-consent-manifest.xml.html                                     (00:00.000 / 02:18.020, 531Mb)
Load /work/output/tbl_bck02400.png                                                                   (00:00.000 / 02:18.021, 531Mb)
Load /work/output/tbl_bck10010.png                                                                   (00:00.000 / 02:18.022, 531Mb)
Load /work/output/tbl_bck15140.png                                                                   (00:00.000 / 02:18.022, 531Mb)
Load /work/output/icon_resource.png                                                                  (00:00.000 / 02:18.022, 531Mb)
Load /work/output/StructureDefinition-56375452-bfa1-4111-af7c-5b5ba9a1857c.profile.xml.html          (00:00.000 / 02:18.023, 531Mb)
Load /work/output/tbl_bck00001.png                                                                   (00:00.000 / 02:18.023, 531Mb)
Load /work/output/CodeSystem-2.16.840.1.113883.3.1937.777.24.5.3--20251211153003.json                (00:00.000 / 02:18.024, 531Mb)
Load /work/output/tbl_bck15424.png                                                                   (00:00.000 / 02:18.024, 531Mb)
Load /work/output/tbl_bck1001.png                                                                    (00:00.000 / 02:18.024, 531Mb)
Load /work/output/icon_modifier_extension_complex.png                                                (00:00.000 / 02:18.025, 531Mb)
Load /work/output/tbl_bck000.png                                                                     (00:00.000 / 02:18.025, 531Mb)
Load /work/output/information-model_UML-Diagramm_MII-spez.png                                        (00:00.000 / 02:18.025, 531Mb)
Load /work/output/StructureDefinition-f675b1e8-9f3f-44e8-bb59-9681f78eb464.json                      (00:00.000 / 02:18.026, 531Mb)
Load /work/output/SearchParameter-mii-sp-consent-provisioncode.html                                  (00:00.000 / 02:18.026, 531Mb)
Load /work/output/SearchParameter-mii-sp-consent-provisioncode.json.html                             (00:00.000 / 02:18.027, 531Mb)
Load /work/output/tbl_bck11252.png                                                                   (00:00.000 / 02:18.027, 532Mb)
Load /work/output/ValueSet-2.16.840.1.113883.3.1937.777.24.11.30--20210323234509.change.history.html (00:00.000 / 02:18.028, 532Mb)
Load /work/output/tbl_bck13.png                                                                      (00:00.000 / 02:18.028, 532Mb)
Load /work/output/StructureDefinition-f675b1e8-9f3f-44e8-bb59-9681f78eb464-examples.html             (00:00.000 / 02:18.029, 532Mb)
Load /work/output/tbl_blank.png                                                                      (00:00.001 / 02:18.031, 532Mb)
Load /work/output/package.r4b.manifest.json                                                          (00:00.000 / 02:18.031, 532Mb)
.Load /work/output/tbl_bck1410.png                                                                    (00:00.000 / 02:18.032, 532Mb)
Load /work/output/tbl_bck12.png                                                                      (00:00.000 / 02:18.032, 532Mb)
Load /work/output/icon-q-time.png                                                                    (00:00.000 / 02:18.033, 532Mb)
Load /work/output/tbl_bck01111001.png                                                                (00:00.000 / 02:18.033, 532Mb)
Load /work/output/icon-qi-horizontal.png                                                             (00:00.000 / 02:18.033, 532Mb)
Load /work/output/tbl_bck015.png                                                                     (00:00.000 / 02:18.034, 532Mb)
Load /work/output/tbl_bck001.png                                                                     (00:00.000 / 02:18.034, 532Mb)
Load /work/output/fhir.css                                                                           (00:00.000 / 02:18.034, 532Mb)
Load /work/output/valueset-ref-list.csv                                                              (00:00.000 / 02:18.035, 532Mb)
Load /work/output/Consent-5143266b-8d60-4b28-8ee9-635140ffa5bb.html                                  (00:00.000 / 02:18.036, 532Mb)
Load /work/output/tbl_vline_slicer.png                                                               (00:00.000 / 02:18.036, 532Mb)
Load /work/output/csvs.zip                                                                           (00:00.000 / 02:18.037, 532Mb)
Load /work/output/Provenance-55219d12-6245-4de4-8b50-ddf6f16a789b.json.html                          (00:00.000 / 02:18.037, 532Mb)
Load /work/output/tbl_bck1000.png                                                                    (00:00.000 / 02:18.038, 532Mb)
Load /work/output/icon-fhir-32.png                                                                   (00:00.000 / 02:18.039, 532Mb)
Load /work/output/sub-package-list.json                                                              (00:00.000 / 02:18.039, 532Mb)
Load /work/output/tbl_bck05150.png                                                                   (00:00.000 / 02:18.040, 532Mb)
Load /work/output/icon_q_item.png                                                                    (00:00.000 / 02:18.041, 532Mb)
Load /work/output/tbl_bck00000.png                                                                   (00:00.000 / 02:18.042, 532Mb)
Load /work/output/tbl_bck12410.png                                                                   (00:00.000 / 02:18.042, 532Mb)
Load /work/output/tbl_bck001112.png                                                                  (00:00.000 / 02:18.042, 532Mb)
Load /work/output/observations-summary.xlsx                                                          (00:00.000 / 02:18.043, 532Mb)
Load /work/output/tbl_bck10011.png                                                                   (00:00.000 / 02:18.043, 532Mb)

Checking Resources                                                                                   (00:00.000 / 02:18.044, 532Mb)
Checking Files                                                                                       (00:00.114 / 02:18.159, 553Mb)
Check /work/output/CapabilityStatement-mii-cap-consent-server-testing.html                           (00:00.004 / 02:18.163, 553Mb)
Check /work/output/CapabilityStatement-mii-cap-consent-server.change.history.html                    (00:00.008 / 02:18.172, 553Mb)
Check /work/output/CapabilityStatement-mii-cap-consent-server.html                                   (00:00.001 / 02:18.173, 553Mb)
Check /work/output/CapabilityStatement-mii-cap-consent-server.json                                   (00:00.000 / 02:18.174, 553Mb)
Check /work/output/CapabilityStatement-mii-cap-consent-server.json.html                              (00:00.000 / 02:18.174, 554Mb)
Check /work/output/CapabilityStatement-mii-cap-consent-server.xml                                    (00:00.000 / 02:18.175, 554Mb)
Check /work/output/CapabilityStatement-mii-cap-consent-server.xml.html                               (00:00.000 / 02:18.175, 554Mb)
Check /work/output/CodeSystem-2.16.840.1.113883.3.1937.777.24.5.2--20210423105554-testing.html       (00:00.000 / 02:18.176, 554Mb)
Check /work/output/CodeSystem-2.16.840.1.113883.3.1937.777.24.5.2--20210423105554.change.history.html (00:00.000 / 02:18.177, 554Mb)
Check /work/output/CodeSystem-2.16.840.1.113883.3.1937.777.24.5.2--20210423105554.html               (00:00.000 / 02:18.177, 554Mb)
Check /work/output/CodeSystem-2.16.840.1.113883.3.1937.777.24.5.2--20210423105554.json               (00:00.000 / 02:18.178, 554Mb)
Check /work/output/CodeSystem-2.16.840.1.113883.3.1937.777.24.5.2--20210423105554.json.html          (00:00.000 / 02:18.178, 554Mb)
Check /work/output/CodeSystem-2.16.840.1.113883.3.1937.777.24.5.2--20210423105554.xlsx               (00:00.000 / 02:18.178, 555Mb)
Check /work/output/CodeSystem-2.16.840.1.113883.3.1937.777.24.5.2--20210423105554.xml                (00:00.000 / 02:18.179, 555Mb)
Check /work/output/CodeSystem-2.16.840.1.113883.3.1937.777.24.5.2--20210423105554.xml.html           (00:00.000 / 02:18.179, 555Mb)
Check /work/output/CodeSystem-2.16.840.1.113883.3.1937.777.24.5.3--20251211153003-testing.html       (00:00.000 / 02:18.180, 555Mb)
Check /work/output/CodeSystem-2.16.840.1.113883.3.1937.777.24.5.3--20251211153003.change.history.html (00:00.000 / 02:18.180, 555Mb)
Check /work/output/CodeSystem-2.16.840.1.113883.3.1937.777.24.5.3--20251211153003.html               (00:00.000 / 02:18.181, 555Mb)
Check /work/output/CodeSystem-2.16.840.1.113883.3.1937.777.24.5.3--20251211153003.json               (00:00.000 / 02:18.181, 555Mb)
Check /work/output/CodeSystem-2.16.840.1.113883.3.1937.777.24.5.3--20251211153003.json.html          (00:00.000 / 02:18.182, 555Mb)
Check /work/output/CodeSystem-2.16.840.1.113883.3.1937.777.24.5.3--20251211153003.xlsx               (00:00.000 / 02:18.182, 556Mb)
Check /work/output/CodeSystem-2.16.840.1.113883.3.1937.777.24.5.3--20251211153003.xml                (00:00.000 / 02:18.183, 556Mb)
Check /work/output/CodeSystem-2.16.840.1.113883.3.1937.777.24.5.3--20251211153003.xml.html           (00:00.000 / 02:18.183, 556Mb)
Check /work/output/CodeSystem-mii-cs-consent-version-modules-testing.html                            (00:00.000 / 02:18.184, 556Mb)
Check /work/output/CodeSystem-mii-cs-consent-version-modules.change.history.html                     (00:00.000 / 02:18.184, 556Mb)
Check /work/output/CodeSystem-mii-cs-consent-version-modules.html                                    (00:00.000 / 02:18.185, 556Mb)
Check /work/output/CodeSystem-mii-cs-consent-version-modules.json                                    (00:00.000 / 02:18.185, 557Mb)
Check /work/output/CodeSystem-mii-cs-consent-version-modules.json.html                               (00:00.000 / 02:18.186, 557Mb)
Check /work/output/CodeSystem-mii-cs-consent-version-modules.xlsx                                    (00:00.000 / 02:18.186, 557Mb)
Check /work/output/CodeSystem-mii-cs-consent-version-modules.xml                                     (00:00.000 / 02:18.187, 557Mb)
Check /work/output/CodeSystem-mii-cs-consent-version-modules.xml.html                                (00:00.000 / 02:18.187, 557Mb)
Check /work/output/Consent-34150a23-b1c8-404f-874f-e042a30435d2.change.history.html                  (00:00.000 / 02:18.188, 557Mb)
Check /work/output/Consent-34150a23-b1c8-404f-874f-e042a30435d2.html                                 (00:00.000 / 02:18.188, 557Mb)
Check /work/output/Consent-34150a23-b1c8-404f-874f-e042a30435d2.json                                 (00:00.000 / 02:18.188, 557Mb)
Check /work/output/Consent-34150a23-b1c8-404f-874f-e042a30435d2.json.html                            (00:00.000 / 02:18.189, 557Mb)
Check /work/output/Consent-34150a23-b1c8-404f-874f-e042a30435d2.xml                                  (00:00.000 / 02:18.189, 558Mb)
Check /work/output/Consent-34150a23-b1c8-404f-874f-e042a30435d2.xml.html                             (00:00.000 / 02:18.190, 558Mb)
Check /work/output/Consent-5143266b-8d60-4b28-8ee9-635140ffa5bb.change.history.html                  (00:00.000 / 02:18.190, 558Mb)
Check /work/output/Consent-5143266b-8d60-4b28-8ee9-635140ffa5bb.html                                 (00:00.000 / 02:18.191, 558Mb)
Check /work/output/Consent-5143266b-8d60-4b28-8ee9-635140ffa5bb.json                                 (00:00.000 / 02:18.192, 558Mb)
Check /work/output/Consent-5143266b-8d60-4b28-8ee9-635140ffa5bb.json.html                            (00:00.000 / 02:18.192, 558Mb)
Check /work/output/Consent-5143266b-8d60-4b28-8ee9-635140ffa5bb.xml                                  (00:00.000 / 02:18.192, 559Mb)
Check /work/output/Consent-5143266b-8d60-4b28-8ee9-635140ffa5bb.xml.html                             (00:00.000 / 02:18.193, 559Mb)
Check /work/output/Consent-89f494a3-cd75-44f5-a78a-581dfdd47a94.change.history.html                  (00:00.000 / 02:18.194, 559Mb)
Check /work/output/Consent-89f494a3-cd75-44f5-a78a-581dfdd47a94.html                                 (00:00.000 / 02:18.194, 559Mb)
Check /work/output/Consent-89f494a3-cd75-44f5-a78a-581dfdd47a94.json                                 (00:00.000 / 02:18.195, 559Mb)
Check /work/output/Consent-89f494a3-cd75-44f5-a78a-581dfdd47a94.json.html                            (00:00.000 / 02:18.195, 559Mb)
Check /work/output/Consent-89f494a3-cd75-44f5-a78a-581dfdd47a94.xml                                  (00:00.000 / 02:18.196, 559Mb)
Check /work/output/Consent-89f494a3-cd75-44f5-a78a-581dfdd47a94.xml.html                             (00:00.000 / 02:18.196, 559Mb)
Check /work/output/Consent-Example-MII-Consent-ResultType-document.change.history.html               (00:00.000 / 02:18.197, 560Mb)
Check /work/output/Consent-Example-MII-Consent-ResultType-document.html                              (00:00.000 / 02:18.197, 560Mb)
Check /work/output/Consent-Example-MII-Consent-ResultType-document.json                              (00:00.000 / 02:18.198, 560Mb)
Check /work/output/Consent-Example-MII-Consent-ResultType-document.json.html                         (00:00.000 / 02:18.198, 560Mb)
Check /work/output/Consent-Example-MII-Consent-ResultType-document.xml                               (00:00.000 / 02:18.199, 560Mb)
Check /work/output/Consent-Example-MII-Consent-ResultType-document.xml.html                          (00:00.000 / 02:18.199, 560Mb)
Check /work/output/DocumentReference-8a3d1799-2463-405e-b49c-6a16c8692b01.change.history.html        (00:00.000 / 02:18.200, 560Mb)
Check /work/output/DocumentReference-8a3d1799-2463-405e-b49c-6a16c8692b01.html                       (00:00.000 / 02:18.200, 560Mb)
Check /work/output/DocumentReference-8a3d1799-2463-405e-b49c-6a16c8692b01.json                       (00:00.000 / 02:18.201, 561Mb)
Check /work/output/DocumentReference-8a3d1799-2463-405e-b49c-6a16c8692b01.json.html                  (00:00.000 / 02:18.201, 561Mb)
Check /work/output/DocumentReference-8a3d1799-2463-405e-b49c-6a16c8692b01.xml                        (00:00.000 / 02:18.202, 561Mb)
Check /work/output/DocumentReference-8a3d1799-2463-405e-b49c-6a16c8692b01.xml.html                   (00:00.000 / 02:18.202, 561Mb)
Check /work/output/ImplementationGuide-mii-ig-consent.html                                           (00:00.000 / 02:18.203, 561Mb)
.Check /work/output/ImplementationGuide-mii-ig-consent.json                                           (00:00.000 / 02:18.203, 561Mb)
Check /work/output/ImplementationGuide-mii-ig-consent.xml                                            (00:00.000 / 02:18.204, 561Mb)
Check /work/output/MII-KDS_de_Consent.jpg                                                            (00:00.000 / 02:18.205, 562Mb)
Check /work/output/Parameters-mii-param-consent-manifest.change.history.html                         (00:00.000 / 02:18.205, 562Mb)
Check /work/output/Parameters-mii-param-consent-manifest.html                                        (00:00.000 / 02:18.206, 563Mb)
Check /work/output/Parameters-mii-param-consent-manifest.json                                        (00:00.001 / 02:18.208, 563Mb)
Check /work/output/Parameters-mii-param-consent-manifest.json.html                                   (00:00.000 / 02:18.208, 563Mb)
Check /work/output/Parameters-mii-param-consent-manifest.xml                                         (00:00.000 / 02:18.209, 563Mb)
Check /work/output/Parameters-mii-param-consent-manifest.xml.html                                    (00:00.000 / 02:18.209, 563Mb)
Check /work/output/Provenance-55219d12-6245-4de4-8b50-ddf6f16a789b.change.history.html               (00:00.000 / 02:18.210, 563Mb)
Check /work/output/Provenance-55219d12-6245-4de4-8b50-ddf6f16a789b.html                              (00:00.000 / 02:18.210, 563Mb)
Check /work/output/Provenance-55219d12-6245-4de4-8b50-ddf6f16a789b.json                              (00:00.000 / 02:18.210, 563Mb)
Check /work/output/Provenance-55219d12-6245-4de4-8b50-ddf6f16a789b.json.html                         (00:00.000 / 02:18.211, 563Mb)
Check /work/output/Provenance-55219d12-6245-4de4-8b50-ddf6f16a789b.xml                               (00:00.000 / 02:18.211, 563Mb)
Check /work/output/Provenance-55219d12-6245-4de4-8b50-ddf6f16a789b.xml.html                          (00:00.000 / 02:18.211, 563Mb)
Check /work/output/SearchParameter-mii-sp-consent-policyuri-testing.html                             (00:00.000 / 02:18.212, 563Mb)
Check /work/output/SearchParameter-mii-sp-consent-policyuri.change.history.html                      (00:00.000 / 02:18.212, 563Mb)
Check /work/output/SearchParameter-mii-sp-consent-policyuri.html                                     (00:00.000 / 02:18.213, 564Mb)
Check /work/output/SearchParameter-mii-sp-consent-policyuri.json                                     (00:00.000 / 02:18.213, 564Mb)
Check /work/output/SearchParameter-mii-sp-consent-policyuri.json.html                                (00:00.000 / 02:18.214, 564Mb)
Check /work/output/SearchParameter-mii-sp-consent-policyuri.xml                                      (00:00.000 / 02:18.214, 564Mb)
Check /work/output/SearchParameter-mii-sp-consent-policyuri.xml.html                                 (00:00.000 / 02:18.214, 564Mb)
Check /work/output/SearchParameter-mii-sp-consent-provisioncode-testing.html                         (00:00.000 / 02:18.215, 564Mb)
Check /work/output/SearchParameter-mii-sp-consent-provisioncode.change.history.html                  (00:00.000 / 02:18.215, 564Mb)
Check /work/output/SearchParameter-mii-sp-consent-provisioncode.html                                 (00:00.000 / 02:18.216, 564Mb)
Check /work/output/SearchParameter-mii-sp-consent-provisioncode.json                                 (00:00.000 / 02:18.217, 564Mb)
Check /work/output/SearchParameter-mii-sp-consent-provisioncode.json.html                            (00:00.000 / 02:18.217, 564Mb)
Check /work/output/SearchParameter-mii-sp-consent-provisioncode.xml                                  (00:00.000 / 02:18.217, 565Mb)
Check /work/output/SearchParameter-mii-sp-consent-provisioncode.xml.html                             (00:00.000 / 02:18.218, 565Mb)
Check /work/output/SearchParameter-mii-sp-consent-provisioncodeperiod-testing.html                   (00:00.000 / 02:18.218, 565Mb)
Check /work/output/SearchParameter-mii-sp-consent-provisioncodeperiod.change.history.html            (00:00.000 / 02:18.219, 565Mb)
Check /work/output/SearchParameter-mii-sp-consent-provisioncodeperiod.html                           (00:00.000 / 02:18.219, 565Mb)
Check /work/output/SearchParameter-mii-sp-consent-provisioncodeperiod.json                           (00:00.000 / 02:18.220, 565Mb)
Check /work/output/SearchParameter-mii-sp-consent-provisioncodeperiod.json.html                      (00:00.000 / 02:18.220, 565Mb)
Check /work/output/SearchParameter-mii-sp-consent-provisioncodeperiod.xml                            (00:00.000 / 02:18.220, 565Mb)
Check /work/output/SearchParameter-mii-sp-consent-provisioncodeperiod.xml.html                       (00:00.000 / 02:18.221, 565Mb)
Check /work/output/SearchParameter-mii-sp-consent-provisioncodetype-testing.html                     (00:00.000 / 02:18.221, 565Mb)
Check /work/output/SearchParameter-mii-sp-consent-provisioncodetype.change.history.html              (00:00.000 / 02:18.222, 566Mb)
Check /work/output/SearchParameter-mii-sp-consent-provisioncodetype.html                             (00:00.000 / 02:18.222, 566Mb)
Check /work/output/SearchParameter-mii-sp-consent-provisioncodetype.json                             (00:00.000 / 02:18.223, 566Mb)
Check /work/output/SearchParameter-mii-sp-consent-provisioncodetype.json.html                        (00:00.000 / 02:18.223, 566Mb)
Check /work/output/SearchParameter-mii-sp-consent-provisioncodetype.xml                              (00:00.000 / 02:18.224, 566Mb)
Check /work/output/SearchParameter-mii-sp-consent-provisioncodetype.xml.html                         (00:00.000 / 02:18.224, 566Mb)
Check /work/output/SearchParameter-mii-sp-consent-provisionperiod-testing.html                       (00:00.000 / 02:18.225, 566Mb)
Check /work/output/SearchParameter-mii-sp-consent-provisionperiod.change.history.html                (00:00.003 / 02:18.229, 566Mb)
Check /work/output/SearchParameter-mii-sp-consent-provisionperiod.html                               (00:00.004 / 02:18.233, 566Mb)
Check /work/output/SearchParameter-mii-sp-consent-provisionperiod.json                               (00:00.002 / 02:18.236, 567Mb)
Check /work/output/SearchParameter-mii-sp-consent-provisionperiod.json.html                          (00:00.000 / 02:18.237, 567Mb)
Check /work/output/SearchParameter-mii-sp-consent-provisionperiod.xml                                (00:00.002 / 02:18.239, 567Mb)
Check /work/output/SearchParameter-mii-sp-consent-provisionperiod.xml.html                           (00:00.000 / 02:18.240, 567Mb)
Check /work/output/SearchParameter-mii-sp-consent-provisiontype-testing.html                         (00:00.002 / 02:18.243, 567Mb)
Check /work/output/SearchParameter-mii-sp-consent-provisiontype.change.history.html                  (00:00.006 / 02:18.249, 567Mb)
Check /work/output/SearchParameter-mii-sp-consent-provisiontype.html                                 (00:00.001 / 02:18.251, 567Mb)
Check /work/output/SearchParameter-mii-sp-consent-provisiontype.json                                 (00:00.000 / 02:18.251, 567Mb)
Check /work/output/SearchParameter-mii-sp-consent-provisiontype.json.html                            (00:00.000 / 02:18.251, 567Mb)
Check /work/output/SearchParameter-mii-sp-consent-provisiontype.xml                                  (00:00.000 / 02:18.252, 567Mb)
Check /work/output/SearchParameter-mii-sp-consent-provisiontype.xml.html                             (00:00.000 / 02:18.252, 567Mb)
Check /work/output/StructureDefinition-56375452-bfa1-4111-af7c-5b5ba9a1857c-definitions.html         (00:00.000 / 02:18.253, 568Mb)
Check /work/output/StructureDefinition-56375452-bfa1-4111-af7c-5b5ba9a1857c-examples.html            (00:00.000 / 02:18.253, 568Mb)
Check /work/output/StructureDefinition-56375452-bfa1-4111-af7c-5b5ba9a1857c-intro.md                 (00:00.000 / 02:18.254, 568Mb)
Check /work/output/StructureDefinition-56375452-bfa1-4111-af7c-5b5ba9a1857c-mappings.html            (00:00.000 / 02:18.254, 568Mb)
.Check /work/output/StructureDefinition-56375452-bfa1-4111-af7c-5b5ba9a1857c-testing.html             (00:00.000 / 02:18.254, 568Mb)
Check /work/output/StructureDefinition-56375452-bfa1-4111-af7c-5b5ba9a1857c.csv                      (00:00.000 / 02:18.255, 568Mb)
Check /work/output/StructureDefinition-56375452-bfa1-4111-af7c-5b5ba9a1857c.html                     (00:00.000 / 02:18.255, 568Mb)
Check /work/output/StructureDefinition-56375452-bfa1-4111-af7c-5b5ba9a1857c.json                     (00:00.000 / 02:18.256, 568Mb)
Check /work/output/StructureDefinition-56375452-bfa1-4111-af7c-5b5ba9a1857c.profile.history.html     (00:00.000 / 02:18.257, 569Mb)
Check /work/output/StructureDefinition-56375452-bfa1-4111-af7c-5b5ba9a1857c.profile.json.html        (00:00.000 / 02:18.257, 569Mb)
Check /work/output/StructureDefinition-56375452-bfa1-4111-af7c-5b5ba9a1857c.profile.xml.html         (00:00.000 / 02:18.258, 569Mb)
Check /work/output/StructureDefinition-56375452-bfa1-4111-af7c-5b5ba9a1857c.sch                      (00:00.000 / 02:18.258, 569Mb)
Check /work/output/StructureDefinition-56375452-bfa1-4111-af7c-5b5ba9a1857c.xlsx                     (00:00.000 / 02:18.258, 569Mb)
Check /work/output/StructureDefinition-56375452-bfa1-4111-af7c-5b5ba9a1857c.xml                      (00:00.000 / 02:18.259, 569Mb)
Check /work/output/StructureDefinition-e0e166b4-0f77-478d-9062-de0034d98ce0-definitions.html         (00:00.000 / 02:18.259, 570Mb)
Check /work/output/StructureDefinition-e0e166b4-0f77-478d-9062-de0034d98ce0-examples.html            (00:00.000 / 02:18.260, 571Mb)
Check /work/output/StructureDefinition-e0e166b4-0f77-478d-9062-de0034d98ce0-intro.md                 (00:00.000 / 02:18.260, 571Mb)
Check /work/output/StructureDefinition-e0e166b4-0f77-478d-9062-de0034d98ce0-mappings.html            (00:00.000 / 02:18.261, 571Mb)
Check /work/output/StructureDefinition-e0e166b4-0f77-478d-9062-de0034d98ce0-testing.html             (00:00.000 / 02:18.261, 571Mb)
Check /work/output/StructureDefinition-e0e166b4-0f77-478d-9062-de0034d98ce0.csv                      (00:00.000 / 02:18.261, 571Mb)
Check /work/output/StructureDefinition-e0e166b4-0f77-478d-9062-de0034d98ce0.html                     (00:00.000 / 02:18.262, 571Mb)
Check /work/output/StructureDefinition-e0e166b4-0f77-478d-9062-de0034d98ce0.json                     (00:00.000 / 02:18.263, 571Mb)
Check /work/output/StructureDefinition-e0e166b4-0f77-478d-9062-de0034d98ce0.profile.history.html     (00:00.006 / 02:18.269, 429Mb)
Check /work/output/StructureDefinition-e0e166b4-0f77-478d-9062-de0034d98ce0.profile.json.html        (00:00.001 / 02:18.271, 429Mb)
Check /work/output/StructureDefinition-e0e166b4-0f77-478d-9062-de0034d98ce0.profile.xml.html         (00:00.000 / 02:18.272, 429Mb)
Check /work/output/StructureDefinition-e0e166b4-0f77-478d-9062-de0034d98ce0.sch                      (00:00.000 / 02:18.273, 429Mb)
Check /work/output/StructureDefinition-e0e166b4-0f77-478d-9062-de0034d98ce0.xlsx                     (00:00.000 / 02:18.273, 429Mb)
Check /work/output/StructureDefinition-e0e166b4-0f77-478d-9062-de0034d98ce0.xml                      (00:00.000 / 02:18.274, 429Mb)
Check /work/output/StructureDefinition-f675b1e8-9f3f-44e8-bb59-9681f78eb464-definitions.html         (00:00.002 / 02:18.276, 434Mb)
Check /work/output/StructureDefinition-f675b1e8-9f3f-44e8-bb59-9681f78eb464-examples.html            (00:00.000 / 02:18.277, 434Mb)
Check /work/output/StructureDefinition-f675b1e8-9f3f-44e8-bb59-9681f78eb464-intro.md                 (00:00.000 / 02:18.277, 434Mb)
Check /work/output/StructureDefinition-f675b1e8-9f3f-44e8-bb59-9681f78eb464-mappings.html            (00:00.000 / 02:18.278, 434Mb)
Check /work/output/StructureDefinition-f675b1e8-9f3f-44e8-bb59-9681f78eb464-testing.html             (00:00.000 / 02:18.279, 434Mb)
Check /work/output/StructureDefinition-f675b1e8-9f3f-44e8-bb59-9681f78eb464.csv                      (00:00.000 / 02:18.280, 434Mb)
Check /work/output/StructureDefinition-f675b1e8-9f3f-44e8-bb59-9681f78eb464.html                     (00:00.000 / 02:18.280, 434Mb)
Check /work/output/StructureDefinition-f675b1e8-9f3f-44e8-bb59-9681f78eb464.json                     (00:00.000 / 02:18.281, 435Mb)
Check /work/output/StructureDefinition-f675b1e8-9f3f-44e8-bb59-9681f78eb464.profile.history.html     (00:00.000 / 02:18.282, 435Mb)
Check /work/output/StructureDefinition-f675b1e8-9f3f-44e8-bb59-9681f78eb464.profile.json.html        (00:00.000 / 02:18.283, 435Mb)
Check /work/output/StructureDefinition-f675b1e8-9f3f-44e8-bb59-9681f78eb464.profile.xml.html         (00:00.000 / 02:18.283, 435Mb)
Check /work/output/StructureDefinition-f675b1e8-9f3f-44e8-bb59-9681f78eb464.sch                      (00:00.001 / 02:18.285, 435Mb)
Check /work/output/StructureDefinition-f675b1e8-9f3f-44e8-bb59-9681f78eb464.xlsx                     (00:00.000 / 02:18.286, 435Mb)
Check /work/output/StructureDefinition-f675b1e8-9f3f-44e8-bb59-9681f78eb464.xml                      (00:00.000 / 02:18.286, 436Mb)
Check /work/output/ValueSet-2.16.840.1.113883.3.1937.777.24.11.30--20210323234509-testing.html       (00:00.000 / 02:18.287, 436Mb)
Check /work/output/ValueSet-2.16.840.1.113883.3.1937.777.24.11.30--20210323234509.change.history.html (00:00.000 / 02:18.288, 437Mb)
Check /work/output/ValueSet-2.16.840.1.113883.3.1937.777.24.11.30--20210323234509.html               (00:00.000 / 02:18.288, 437Mb)
Check /work/output/ValueSet-2.16.840.1.113883.3.1937.777.24.11.30--20210323234509.json               (00:00.000 / 02:18.289, 437Mb)
Check /work/output/ValueSet-2.16.840.1.113883.3.1937.777.24.11.30--20210323234509.json.html          (00:00.000 / 02:18.289, 437Mb)
Check /work/output/ValueSet-2.16.840.1.113883.3.1937.777.24.11.30--20210323234509.xlsx               (00:00.000 / 02:18.290, 437Mb)
Check /work/output/ValueSet-2.16.840.1.113883.3.1937.777.24.11.30--20210323234509.xml                (00:00.000 / 02:18.290, 437Mb)
Check /work/output/ValueSet-2.16.840.1.113883.3.1937.777.24.11.30--20210323234509.xml.html           (00:00.000 / 02:18.290, 437Mb)
Check /work/output/ValueSet-2.16.840.1.113883.3.1937.777.24.11.36--20230331232804-testing.html       (00:00.000 / 02:18.291, 437Mb)
Check /work/output/ValueSet-2.16.840.1.113883.3.1937.777.24.11.36--20230331232804.change.history.html (00:00.000 / 02:18.292, 437Mb)
Check /work/output/ValueSet-2.16.840.1.113883.3.1937.777.24.11.36--20230331232804.html               (00:00.000 / 02:18.293, 438Mb)
Check /work/output/ValueSet-2.16.840.1.113883.3.1937.777.24.11.36--20230331232804.json               (00:00.000 / 02:18.293, 438Mb)
Check /work/output/ValueSet-2.16.840.1.113883.3.1937.777.24.11.36--20230331232804.json.html          (00:00.000 / 02:18.294, 438Mb)
Check /work/output/ValueSet-2.16.840.1.113883.3.1937.777.24.11.36--20230331232804.xlsx               (00:00.001 / 02:18.295, 438Mb)
Check /work/output/ValueSet-2.16.840.1.113883.3.1937.777.24.11.36--20230331232804.xml                (00:00.001 / 02:18.297, 438Mb)
Check /work/output/ValueSet-2.16.840.1.113883.3.1937.777.24.11.36--20230331232804.xml.html           (00:00.000 / 02:18.297, 438Mb)
Check /work/output/ValueSet-88464c5b-5338-4c2b-9c07-b42fef2ada64-testing.html                        (00:00.007 / 02:18.305, 438Mb)
Check /work/output/ValueSet-88464c5b-5338-4c2b-9c07-b42fef2ada64.change.history.html                 (00:00.000 / 02:18.306, 438Mb)
Check /work/output/ValueSet-88464c5b-5338-4c2b-9c07-b42fef2ada64.html                                (00:00.000 / 02:18.307, 438Mb)
Check /work/output/ValueSet-88464c5b-5338-4c2b-9c07-b42fef2ada64.json                                (00:00.000 / 02:18.307, 439Mb)
Check /work/output/ValueSet-88464c5b-5338-4c2b-9c07-b42fef2ada64.json.html                           (00:00.000 / 02:18.308, 439Mb)
Check /work/output/ValueSet-88464c5b-5338-4c2b-9c07-b42fef2ada64.xlsx                                (00:00.001 / 02:18.309, 439Mb)
Check /work/output/ValueSet-88464c5b-5338-4c2b-9c07-b42fef2ada64.xml                                 (00:00.001 / 02:18.310, 439Mb)
.Check /work/output/ValueSet-88464c5b-5338-4c2b-9c07-b42fef2ada64.xml.html                            (00:00.001 / 02:18.312, 439Mb)
Check /work/output/alert.jpg                                                                         (00:00.001 / 02:18.314, 439Mb)
Check /work/output/all-profiles.csv                                                                  (00:00.004 / 02:18.318, 439Mb)
Check /work/output/all-profiles.xlsx                                                                 (00:00.001 / 02:18.320, 440Mb)
Check /work/output/artifacts.html                                                                    (00:00.001 / 02:18.321, 440Mb)
Check /work/output/assets/css/bootstrap-accessibility.css                                            (00:00.000 / 02:18.322, 441Mb)
Check /work/output/assets/css/bootstrap-fhir.css                                                     (00:00.000 / 02:18.322, 441Mb)
Check /work/output/assets/css/bootstrap-glyphicons.css                                               (00:00.000 / 02:18.323, 441Mb)
Check /work/output/assets/css/cqf.css                                                                (00:00.000 / 02:18.323, 441Mb)
Check /work/output/assets/css/hl7.css                                                                (00:00.000 / 02:18.324, 441Mb)
Check /work/output/assets/css/jquery-ui.css                                                          (00:00.000 / 02:18.324, 441Mb)
Check /work/output/assets/css/jquery-ui.structure.min.css                                            (00:00.000 / 02:18.325, 441Mb)
Check /work/output/assets/css/jquery-ui.theme.min.css                                                (00:00.000 / 02:18.325, 441Mb)
Check /work/output/assets/css/mii.css                                                                (00:00.000 / 02:18.326, 441Mb)
Check /work/output/assets/css/num-diz.css                                                            (00:00.001 / 02:18.327, 441Mb)
Check /work/output/assets/css/prism-fhirpath.css                                                     (00:00.000 / 02:18.328, 441Mb)
Check /work/output/assets/css/prism.css                                                              (00:00.000 / 02:18.329, 441Mb)
Check /work/output/assets/css/project.css                                                            (00:00.000 / 02:18.330, 441Mb)
Check /work/output/assets/css/pygments-manni.css                                                     (00:00.000 / 02:18.330, 441Mb)
Check /work/output/assets/css/template-base.css                                                      (00:00.000 / 02:18.331, 441Mb)
Check /work/output/assets/css/xml.css                                                                (00:00.000 / 02:18.331, 441Mb)
Check /work/output/assets/fonts/OpenSans-CondBold-webfont.eot                                        (00:00.000 / 02:18.332, 441Mb)
Check /work/output/assets/fonts/OpenSans-CondBold-webfont.svg                                        (00:00.001 / 02:18.333, 441Mb)
Check /work/output/assets/fonts/OpenSans-CondBold-webfont.ttf                                        (00:00.018 / 02:18.351, 459Mb)
Check /work/output/assets/fonts/OpenSans-CondBold-webfont.woff                                       (00:00.001 / 02:18.352, 460Mb)
Check /work/output/assets/fonts/OpenSans-CondLight-webfont.eot                                       (00:00.000 / 02:18.353, 460Mb)
Check /work/output/assets/fonts/OpenSans-CondLight-webfont.svg                                       (00:00.000 / 02:18.354, 460Mb)
Check /work/output/assets/fonts/OpenSans-CondLight-webfont.ttf                                       (00:00.030 / 02:18.384, 481Mb)
Check /work/output/assets/fonts/OpenSans-CondLight-webfont.woff                                      (00:00.002 / 02:18.386, 482Mb)
Check /work/output/assets/fonts/glyphiconshalflings-regular.eot                                      (00:00.001 / 02:18.387, 482Mb)
Check /work/output/assets/fonts/glyphiconshalflings-regular.otf                                      (00:00.001 / 02:18.389, 482Mb)
Check /work/output/assets/fonts/glyphiconshalflings-regular.svg                                      (00:00.002 / 02:18.392, 482Mb)
Check /work/output/assets/fonts/glyphiconshalflings-regular.ttf                                      (00:00.013 / 02:18.406, 488Mb)
Check /work/output/assets/fonts/glyphiconshalflings-regular.woff                                     (00:00.003 / 02:18.409, 488Mb)
Check /work/output/assets/ico/favicon.png                                                            (00:00.001 / 02:18.410, 488Mb)
Check /work/output/assets/ico/icon-fhir-114.png                                                      (00:00.000 / 02:18.411, 488Mb)
Check /work/output/assets/ico/icon-fhir-144.png                                                      (00:00.001 / 02:18.412, 488Mb)
Check /work/output/assets/ico/icon-fhir-57.png                                                       (00:00.001 / 02:18.414, 488Mb)
Check /work/output/assets/ico/icon-fhir-72.png                                                       (00:00.001 / 02:18.415, 489Mb)
Check /work/output/assets/ico/noun_copy to clipboard_1669410.png                                     (00:00.000 / 02:18.416, 489Mb)
Check /work/output/assets/images/001.svg                                                             (00:00.000 / 02:18.416, 489Mb)
Check /work/output/assets/images/deu.svg                                                             (00:00.002 / 02:18.419, 490Mb)
Check /work/output/assets/images/download.png                                                        (00:00.001 / 02:18.420, 490Mb)
Check /work/output/assets/images/dragon.png                                                          (00:00.001 / 02:18.421, 490Mb)
Check /work/output/assets/images/external.png                                                        (00:00.004 / 02:18.426, 491Mb)
Check /work/output/assets/images/fcp-logo.png                                                        (00:00.000 / 02:18.426, 491Mb)
Check /work/output/assets/images/fhir-logo-www.png                                                   (00:00.001 / 02:18.428, 491Mb)
Check /work/output/assets/images/hl7-logo-header.png                                                 (00:00.000 / 02:18.429, 491Mb)
Check /work/output/assets/images/icon_arrow_down.png                                                 (00:00.000 / 02:18.429, 492Mb)
Check /work/output/assets/images/icon_arrow_up.png                                                   (00:00.000 / 02:18.430, 492Mb)
Check /work/output/assets/images/lang-ar.png                                                         (00:00.000 / 02:18.431, 492Mb)
Check /work/output/assets/images/lang-de.png                                                         (00:00.000 / 02:18.431, 492Mb)
Check /work/output/assets/images/lang-en.png                                                         (00:00.000 / 02:18.432, 492Mb)
Check /work/output/assets/images/lang-es.png                                                         (00:00.000 / 02:18.433, 492Mb)
Check /work/output/assets/images/lang-fr.png                                                         (00:00.000 / 02:18.433, 492Mb)
Check /work/output/assets/images/lang-ja.png                                                         (00:00.000 / 02:18.434, 492Mb)
Check /work/output/assets/images/lang-kr.png                                                         (00:00.000 / 02:18.435, 492Mb)
Check /work/output/assets/images/lang-nl.png                                                         (00:00.000 / 02:18.436, 492Mb)
Check /work/output/assets/images/lang-pt.png                                                         (00:00.000 / 02:18.436, 492Mb)
Check /work/output/assets/images/lang-pt_BR.png                                                      (00:00.000 / 02:18.437, 492Mb)
Check /work/output/assets/images/lang-ru.png                                                         (00:00.001 / 02:18.438, 492Mb)
.Check /work/output/assets/images/lang-zh-TW.png                                                      (00:00.002 / 02:18.440, 492Mb)
Check /work/output/assets/images/lang-zh.png                                                         (00:00.000 / 02:18.441, 492Mb)
Check /work/output/assets/images/link.svg                                                            (00:00.000 / 02:18.442, 492Mb)
Check /work/output/assets/images/logo-de.svg                                                         (00:00.001 / 02:18.443, 492Mb)
Check /work/output/assets/images/logo-en.svg                                                         (00:00.006 / 02:18.450, 498Mb)
Check /work/output/assets/images/logo-num-diz-de.svg                                                 (00:00.008 / 02:18.459, 506Mb)
Check /work/output/assets/images/logo-num-diz-en.svg                                                 (00:00.006 / 02:18.465, 512Mb)
Check /work/output/assets/images/logo_ansinew.jpg                                                    (00:00.004 / 02:18.470, 516Mb)
Check /work/output/assets/images/search.png                                                          (00:00.000 / 02:18.471, 516Mb)
Check /work/output/assets/images/stripe.png                                                          (00:00.000 / 02:18.471, 516Mb)
Check /work/output/assets/images/target.png                                                          (00:00.002 / 02:18.474, 516Mb)
Check /work/output/assets/js/anchor-hover.js                                                         (00:00.000 / 02:18.475, 516Mb)
Check /work/output/assets/js/anchor.min.js                                                           (00:00.000 / 02:18.475, 516Mb)
Check /work/output/assets/js/back-to-top.js                                                          (00:00.000 / 02:18.476, 516Mb)
Check /work/output/assets/js/bootstrap-accessibility.min.js                                          (00:00.000 / 02:18.476, 516Mb)
Check /work/output/assets/js/bootstrap.min.js                                                        (00:00.000 / 02:18.477, 516Mb)
Check /work/output/assets/js/clipboard-btn.js                                                        (00:00.000 / 02:18.478, 516Mb)
Check /work/output/assets/js/clipboard.min.js                                                        (00:00.000 / 02:18.478, 516Mb)
Check /work/output/assets/js/direction-management.js                                                 (00:00.000 / 02:18.478, 517Mb)
Check /work/output/assets/js/fhir-table-scripts.js                                                   (00:00.000 / 02:18.479, 517Mb)
Check /work/output/assets/js/fhir.js                                                                 (00:00.000 / 02:18.479, 517Mb)
Check /work/output/assets/js/flags.js                                                                (00:00.000 / 02:18.480, 517Mb)
Check /work/output/assets/js/font-size-control.js                                                    (00:00.000 / 02:18.480, 517Mb)
Check /work/output/assets/js/html5shiv.js                                                            (00:00.000 / 02:18.481, 517Mb)
Check /work/output/assets/js/jquery-3.7.0.min.map                                                    (00:00.000 / 02:18.481, 517Mb)
Check /work/output/assets/js/jquery-ui.min.js                                                        (00:00.000 / 02:18.482, 517Mb)
Check /work/output/assets/js/jquery.js                                                               (00:00.000 / 02:18.482, 517Mb)
Check /work/output/assets/js/lang-redirects.js                                                       (00:00.002 / 02:18.485, 517Mb)
Check /work/output/assets/js/mermaid-init.js                                                         (00:00.000 / 02:18.485, 517Mb)
Check /work/output/assets/js/mermaid.js                                                              (00:00.000 / 02:18.485, 517Mb)
Check /work/output/assets/js/prism-fhirpath.js                                                       (00:00.019 / 02:18.505, 541Mb)
Check /work/output/assets/js/prism.js                                                                (00:00.000 / 02:18.506, 541Mb)
Check /work/output/assets/js/readme.txt                                                              (00:00.002 / 02:18.508, 544Mb)
Check /work/output/assets/js/respond.min.js                                                          (00:00.000 / 02:18.509, 544Mb)
Check /work/output/assets/js/tabs.js                                                                 (00:00.000 / 02:18.509, 544Mb)
Check /work/output/assets/js/topofpage.js                                                            (00:00.000 / 02:18.510, 544Mb)
Check /work/output/assets/js/window-hash.js                                                          (00:00.000 / 02:18.511, 544Mb)
Check /work/output/assets/js/xml.js                                                                  (00:00.000 / 02:18.511, 544Mb)
Check /work/output/canonicals.json                                                                   (00:00.002 / 02:18.513, 544Mb)
Check /work/output/capability-statements.html                                                        (00:00.000 / 02:18.514, 544Mb)
Check /work/output/cc0.png                                                                           (00:00.001 / 02:18.515, 544Mb)
Check /work/output/changes.html                                                                      (00:00.000 / 02:18.516, 544Mb)
Check /work/output/code-systems.html                                                                 (00:00.000 / 02:18.517, 544Mb)
Check /work/output/codesystem-list.csv                                                               (00:00.000 / 02:18.518, 544Mb)
Check /work/output/codesystem-list.json                                                              (00:00.000 / 02:18.518, 544Mb)
Check /work/output/codesystem-ref-all-list.csv                                                       (00:00.000 / 02:18.519, 544Mb)
Check /work/output/codesystem-ref-all-list.json                                                      (00:00.000 / 02:18.520, 544Mb)
Check /work/output/codesystem-ref-list.csv                                                           (00:00.000 / 02:18.520, 544Mb)
Check /work/output/codesystem-ref-list.json                                                          (00:00.000 / 02:18.521, 544Mb)
Check /work/output/csvs.zip                                                                          (00:00.000 / 02:18.521, 544Mb)
Check /work/output/de.medizininformatikinitiative.kerndatensatz.consent.de.manifest.json             (00:00.001 / 02:18.523, 544Mb)
Check /work/output/de.medizininformatikinitiative.kerndatensatz.consent.de.tgz                       (00:00.000 / 02:18.524, 544Mb)
Check /work/output/de.medizininformatikinitiative.kerndatensatz.consent.en.manifest.json             (00:00.003 / 02:18.527, 545Mb)
Check /work/output/de.medizininformatikinitiative.kerndatensatz.consent.en.tgz                       (00:00.000 / 02:18.528, 545Mb)
Check /work/output/de/CapabilityStatement-mii-cap-consent-server-testing.html                        (00:00.001 / 02:18.529, 545Mb)
Check /work/output/de/CapabilityStatement-mii-cap-consent-server.change.history.html                 (00:00.016 / 02:18.545, 554Mb)
Check /work/output/de/CapabilityStatement-mii-cap-consent-server.html                                (00:00.010 / 02:18.555, 561Mb)
Check /work/output/de/CapabilityStatement-mii-cap-consent-server.json                                (00:00.047 / 02:18.603, 578Mb)
Check /work/output/de/CapabilityStatement-mii-cap-consent-server.json.html                           (00:00.002 / 02:18.605, 578Mb)
Check /work/output/de/CapabilityStatement-mii-cap-consent-server.md                                  (00:00.012 / 02:18.617, 602Mb)
Check /work/output/de/CapabilityStatement-mii-cap-consent-server.xml                                 (00:00.001 / 02:18.619, 603Mb)
.Check /work/output/de/CapabilityStatement-mii-cap-consent-server.xml.html                            (00:00.002 / 02:18.621, 603Mb)
Check /work/output/de/CodeSystem-2.16.840.1.113883.3.1937.777.24.5.2--20210423105554-testing.html    (00:00.015 / 02:18.637, 628Mb)
Check /work/output/de/CodeSystem-2.16.840.1.113883.3.1937.777.24.5.2--20210423105554.change.history.html (00:00.005 / 02:18.643, 635Mb)
Check /work/output/de/CodeSystem-2.16.840.1.113883.3.1937.777.24.5.2--20210423105554.html            (00:00.005 / 02:18.648, 642Mb)
Check /work/output/de/CodeSystem-2.16.840.1.113883.3.1937.777.24.5.2--20210423105554.json            (00:00.006 / 02:18.654, 650Mb)
Check /work/output/de/CodeSystem-2.16.840.1.113883.3.1937.777.24.5.2--20210423105554.json.html       (00:00.000 / 02:18.655, 650Mb)
Check /work/output/de/CodeSystem-2.16.840.1.113883.3.1937.777.24.5.2--20210423105554.md              (00:00.012 / 02:18.667, 666Mb)
Check /work/output/de/CodeSystem-2.16.840.1.113883.3.1937.777.24.5.2--20210423105554.xml             (00:00.003 / 02:18.671, 666Mb)
Check /work/output/de/CodeSystem-2.16.840.1.113883.3.1937.777.24.5.2--20210423105554.xml.html        (00:00.004 / 02:18.675, 666Mb)
Check /work/output/de/CodeSystem-2.16.840.1.113883.3.1937.777.24.5.3--20251211153003-testing.html    (00:00.040 / 02:18.716, 680Mb)
Check /work/output/de/CodeSystem-2.16.840.1.113883.3.1937.777.24.5.3--20251211153003.change.history.html (00:00.011 / 02:18.727, 687Mb)
Check /work/output/de/CodeSystem-2.16.840.1.113883.3.1937.777.24.5.3--20251211153003.html            (00:00.006 / 02:18.734, 694Mb)
Check /work/output/de/CodeSystem-2.16.840.1.113883.3.1937.777.24.5.3--20251211153003.json            (00:00.016 / 02:18.751, 722Mb)
Check /work/output/de/CodeSystem-2.16.840.1.113883.3.1937.777.24.5.3--20251211153003.json.html       (00:00.002 / 02:18.753, 722Mb)
Check /work/output/de/CodeSystem-2.16.840.1.113883.3.1937.777.24.5.3--20251211153003.md              (00:00.044 / 02:18.798, 837Mb)
Check /work/output/de/CodeSystem-2.16.840.1.113883.3.1937.777.24.5.3--20251211153003.xml             (00:00.001 / 02:18.799, 837Mb)
Check /work/output/de/CodeSystem-2.16.840.1.113883.3.1937.777.24.5.3--20251211153003.xml.html        (00:00.001 / 02:18.800, 837Mb)
Check /work/output/de/CodeSystem-mii-cs-consent-version-modules-testing.html                         (00:00.055 / 02:18.856, 918Mb)
Check /work/output/de/CodeSystem-mii-cs-consent-version-modules.change.history.html                  (00:00.010 / 02:18.866, 925Mb)
Check /work/output/de/CodeSystem-mii-cs-consent-version-modules.html                                 (00:00.006 / 02:18.872, 931Mb)
Check /work/output/de/CodeSystem-mii-cs-consent-version-modules.json                                 (00:00.022 / 02:18.895, 947Mb)
Check /work/output/de/CodeSystem-mii-cs-consent-version-modules.json.html                            (00:00.007 / 02:18.902, 947Mb)
Check /work/output/de/CodeSystem-mii-cs-consent-version-modules.md                                   (00:00.033 / 02:18.936, 1001Mb)
Check /work/output/de/CodeSystem-mii-cs-consent-version-modules.xml                                  (00:00.001 / 02:18.937, 1001Mb)
Check /work/output/de/CodeSystem-mii-cs-consent-version-modules.xml.html                             (00:00.001 / 02:18.938, 1001Mb)
Check /work/output/de/Consent-34150a23-b1c8-404f-874f-e042a30435d2.change.history.html               (00:00.033 / 02:18.971, 1Gb)
Check /work/output/de/Consent-34150a23-b1c8-404f-874f-e042a30435d2.html                              (00:00.017 / 02:18.989, 1Gb)
Check /work/output/de/Consent-34150a23-b1c8-404f-874f-e042a30435d2.json                              (00:00.017 / 02:19.007, 1Gb)
Check /work/output/de/Consent-34150a23-b1c8-404f-874f-e042a30435d2.json.html                         (00:00.002 / 02:19.009, 1Gb)
Check /work/output/de/Consent-34150a23-b1c8-404f-874f-e042a30435d2.md                                (00:00.043 / 02:19.053, 1Gb)
Check /work/output/de/Consent-34150a23-b1c8-404f-874f-e042a30435d2.xml                               (00:00.001 / 02:19.054, 1Gb)
Check /work/output/de/Consent-34150a23-b1c8-404f-874f-e042a30435d2.xml.html                          (00:00.001 / 02:19.056, 1Gb)
Check /work/output/de/Consent-5143266b-8d60-4b28-8ee9-635140ffa5bb.change.history.html               (00:00.024 / 02:19.081, 1Gb)
Check /work/output/de/Consent-5143266b-8d60-4b28-8ee9-635140ffa5bb.html                              (00:00.005 / 02:19.086, 1Gb)
Check /work/output/de/Consent-5143266b-8d60-4b28-8ee9-635140ffa5bb.json                              (00:00.018 / 02:19.105, 1Gb)
Check /work/output/de/Consent-5143266b-8d60-4b28-8ee9-635140ffa5bb.json.html                         (00:00.001 / 02:19.106, 1Gb)
Check /work/output/de/Consent-5143266b-8d60-4b28-8ee9-635140ffa5bb.md                                (00:00.068 / 02:19.175, 1Gb)
Check /work/output/de/Consent-5143266b-8d60-4b28-8ee9-635140ffa5bb.xml                               (00:00.001 / 02:19.176, 1Gb)
Check /work/output/de/Consent-5143266b-8d60-4b28-8ee9-635140ffa5bb.xml.html                          (00:00.000 / 02:19.177, 1Gb)
Check /work/output/de/Consent-89f494a3-cd75-44f5-a78a-581dfdd47a94.change.history.html               (00:00.040 / 02:19.218, 484Mb)
Check /work/output/de/Consent-89f494a3-cd75-44f5-a78a-581dfdd47a94.html                              (00:00.006 / 02:19.224, 490Mb)
Check /work/output/de/Consent-89f494a3-cd75-44f5-a78a-581dfdd47a94.json                              (00:00.006 / 02:19.230, 500Mb)
Check /work/output/de/Consent-89f494a3-cd75-44f5-a78a-581dfdd47a94.json.html                         (00:00.000 / 02:19.231, 500Mb)
Check /work/output/de/Consent-89f494a3-cd75-44f5-a78a-581dfdd47a94.md                                (00:00.008 / 02:19.240, 532Mb)
Check /work/output/de/Consent-89f494a3-cd75-44f5-a78a-581dfdd47a94.xml                               (00:00.000 / 02:19.240, 532Mb)
Check /work/output/de/Consent-89f494a3-cd75-44f5-a78a-581dfdd47a94.xml.html                          (00:00.000 / 02:19.241, 532Mb)
Check /work/output/de/Consent-Example-MII-Consent-ResultType-document.change.history.html            (00:00.009 / 02:19.250, 555Mb)
Check /work/output/de/Consent-Example-MII-Consent-ResultType-document.html                           (00:00.002 / 02:19.253, 561Mb)
Check /work/output/de/Consent-Example-MII-Consent-ResultType-document.json                           (00:00.004 / 02:19.257, 571Mb)
Check /work/output/de/Consent-Example-MII-Consent-ResultType-document.json.html                      (00:00.000 / 02:19.258, 571Mb)
Check /work/output/de/Consent-Example-MII-Consent-ResultType-document.md                             (00:00.006 / 02:19.264, 603Mb)
Check /work/output/de/Consent-Example-MII-Consent-ResultType-document.xml                            (00:00.000 / 02:19.264, 603Mb)
Check /work/output/de/Consent-Example-MII-Consent-ResultType-document.xml.html                       (00:00.000 / 02:19.265, 604Mb)
Check /work/output/de/DocumentReference-8a3d1799-2463-405e-b49c-6a16c8692b01.change.history.html     (00:00.006 / 02:19.271, 626Mb)
Check /work/output/de/DocumentReference-8a3d1799-2463-405e-b49c-6a16c8692b01.html                    (00:00.002 / 02:19.274, 633Mb)
Check /work/output/de/DocumentReference-8a3d1799-2463-405e-b49c-6a16c8692b01.json                    (00:00.004 / 02:19.278, 640Mb)
Check /work/output/de/DocumentReference-8a3d1799-2463-405e-b49c-6a16c8692b01.json.html               (00:00.000 / 02:19.279, 640Mb)
Check /work/output/de/DocumentReference-8a3d1799-2463-405e-b49c-6a16c8692b01.md                      (00:00.003 / 02:19.283, 650Mb)
Check /work/output/de/DocumentReference-8a3d1799-2463-405e-b49c-6a16c8692b01.xml                     (00:00.001 / 02:19.284, 650Mb)
Check /work/output/de/DocumentReference-8a3d1799-2463-405e-b49c-6a16c8692b01.xml.html                (00:00.000 / 02:19.285, 650Mb)
Check /work/output/de/ImplementationGuide-mii-ig-consent.html                                        (00:00.004 / 02:19.289, 659Mb)
.Check /work/output/de/ImplementationGuide-mii-ig-consent.json                                        (00:00.014 / 02:19.304, 685Mb)
Check /work/output/de/ImplementationGuide-mii-ig-consent.md                                          (00:00.000 / 02:19.305, 685Mb)
Check /work/output/de/ImplementationGuide-mii-ig-consent.xml                                         (00:00.001 / 02:19.306, 685Mb)
Check /work/output/de/MII-KDS_de_Consent.jpg                                                         (00:00.000 / 02:19.307, 686Mb)
Check /work/output/de/Parameters-mii-param-consent-manifest.change.history.html                      (00:00.001 / 02:19.308, 686Mb)
Check /work/output/de/Parameters-mii-param-consent-manifest.html                                     (00:00.004 / 02:19.313, 693Mb)
Check /work/output/de/Parameters-mii-param-consent-manifest.json                                     (00:00.006 / 02:19.319, 705Mb)
Check /work/output/de/Parameters-mii-param-consent-manifest.json.html                                (00:00.000 / 02:19.320, 706Mb)
Check /work/output/de/Parameters-mii-param-consent-manifest.md                                       (00:00.006 / 02:19.326, 724Mb)
Check /work/output/de/Parameters-mii-param-consent-manifest.xml                                      (00:00.000 / 02:19.327, 724Mb)
Check /work/output/de/Parameters-mii-param-consent-manifest.xml.html                                 (00:00.000 / 02:19.328, 724Mb)
Check /work/output/de/Provenance-55219d12-6245-4de4-8b50-ddf6f16a789b.change.history.html            (00:00.008 / 02:19.336, 741Mb)
Check /work/output/de/Provenance-55219d12-6245-4de4-8b50-ddf6f16a789b.html                           (00:00.003 / 02:19.340, 748Mb)
Check /work/output/de/Provenance-55219d12-6245-4de4-8b50-ddf6f16a789b.json                           (00:00.003 / 02:19.344, 755Mb)
Check /work/output/de/Provenance-55219d12-6245-4de4-8b50-ddf6f16a789b.json.html                      (00:00.000 / 02:19.344, 755Mb)
Check /work/output/de/Provenance-55219d12-6245-4de4-8b50-ddf6f16a789b.md                             (00:00.005 / 02:19.350, 767Mb)
Check /work/output/de/Provenance-55219d12-6245-4de4-8b50-ddf6f16a789b.xml                            (00:00.000 / 02:19.350, 767Mb)
Check /work/output/de/Provenance-55219d12-6245-4de4-8b50-ddf6f16a789b.xml.html                       (00:00.000 / 02:19.350, 767Mb)
Check /work/output/de/SearchParameter-mii-sp-consent-policyuri-testing.html                          (00:00.004 / 02:19.355, 780Mb)
Check /work/output/de/SearchParameter-mii-sp-consent-policyuri.change.history.html                   (00:00.003 / 02:19.358, 787Mb)
Check /work/output/de/SearchParameter-mii-sp-consent-policyuri.html                                  (00:00.002 / 02:19.361, 793Mb)
Check /work/output/de/SearchParameter-mii-sp-consent-policyuri.json                                  (00:00.003 / 02:19.364, 801Mb)
Check /work/output/de/SearchParameter-mii-sp-consent-policyuri.json.html                             (00:00.000 / 02:19.365, 801Mb)
Check /work/output/de/SearchParameter-mii-sp-consent-policyuri.md                                    (00:00.003 / 02:19.369, 810Mb)
Check /work/output/de/SearchParameter-mii-sp-consent-policyuri.xml                                   (00:00.000 / 02:19.369, 810Mb)
Check /work/output/de/SearchParameter-mii-sp-consent-policyuri.xml.html                              (00:00.000 / 02:19.369, 810Mb)
Check /work/output/de/SearchParameter-mii-sp-consent-provisioncode-testing.html                      (00:00.003 / 02:19.373, 819Mb)
Check /work/output/de/SearchParameter-mii-sp-consent-provisioncode.change.history.html               (00:00.003 / 02:19.377, 826Mb)
Check /work/output/de/SearchParameter-mii-sp-consent-provisioncode.html                              (00:00.002 / 02:19.379, 833Mb)
Check /work/output/de/SearchParameter-mii-sp-consent-provisioncode.json                              (00:00.003 / 02:19.383, 841Mb)
Check /work/output/de/SearchParameter-mii-sp-consent-provisioncode.json.html                         (00:00.000 / 02:19.383, 841Mb)
Check /work/output/de/SearchParameter-mii-sp-consent-provisioncode.md                                (00:00.003 / 02:19.387, 849Mb)
Check /work/output/de/SearchParameter-mii-sp-consent-provisioncode.xml                               (00:00.000 / 02:19.387, 849Mb)
Check /work/output/de/SearchParameter-mii-sp-consent-provisioncode.xml.html                          (00:00.000 / 02:19.387, 849Mb)
Check /work/output/de/SearchParameter-mii-sp-consent-provisioncodeperiod-testing.html                (00:00.003 / 02:19.391, 859Mb)
Check /work/output/de/SearchParameter-mii-sp-consent-provisioncodeperiod.change.history.html         (00:00.003 / 02:19.394, 866Mb)
Check /work/output/de/SearchParameter-mii-sp-consent-provisioncodeperiod.html                        (00:00.002 / 02:19.397, 872Mb)
Check /work/output/de/SearchParameter-mii-sp-consent-provisioncodeperiod.json                        (00:00.003 / 02:19.400, 881Mb)
Check /work/output/de/SearchParameter-mii-sp-consent-provisioncodeperiod.json.html                   (00:00.000 / 02:19.401, 881Mb)
Check /work/output/de/SearchParameter-mii-sp-consent-provisioncodeperiod.md                          (00:00.006 / 02:19.407, 890Mb)
Check /work/output/de/SearchParameter-mii-sp-consent-provisioncodeperiod.xml                         (00:00.000 / 02:19.407, 890Mb)
Check /work/output/de/SearchParameter-mii-sp-consent-provisioncodeperiod.xml.html                    (00:00.000 / 02:19.408, 890Mb)
Check /work/output/de/SearchParameter-mii-sp-consent-provisioncodetype-testing.html                  (00:00.004 / 02:19.413, 900Mb)
Check /work/output/de/SearchParameter-mii-sp-consent-provisioncodetype.change.history.html           (00:00.003 / 02:19.416, 907Mb)
Check /work/output/de/SearchParameter-mii-sp-consent-provisioncodetype.html                          (00:00.003 / 02:19.419, 914Mb)
Check /work/output/de/SearchParameter-mii-sp-consent-provisioncodetype.json                          (00:00.003 / 02:19.423, 922Mb)
Check /work/output/de/SearchParameter-mii-sp-consent-provisioncodetype.json.html                     (00:00.000 / 02:19.424, 922Mb)
Check /work/output/de/SearchParameter-mii-sp-consent-provisioncodetype.md                            (00:00.003 / 02:19.427, 932Mb)
Check /work/output/de/SearchParameter-mii-sp-consent-provisioncodetype.xml                           (00:00.000 / 02:19.428, 932Mb)
Check /work/output/de/SearchParameter-mii-sp-consent-provisioncodetype.xml.html                      (00:00.000 / 02:19.429, 932Mb)
Check /work/output/de/SearchParameter-mii-sp-consent-provisionperiod-testing.html                    (00:00.004 / 02:19.433, 942Mb)
Check /work/output/de/SearchParameter-mii-sp-consent-provisionperiod.change.history.html             (00:00.003 / 02:19.436, 949Mb)
Check /work/output/de/SearchParameter-mii-sp-consent-provisionperiod.html                            (00:00.003 / 02:19.439, 955Mb)
Check /work/output/de/SearchParameter-mii-sp-consent-provisionperiod.json                            (00:00.003 / 02:19.442, 963Mb)
Check /work/output/de/SearchParameter-mii-sp-consent-provisionperiod.json.html                       (00:00.000 / 02:19.443, 963Mb)
Check /work/output/de/SearchParameter-mii-sp-consent-provisionperiod.md                              (00:00.003 / 02:19.446, 972Mb)
Check /work/output/de/SearchParameter-mii-sp-consent-provisionperiod.xml                             (00:00.000 / 02:19.447, 972Mb)
Check /work/output/de/SearchParameter-mii-sp-consent-provisionperiod.xml.html                        (00:00.000 / 02:19.447, 972Mb)
Check /work/output/de/SearchParameter-mii-sp-consent-provisiontype-testing.html                      (00:00.003 / 02:19.451, 981Mb)
Check /work/output/de/SearchParameter-mii-sp-consent-provisiontype.change.history.html               (00:00.003 / 02:19.454, 988Mb)
Check /work/output/de/SearchParameter-mii-sp-consent-provisiontype.html                              (00:00.002 / 02:19.457, 995Mb)
.Check /work/output/de/SearchParameter-mii-sp-consent-provisiontype.json                              (00:00.003 / 02:19.460, 1003Mb)
Check /work/output/de/SearchParameter-mii-sp-consent-provisiontype.json.html                         (00:00.000 / 02:19.460, 1003Mb)
Check /work/output/de/SearchParameter-mii-sp-consent-provisiontype.md                                (00:00.003 / 02:19.464, 1011Mb)
Check /work/output/de/SearchParameter-mii-sp-consent-provisiontype.xml                               (00:00.000 / 02:19.464, 1011Mb)
Check /work/output/de/SearchParameter-mii-sp-consent-provisiontype.xml.html                          (00:00.000 / 02:19.465, 1011Mb)
Check /work/output/de/StructureDefinition-56375452-bfa1-4111-af7c-5b5ba9a1857c-definitions.html      (00:00.003 / 02:19.468, 1021Mb)
Check /work/output/de/StructureDefinition-56375452-bfa1-4111-af7c-5b5ba9a1857c-examples.html         (00:00.041 / 02:19.510, 1Gb)
Check /work/output/de/StructureDefinition-56375452-bfa1-4111-af7c-5b5ba9a1857c-intro.md              (00:00.003 / 02:19.513, 1Gb)
Check /work/output/de/StructureDefinition-56375452-bfa1-4111-af7c-5b5ba9a1857c-mappings.html         (00:00.000 / 02:19.514, 1Gb)
Check /work/output/de/StructureDefinition-56375452-bfa1-4111-af7c-5b5ba9a1857c-testing.html          (00:00.024 / 02:19.539, 1Gb)
Check /work/output/de/StructureDefinition-56375452-bfa1-4111-af7c-5b5ba9a1857c.html                  (00:00.004 / 02:19.543, 1Gb)
Check /work/output/de/StructureDefinition-56375452-bfa1-4111-af7c-5b5ba9a1857c.json                  (00:00.099 / 02:19.643, 612Mb)
Check /work/output/de/StructureDefinition-56375452-bfa1-4111-af7c-5b5ba9a1857c.md                    (00:00.001 / 02:19.644, 612Mb)
Check /work/output/de/StructureDefinition-56375452-bfa1-4111-af7c-5b5ba9a1857c.profile.history.html  (00:00.000 / 02:19.645, 612Mb)
Check /work/output/de/StructureDefinition-56375452-bfa1-4111-af7c-5b5ba9a1857c.profile.json.html     (00:00.003 / 02:19.649, 618Mb)
Check /work/output/de/StructureDefinition-56375452-bfa1-4111-af7c-5b5ba9a1857c.profile.xml.html      (00:00.109 / 02:19.758, 857Mb)
Check /work/output/de/StructureDefinition-56375452-bfa1-4111-af7c-5b5ba9a1857c.xml                   (00:00.140 / 02:19.899, 613Mb)
Check /work/output/de/StructureDefinition-e0e166b4-0f77-478d-9062-de0034d98ce0-definitions.html      (00:00.006 / 02:19.905, 613Mb)
Check /work/output/de/StructureDefinition-e0e166b4-0f77-478d-9062-de0034d98ce0-examples.html         (00:00.375 / 02:20.281, 552Mb)
Check /work/output/de/StructureDefinition-e0e166b4-0f77-478d-9062-de0034d98ce0-intro.md              (00:00.004 / 02:20.285, 560Mb)
Check /work/output/de/StructureDefinition-e0e166b4-0f77-478d-9062-de0034d98ce0-mappings.html         (00:00.000 / 02:20.286, 560Mb)
Check /work/output/de/StructureDefinition-e0e166b4-0f77-478d-9062-de0034d98ce0-testing.html          (00:00.059 / 02:20.345, 642Mb)
Check /work/output/de/StructureDefinition-e0e166b4-0f77-478d-9062-de0034d98ce0.html                  (00:00.003 / 02:20.348, 649Mb)
Check /work/output/de/StructureDefinition-e0e166b4-0f77-478d-9062-de0034d98ce0.json                  (00:00.326 / 02:20.675, 503Mb)
Check /work/output/de/StructureDefinition-e0e166b4-0f77-478d-9062-de0034d98ce0.md                    (00:00.003 / 02:20.679, 506Mb)
Check /work/output/de/StructureDefinition-e0e166b4-0f77-478d-9062-de0034d98ce0.profile.history.html  (00:00.000 / 02:20.680, 506Mb)
Check /work/output/de/StructureDefinition-e0e166b4-0f77-478d-9062-de0034d98ce0.profile.json.html     (00:00.005 / 02:20.685, 512Mb)
Check /work/output/de/StructureDefinition-e0e166b4-0f77-478d-9062-de0034d98ce0.profile.xml.html      (00:00.282 / 02:20.968, 1Gb)
Check /work/output/de/StructureDefinition-e0e166b4-0f77-478d-9062-de0034d98ce0.xml                   (00:00.345 / 02:21.313, 1Gb)
Check /work/output/de/StructureDefinition-f675b1e8-9f3f-44e8-bb59-9681f78eb464-definitions.html      (00:00.017 / 02:21.331, 427Mb)
Check /work/output/de/StructureDefinition-f675b1e8-9f3f-44e8-bb59-9681f78eb464-examples.html         (00:00.054 / 02:21.385, 607Mb)
Check /work/output/de/StructureDefinition-f675b1e8-9f3f-44e8-bb59-9681f78eb464-intro.md              (00:00.004 / 02:21.390, 614Mb)
Check /work/output/de/StructureDefinition-f675b1e8-9f3f-44e8-bb59-9681f78eb464-mappings.html         (00:00.000 / 02:21.390, 614Mb)
Check /work/output/de/StructureDefinition-f675b1e8-9f3f-44e8-bb59-9681f78eb464-testing.html          (00:00.020 / 02:21.411, 646Mb)
Check /work/output/de/StructureDefinition-f675b1e8-9f3f-44e8-bb59-9681f78eb464.html                  (00:00.003 / 02:21.415, 654Mb)
Check /work/output/de/StructureDefinition-f675b1e8-9f3f-44e8-bb59-9681f78eb464.json                  (00:00.097 / 02:21.513, 652Mb)
Check /work/output/de/StructureDefinition-f675b1e8-9f3f-44e8-bb59-9681f78eb464.md                    (00:00.003 / 02:21.516, 652Mb)
Check /work/output/de/StructureDefinition-f675b1e8-9f3f-44e8-bb59-9681f78eb464.profile.history.html  (00:00.000 / 02:21.517, 652Mb)
Check /work/output/de/StructureDefinition-f675b1e8-9f3f-44e8-bb59-9681f78eb464.profile.json.html     (00:00.004 / 02:21.521, 658Mb)
Check /work/output/de/StructureDefinition-f675b1e8-9f3f-44e8-bb59-9681f78eb464.profile.xml.html      (00:00.080 / 02:21.601, 901Mb)
Check /work/output/de/StructureDefinition-f675b1e8-9f3f-44e8-bb59-9681f78eb464.xml                   (00:00.228 / 02:21.830, 1Gb)
Check /work/output/de/ValueSet-2.16.840.1.113883.3.1937.777.24.11.30--20210323234509-testing.html    (00:00.003 / 02:21.833, 1Gb)
Check /work/output/de/ValueSet-2.16.840.1.113883.3.1937.777.24.11.30--20210323234509.change.history.html (00:00.007 / 02:21.840, 1Gb)
Check /work/output/de/ValueSet-2.16.840.1.113883.3.1937.777.24.11.30--20210323234509.html            (00:00.004 / 02:21.845, 1Gb)
Check /work/output/de/ValueSet-2.16.840.1.113883.3.1937.777.24.11.30--20210323234509.json            (00:00.007 / 02:21.853, 1Gb)
Check /work/output/de/ValueSet-2.16.840.1.113883.3.1937.777.24.11.30--20210323234509.json.html       (00:00.000 / 02:21.853, 1Gb)
Check /work/output/de/ValueSet-2.16.840.1.113883.3.1937.777.24.11.30--20210323234509.md              (00:00.010 / 02:21.864, 1Gb)
Check /work/output/de/ValueSet-2.16.840.1.113883.3.1937.777.24.11.30--20210323234509.xml             (00:00.000 / 02:21.865, 1Gb)
Check /work/output/de/ValueSet-2.16.840.1.113883.3.1937.777.24.11.30--20210323234509.xml.html        (00:00.001 / 02:21.866, 1Gb)
Check /work/output/de/ValueSet-2.16.840.1.113883.3.1937.777.24.11.36--20230331232804-testing.html    (00:00.011 / 02:21.878, 1Gb)
Check /work/output/de/ValueSet-2.16.840.1.113883.3.1937.777.24.11.36--20230331232804.change.history.html (00:00.008 / 02:21.886, 1Gb)
Check /work/output/de/ValueSet-2.16.840.1.113883.3.1937.777.24.11.36--20230331232804.html            (00:00.007 / 02:21.893, 1Gb)
Check /work/output/de/ValueSet-2.16.840.1.113883.3.1937.777.24.11.36--20230331232804.json            (00:00.040 / 02:21.934, 1Gb)
Check /work/output/de/ValueSet-2.16.840.1.113883.3.1937.777.24.11.36--20230331232804.json.html       (00:00.000 / 02:21.934, 1Gb)
Check /work/output/de/ValueSet-2.16.840.1.113883.3.1937.777.24.11.36--20230331232804.md              (00:00.006 / 02:21.941, 1Gb)
Check /work/output/de/ValueSet-2.16.840.1.113883.3.1937.777.24.11.36--20230331232804.xml             (00:00.000 / 02:21.942, 1Gb)
Check /work/output/de/ValueSet-2.16.840.1.113883.3.1937.777.24.11.36--20230331232804.xml.html        (00:00.000 / 02:21.942, 1Gb)
Check /work/output/de/ValueSet-88464c5b-5338-4c2b-9c07-b42fef2ada64-testing.html                     (00:00.009 / 02:21.951, 434Mb)
Check /work/output/de/ValueSet-88464c5b-5338-4c2b-9c07-b42fef2ada64.change.history.html              (00:00.004 / 02:21.955, 441Mb)
Check /work/output/de/ValueSet-88464c5b-5338-4c2b-9c07-b42fef2ada64.html                             (00:00.004 / 02:21.959, 448Mb)
Check /work/output/de/ValueSet-88464c5b-5338-4c2b-9c07-b42fef2ada64.json                             (00:00.005 / 02:21.965, 459Mb)
.Check /work/output/de/ValueSet-88464c5b-5338-4c2b-9c07-b42fef2ada64.json.html                        (00:00.000 / 02:21.966, 459Mb)
Check /work/output/de/ValueSet-88464c5b-5338-4c2b-9c07-b42fef2ada64.md                               (00:00.006 / 02:21.972, 472Mb)
Check /work/output/de/ValueSet-88464c5b-5338-4c2b-9c07-b42fef2ada64.xml                              (00:00.000 / 02:21.972, 472Mb)
Check /work/output/de/ValueSet-88464c5b-5338-4c2b-9c07-b42fef2ada64.xml.html                         (00:00.000 / 02:21.973, 472Mb)
Check /work/output/de/ai.zip                                                                         (00:00.006 / 02:21.979, 484Mb)
Check /work/output/de/alert.jpg                                                                      (00:00.001 / 02:21.981, 484Mb)
Check /work/output/de/artifacts.html                                                                 (00:00.000 / 02:21.981, 484Mb)
Check /work/output/de/artifacts.md                                                                   (00:00.012 / 02:21.994, 513Mb)
Check /work/output/de/assets/css/bootstrap-accessibility.css                                         (00:00.000 / 02:21.994, 514Mb)
Check /work/output/de/assets/css/bootstrap-fhir.css                                                  (00:00.000 / 02:21.994, 514Mb)
Check /work/output/de/assets/css/bootstrap-glyphicons.css                                            (00:00.000 / 02:21.995, 514Mb)
Check /work/output/de/assets/css/cqf.css                                                             (00:00.000 / 02:21.995, 514Mb)
Check /work/output/de/assets/css/hl7.css                                                             (00:00.000 / 02:21.996, 514Mb)
Check /work/output/de/assets/css/jquery-ui.css                                                       (00:00.000 / 02:21.996, 514Mb)
Check /work/output/de/assets/css/jquery-ui.structure.min.css                                         (00:00.000 / 02:21.997, 514Mb)
Check /work/output/de/assets/css/jquery-ui.theme.min.css                                             (00:00.000 / 02:21.997, 514Mb)
Check /work/output/de/assets/css/mii.css                                                             (00:00.000 / 02:21.997, 514Mb)
Check /work/output/de/assets/css/num-diz.css                                                         (00:00.000 / 02:21.998, 514Mb)
Check /work/output/de/assets/css/prism-fhirpath.css                                                  (00:00.000 / 02:21.998, 514Mb)
Check /work/output/de/assets/css/prism.css                                                           (00:00.000 / 02:21.998, 514Mb)
Check /work/output/de/assets/css/project.css                                                         (00:00.000 / 02:21.999, 514Mb)
Check /work/output/de/assets/css/pygments-manni.css                                                  (00:00.000 / 02:21.999, 514Mb)
Check /work/output/de/assets/css/template-base.css                                                   (00:00.000 / 02:21.999, 514Mb)
Check /work/output/de/assets/css/xml.css                                                             (00:00.000 / 02:22.000, 514Mb)
Check /work/output/de/assets/fonts/OpenSans-CondBold-webfont.eot                                     (00:00.000 / 02:22.000, 514Mb)
Check /work/output/de/assets/fonts/OpenSans-CondBold-webfont.svg                                     (00:00.000 / 02:22.001, 514Mb)
Check /work/output/de/assets/fonts/OpenSans-CondBold-webfont.ttf                                     (00:00.013 / 02:22.015, 530Mb)
Check /work/output/de/assets/fonts/OpenSans-CondBold-webfont.woff                                    (00:00.000 / 02:22.015, 530Mb)
Check /work/output/de/assets/fonts/OpenSans-CondLight-webfont.eot                                    (00:00.000 / 02:22.016, 531Mb)
Check /work/output/de/assets/fonts/OpenSans-CondLight-webfont.svg                                    (00:00.000 / 02:22.017, 531Mb)
Check /work/output/de/assets/fonts/OpenSans-CondLight-webfont.ttf                                    (00:00.017 / 02:22.034, 550Mb)
Check /work/output/de/assets/fonts/OpenSans-CondLight-webfont.woff                                   (00:00.000 / 02:22.035, 550Mb)
Check /work/output/de/assets/fonts/glyphiconshalflings-regular.eot                                   (00:00.000 / 02:22.035, 550Mb)
Check /work/output/de/assets/fonts/glyphiconshalflings-regular.otf                                   (00:00.000 / 02:22.036, 550Mb)
Check /work/output/de/assets/fonts/glyphiconshalflings-regular.svg                                   (00:00.000 / 02:22.037, 551Mb)
Check /work/output/de/assets/fonts/glyphiconshalflings-regular.ttf                                   (00:00.005 / 02:22.042, 556Mb)
Check /work/output/de/assets/fonts/glyphiconshalflings-regular.woff                                  (00:00.000 / 02:22.043, 556Mb)
Check /work/output/de/assets/ico/favicon.png                                                         (00:00.000 / 02:22.044, 556Mb)
Check /work/output/de/assets/ico/icon-fhir-114.png                                                   (00:00.000 / 02:22.045, 556Mb)
Check /work/output/de/assets/ico/icon-fhir-144.png                                                   (00:00.001 / 02:22.046, 556Mb)
Check /work/output/de/assets/ico/icon-fhir-57.png                                                    (00:00.000 / 02:22.047, 557Mb)
Check /work/output/de/assets/ico/icon-fhir-72.png                                                    (00:00.000 / 02:22.047, 558Mb)
Check /work/output/de/assets/ico/noun_copy to clipboard_1669410.png                                  (00:00.000 / 02:22.048, 558Mb)
Check /work/output/de/assets/images/001.svg                                                          (00:00.000 / 02:22.048, 558Mb)
Check /work/output/de/assets/images/deu.svg                                                          (00:00.001 / 02:22.050, 559Mb)
Check /work/output/de/assets/images/download.png                                                     (00:00.000 / 02:22.051, 559Mb)
Check /work/output/de/assets/images/dragon.png                                                       (00:00.000 / 02:22.052, 559Mb)
Check /work/output/de/assets/images/external.png                                                     (00:00.002 / 02:22.054, 559Mb)
Check /work/output/de/assets/images/fcp-logo.png                                                     (00:00.000 / 02:22.054, 559Mb)
Check /work/output/de/assets/images/fhir-logo-www.png                                                (00:00.001 / 02:22.056, 560Mb)
Check /work/output/de/assets/images/hl7-logo-header.png                                              (00:00.000 / 02:22.057, 560Mb)
Check /work/output/de/assets/images/icon_arrow_down.png                                              (00:00.000 / 02:22.058, 560Mb)
Check /work/output/de/assets/images/icon_arrow_up.png                                                (00:00.000 / 02:22.058, 560Mb)
Check /work/output/de/assets/images/lang-ar.png                                                      (00:00.000 / 02:22.058, 561Mb)
Check /work/output/de/assets/images/lang-de.png                                                      (00:00.000 / 02:22.058, 561Mb)
Check /work/output/de/assets/images/lang-en.png                                                      (00:00.000 / 02:22.059, 561Mb)
Check /work/output/de/assets/images/lang-es.png                                                      (00:00.000 / 02:22.059, 561Mb)
Check /work/output/de/assets/images/lang-fr.png                                                      (00:00.000 / 02:22.059, 561Mb)
Check /work/output/de/assets/images/lang-ja.png                                                      (00:00.000 / 02:22.060, 561Mb)
Check /work/output/de/assets/images/lang-kr.png                                                      (00:00.000 / 02:22.060, 561Mb)
Check /work/output/de/assets/images/lang-nl.png                                                      (00:00.000 / 02:22.060, 561Mb)
.Check /work/output/de/assets/images/lang-pt.png                                                      (00:00.000 / 02:22.061, 561Mb)
Check /work/output/de/assets/images/lang-pt_BR.png                                                   (00:00.000 / 02:22.061, 561Mb)
Check /work/output/de/assets/images/lang-ru.png                                                      (00:00.000 / 02:22.061, 561Mb)
Check /work/output/de/assets/images/lang-zh-TW.png                                                   (00:00.000 / 02:22.061, 561Mb)
Check /work/output/de/assets/images/lang-zh.png                                                      (00:00.000 / 02:22.062, 561Mb)
Check /work/output/de/assets/images/link.svg                                                         (00:00.000 / 02:22.062, 561Mb)
Check /work/output/de/assets/images/logo-de.svg                                                      (00:00.000 / 02:22.063, 561Mb)
Check /work/output/de/assets/images/logo-en.svg                                                      (00:00.004 / 02:22.067, 566Mb)
Check /work/output/de/assets/images/logo-num-diz-de.svg                                              (00:00.010 / 02:22.078, 575Mb)
Check /work/output/de/assets/images/logo-num-diz-en.svg                                              (00:00.008 / 02:22.086, 580Mb)
Check /work/output/de/assets/images/logo_ansinew.jpg                                                 (00:00.007 / 02:22.094, 584Mb)
Check /work/output/de/assets/images/search.png                                                       (00:00.001 / 02:22.095, 584Mb)
Check /work/output/de/assets/images/stripe.png                                                       (00:00.001 / 02:22.096, 584Mb)
Check /work/output/de/assets/images/target.png                                                       (00:00.000 / 02:22.097, 584Mb)
Check /work/output/de/assets/js/anchor-hover.js                                                      (00:00.000 / 02:22.098, 584Mb)
Check /work/output/de/assets/js/anchor.min.js                                                        (00:00.000 / 02:22.099, 584Mb)
Check /work/output/de/assets/js/back-to-top.js                                                       (00:00.001 / 02:22.100, 584Mb)
Check /work/output/de/assets/js/bootstrap-accessibility.min.js                                       (00:00.001 / 02:22.102, 584Mb)
Check /work/output/de/assets/js/bootstrap.min.js                                                     (00:00.001 / 02:22.103, 584Mb)
Check /work/output/de/assets/js/clipboard-btn.js                                                     (00:00.001 / 02:22.104, 585Mb)
Check /work/output/de/assets/js/clipboard.min.js                                                     (00:00.000 / 02:22.105, 585Mb)
Check /work/output/de/assets/js/direction-management.js                                              (00:00.000 / 02:22.105, 585Mb)
Check /work/output/de/assets/js/fhir-table-scripts.js                                                (00:00.001 / 02:22.107, 585Mb)
Check /work/output/de/assets/js/fhir.js                                                              (00:00.000 / 02:22.107, 585Mb)
Check /work/output/de/assets/js/flags.js                                                             (00:00.000 / 02:22.108, 585Mb)
Check /work/output/de/assets/js/font-size-control.js                                                 (00:00.000 / 02:22.108, 585Mb)
Check /work/output/de/assets/js/html5shiv.js                                                         (00:00.000 / 02:22.109, 585Mb)
Check /work/output/de/assets/js/jquery-3.7.0.min.map                                                 (00:00.000 / 02:22.109, 585Mb)
Check /work/output/de/assets/js/jquery-ui.min.js                                                     (00:00.001 / 02:22.111, 585Mb)
Check /work/output/de/assets/js/jquery.js                                                            (00:00.000 / 02:22.112, 585Mb)
Check /work/output/de/assets/js/lang-redirects.js                                                    (00:00.000 / 02:22.112, 585Mb)
Check /work/output/de/assets/js/mermaid-init.js                                                      (00:00.000 / 02:22.113, 585Mb)
Check /work/output/de/assets/js/mermaid.js                                                           (00:00.000 / 02:22.114, 585Mb)
Check /work/output/de/assets/js/prism-fhirpath.js                                                    (00:00.028 / 02:22.143, 449Mb)
Check /work/output/de/assets/js/prism.js                                                             (00:00.005 / 02:22.148, 449Mb)
Check /work/output/de/assets/js/readme.txt                                                           (00:00.006 / 02:22.154, 450Mb)
Check /work/output/de/assets/js/respond.min.js                                                       (00:00.000 / 02:22.155, 450Mb)
Check /work/output/de/assets/js/tabs.js                                                              (00:00.000 / 02:22.156, 450Mb)
Check /work/output/de/assets/js/topofpage.js                                                         (00:00.000 / 02:22.157, 450Mb)
Check /work/output/de/assets/js/window-hash.js                                                       (00:00.000 / 02:22.158, 450Mb)
Check /work/output/de/assets/js/xml.js                                                               (00:00.000 / 02:22.159, 450Mb)
Check /work/output/de/capability-statements.html                                                     (00:00.000 / 02:22.159, 450Mb)
Check /work/output/de/capability-statements.md                                                       (00:00.014 / 02:22.174, 467Mb)
Check /work/output/de/cc0.png                                                                        (00:00.001 / 02:22.175, 467Mb)
Check /work/output/de/changes.html                                                                   (00:00.004 / 02:22.180, 467Mb)
Check /work/output/de/changes.md                                                                     (00:00.008 / 02:22.189, 488Mb)
Check /work/output/de/code-systems.html                                                              (00:00.001 / 02:22.190, 488Mb)
Check /work/output/de/code-systems.md                                                                (00:00.015 / 02:22.205, 533Mb)
Check /work/output/de/downloads.html                                                                 (00:00.001 / 02:22.206, 533Mb)
Check /work/output/de/downloads.md                                                                   (00:00.004 / 02:22.211, 543Mb)
Check /work/output/de/examples.html                                                                  (00:00.000 / 02:22.211, 543Mb)
Check /work/output/de/examples.md                                                                    (00:00.004 / 02:22.216, 552Mb)
Check /work/output/de/external.png                                                                   (00:00.000 / 02:22.217, 552Mb)
Check /work/output/de/fhir-table-scripts.js                                                          (00:00.000 / 02:22.217, 552Mb)
Check /work/output/de/fhir.css                                                                       (00:00.000 / 02:22.218, 552Mb)
Check /work/output/de/frageboegen.html                                                               (00:00.001 / 02:22.219, 552Mb)
Check /work/output/de/frageboegen.md                                                                 (00:00.009 / 02:22.228, 563Mb)
Check /work/output/de/guidance.html                                                                  (00:00.001 / 02:22.229, 563Mb)
Check /work/output/de/guidance.md                                                                    (00:00.010 / 02:22.240, 574Mb)
Check /work/output/de/help.png                                                                       (00:00.000 / 02:22.241, 574Mb)
Check /work/output/de/icon-administration.png                                                        (00:00.000 / 02:22.241, 574Mb)
.Check /work/output/de/icon-change-add.png                                                            (00:00.001 / 02:22.242, 574Mb)
Check /work/output/de/icon-change-edit.png                                                           (00:00.000 / 02:22.243, 574Mb)
Check /work/output/de/icon-change-remove.png                                                         (00:00.000 / 02:22.243, 574Mb)
Check /work/output/de/icon-clinical.png                                                              (00:00.000 / 02:22.244, 574Mb)
Check /work/output/de/icon-dictionary.png                                                            (00:00.000 / 02:22.245, 574Mb)
Check /work/output/de/icon-directory.gif                                                             (00:00.000 / 02:22.245, 574Mb)
Check /work/output/de/icon-documentation.png                                                         (00:00.000 / 02:22.246, 574Mb)
Check /work/output/de/icon-error.gif                                                                 (00:00.000 / 02:22.246, 574Mb)
Check /work/output/de/icon-example.png                                                               (00:00.000 / 02:22.247, 574Mb)
Check /work/output/de/icon-fhir-1024.png                                                             (00:00.000 / 02:22.247, 574Mb)
Check /work/output/de/icon-fhir-128.png                                                              (00:00.001 / 02:22.249, 574Mb)
Check /work/output/de/icon-fhir-16-grey.png                                                          (00:00.000 / 02:22.249, 575Mb)
Check /work/output/de/icon-fhir-16.png                                                               (00:00.000 / 02:22.250, 575Mb)
Check /work/output/de/icon-fhir-24.png                                                               (00:00.000 / 02:22.250, 575Mb)
Check /work/output/de/icon-fhir-32.png                                                               (00:00.000 / 02:22.251, 575Mb)
Check /work/output/de/icon-fhir-48.png                                                               (00:00.000 / 02:22.251, 575Mb)
Check /work/output/de/icon-fhir-64.png                                                               (00:00.000 / 02:22.252, 575Mb)
Check /work/output/de/icon-fhir-720.png                                                              (00:00.000 / 02:22.252, 575Mb)
Check /work/output/de/icon-implementation.png                                                        (00:00.000 / 02:22.253, 575Mb)
Check /work/output/de/icon-include.png                                                               (00:00.001 / 02:22.254, 575Mb)
Check /work/output/de/icon-infrastructure.png                                                        (00:00.000 / 02:22.255, 575Mb)
Check /work/output/de/icon-key.png                                                                   (00:00.000 / 02:22.255, 575Mb)
Check /work/output/de/icon-list.gif                                                                  (00:00.000 / 02:22.256, 575Mb)
Check /work/output/de/icon-not-selected.png                                                          (00:00.000 / 02:22.256, 575Mb)
Check /work/output/de/icon-object-box.png                                                            (00:00.000 / 02:22.257, 575Mb)
Check /work/output/de/icon-page.png                                                                  (00:00.000 / 02:22.257, 575Mb)
Check /work/output/de/icon-q-attachment.png                                                          (00:00.000 / 02:22.258, 575Mb)
Check /work/output/de/icon-q-boolean.png                                                             (00:00.000 / 02:22.258, 575Mb)
Check /work/output/de/icon-q-choice.png                                                              (00:00.000 / 02:22.259, 575Mb)
Check /work/output/de/icon-q-coding.png                                                              (00:00.000 / 02:22.259, 575Mb)
Check /work/output/de/icon-q-date.png                                                                (00:00.000 / 02:22.260, 575Mb)
Check /work/output/de/icon-q-datetime.png                                                            (00:00.000 / 02:22.260, 575Mb)
Check /work/output/de/icon-q-decimal.png                                                             (00:00.000 / 02:22.260, 575Mb)
Check /work/output/de/icon-q-display.png                                                             (00:00.000 / 02:22.261, 575Mb)
Check /work/output/de/icon-q-group.png                                                               (00:00.000 / 02:22.261, 575Mb)
Check /work/output/de/icon-q-integer.png                                                             (00:00.000 / 02:22.262, 575Mb)
Check /work/output/de/icon-q-item.png                                                                (00:00.000 / 02:22.262, 575Mb)
Check /work/output/de/icon-q-open-choice.png                                                         (00:00.000 / 02:22.263, 575Mb)
Check /work/output/de/icon-q-quantity.png                                                            (00:00.000 / 02:22.264, 575Mb)
Check /work/output/de/icon-q-reference.png                                                           (00:00.000 / 02:22.264, 575Mb)
Check /work/output/de/icon-q-string.png                                                              (00:00.000 / 02:22.265, 575Mb)
Check /work/output/de/icon-q-text.png                                                                (00:00.000 / 02:22.266, 575Mb)
Check /work/output/de/icon-q-time.png                                                                (00:00.000 / 02:22.267, 575Mb)
Check /work/output/de/icon-q-url.png                                                                 (00:00.000 / 02:22.267, 576Mb)
Check /work/output/de/icon-qi-help.png                                                               (00:00.000 / 02:22.268, 576Mb)
Check /work/output/de/icon-qi-hidden.png                                                             (00:00.000 / 02:22.268, 576Mb)
Check /work/output/de/icon-qi-horizontal.png                                                         (00:00.000 / 02:22.268, 576Mb)
Check /work/output/de/icon-qi-instructions.png                                                       (00:00.000 / 02:22.269, 576Mb)
Check /work/output/de/icon-qi-observation.png                                                        (00:00.000 / 02:22.269, 576Mb)
Check /work/output/de/icon-qi-optional.png                                                           (00:00.000 / 02:22.270, 576Mb)
Check /work/output/de/icon-qi-readonly.png                                                           (00:00.000 / 02:22.270, 576Mb)
Check /work/output/de/icon-qi-security.bmp                                                           (00:00.000 / 02:22.270, 576Mb)
Check /work/output/de/icon-qi-security.png                                                           (00:00.000 / 02:22.271, 576Mb)
Check /work/output/de/icon-qi-subject.png                                                            (00:00.000 / 02:22.271, 576Mb)
Check /work/output/de/icon-qi-vertical.png                                                           (00:00.000 / 02:22.272, 576Mb)
Check /work/output/de/icon-resource.png                                                              (00:00.000 / 02:22.272, 576Mb)
Check /work/output/de/icon-selected.png                                                              (00:00.000 / 02:22.272, 576Mb)
Check /work/output/de/icon-toc.png                                                                   (00:00.000 / 02:22.273, 576Mb)
Check /work/output/de/icon-type-operation.png                                                        (00:00.000 / 02:22.273, 576Mb)
Check /work/output/de/icon-warning.png                                                               (00:00.000 / 02:22.274, 576Mb)
Check /work/output/de/icon_bundle.png                                                                (00:00.000 / 02:22.274, 576Mb)
.Check /work/output/de/icon_choice.gif                                                                (00:00.000 / 02:22.274, 576Mb)
Check /work/output/de/icon_datatype.gif                                                              (00:00.000 / 02:22.275, 576Mb)
Check /work/output/de/icon_element.gif                                                               (00:00.000 / 02:22.275, 576Mb)
Check /work/output/de/icon_entry_blue.png                                                            (00:00.000 / 02:22.276, 576Mb)
Check /work/output/de/icon_extension.png                                                             (00:00.000 / 02:22.276, 576Mb)
Check /work/output/de/icon_extension_complex.png                                                     (00:00.000 / 02:22.276, 576Mb)
Check /work/output/de/icon_extension_simple.png                                                      (00:00.000 / 02:22.277, 576Mb)
Check /work/output/de/icon_fixed.gif                                                                 (00:00.000 / 02:22.277, 576Mb)
Check /work/output/de/icon_group.png                                                                 (00:00.000 / 02:22.277, 576Mb)
Check /work/output/de/icon_latest.png                                                                (00:00.000 / 02:22.278, 576Mb)
Check /work/output/de/icon_modifier_extension_complex.png                                            (00:00.000 / 02:22.279, 576Mb)
Check /work/output/de/icon_modifier_extension_simple.png                                             (00:00.000 / 02:22.279, 576Mb)
Check /work/output/de/icon_page-child.gif                                                            (00:00.000 / 02:22.280, 576Mb)
Check /work/output/de/icon_page.gif                                                                  (00:00.002 / 02:22.282, 576Mb)
Check /work/output/de/icon_page_n.gif                                                                (00:00.001 / 02:22.283, 576Mb)
Check /work/output/de/icon_page_n_c.gif                                                              (00:00.003 / 02:22.287, 576Mb)
Check /work/output/de/icon_page_n_i.gif                                                              (00:00.025 / 02:22.313, 576Mb)
Check /work/output/de/icon_page_n_o.gif                                                              (00:00.002 / 02:22.316, 576Mb)
Check /work/output/de/icon_page_n_p.gif                                                              (00:00.000 / 02:22.316, 576Mb)
Check /work/output/de/icon_primitive.png                                                             (00:00.000 / 02:22.317, 576Mb)
Check /work/output/de/icon_profile.png                                                               (00:00.000 / 02:22.318, 576Mb)
Check /work/output/de/icon_q_item.png                                                                (00:00.000 / 02:22.318, 576Mb)
Check /work/output/de/icon_q_root.gif                                                                (00:00.000 / 02:22.319, 576Mb)
Check /work/output/de/icon_reference.png                                                             (00:00.000 / 02:22.319, 576Mb)
Check /work/output/de/icon_resource.png                                                              (00:00.000 / 02:22.319, 576Mb)
Check /work/output/de/icon_reuse.png                                                                 (00:00.000 / 02:22.320, 576Mb)
Check /work/output/de/icon_slice.png                                                                 (00:00.000 / 02:22.320, 576Mb)
Check /work/output/de/icon_slice_item.png                                                            (00:00.000 / 02:22.321, 576Mb)
Check /work/output/de/icon_text.png                                                                  (00:00.000 / 02:22.321, 576Mb)
Check /work/output/de/icon_vd_col.png                                                                (00:00.000 / 02:22.322, 576Mb)
Check /work/output/de/icon_vd_foreach.png                                                            (00:00.000 / 02:22.322, 576Mb)
Check /work/output/de/icon_vd_select.png                                                             (00:00.000 / 02:22.323, 576Mb)
Check /work/output/de/icon_vd_union.png                                                              (00:00.000 / 02:22.323, 576Mb)
Check /work/output/de/icon_vd_view.png                                                               (00:00.000 / 02:22.324, 576Mb)
Check /work/output/de/implementer-guidance.html                                                      (00:00.000 / 02:22.324, 576Mb)
Check /work/output/de/implementer-guidance.md                                                        (00:00.008 / 02:22.333, 593Mb)
Check /work/output/de/index.html                                                                     (00:00.000 / 02:22.334, 593Mb)
Check /work/output/de/index.md                                                                       (00:00.006 / 02:22.340, 604Mb)
Check /work/output/de/information-model_UML-Diagramm_MII-spez.png                                    (00:00.000 / 02:22.340, 604Mb)
Check /work/output/de/information.png                                                                (00:00.003 / 02:22.344, 605Mb)
Check /work/output/de/link.svg                                                                       (00:00.000 / 02:22.345, 605Mb)
Check /work/output/de/llms.txt                                                                       (00:00.001 / 02:22.346, 605Mb)
Check /work/output/de/lock.png                                                                       (00:00.000 / 02:22.347, 605Mb)
Check /work/output/de/logical-models.html                                                            (00:00.000 / 02:22.348, 605Mb)
Check /work/output/de/logical-models.md                                                              (00:00.007 / 02:22.355, 614Mb)
Check /work/output/de/modifier.png                                                                   (00:00.000 / 02:22.356, 614Mb)
Check /work/output/de/mustsupport.png                                                                (00:00.000 / 02:22.356, 614Mb)
Check /work/output/de/new.png                                                                        (00:00.000 / 02:22.357, 614Mb)
Check /work/output/de/prism.css                                                                      (00:00.000 / 02:22.357, 614Mb)
Check /work/output/de/prism.js                                                                       (00:00.000 / 02:22.358, 614Mb)
Check /work/output/de/profiles.html                                                                  (00:00.003 / 02:22.361, 616Mb)
Check /work/output/de/profiles.md                                                                    (00:00.010 / 02:22.372, 626Mb)
Check /work/output/de/search-parameters.html                                                         (00:00.000 / 02:22.373, 626Mb)
Check /work/output/de/search-parameters.md                                                           (00:00.017 / 02:22.391, 642Mb)
Check /work/output/de/searchform.html                                                                (00:00.001 / 02:22.392, 642Mb)
Check /work/output/de/security-and-privacy.html                                                      (00:00.006 / 02:22.398, 644Mb)
Check /work/output/de/security-and-privacy.md                                                        (00:00.013 / 02:22.412, 655Mb)
Check /work/output/de/summary.png                                                                    (00:00.000 / 02:22.413, 655Mb)
Check /work/output/de/target.png                                                                     (00:00.000 / 02:22.414, 655Mb)
Check /work/output/de/tbl-closed.png                                                                 (00:00.000 / 02:22.414, 655Mb)
Check /work/output/de/tbl-open.png                                                                   (00:00.000 / 02:22.415, 655Mb)
.Check /work/output/de/tbl_bck0.png                                                                   (00:00.000 / 02:22.415, 655Mb)
Check /work/output/de/tbl_bck00.png                                                                  (00:00.000 / 02:22.416, 655Mb)
Check /work/output/de/tbl_bck000.png                                                                 (00:00.000 / 02:22.416, 655Mb)
Check /work/output/de/tbl_bck0000.png                                                                (00:00.000 / 02:22.416, 655Mb)
Check /work/output/de/tbl_bck00000.png                                                               (00:00.000 / 02:22.416, 655Mb)
Check /work/output/de/tbl_bck000000.png                                                              (00:00.000 / 02:22.417, 655Mb)
Check /work/output/de/tbl_bck0000000.png                                                             (00:00.000 / 02:22.417, 655Mb)
Check /work/output/de/tbl_bck000001.png                                                              (00:00.000 / 02:22.417, 655Mb)
Check /work/output/de/tbl_bck0000010.png                                                             (00:00.000 / 02:22.418, 655Mb)
Check /work/output/de/tbl_bck00001.png                                                               (00:00.000 / 02:22.418, 655Mb)
Check /work/output/de/tbl_bck000010.png                                                              (00:00.000 / 02:22.418, 655Mb)
Check /work/output/de/tbl_bck0000100.png                                                             (00:00.000 / 02:22.418, 655Mb)
Check /work/output/de/tbl_bck000010000.png                                                           (00:00.000 / 02:22.419, 655Mb)
Check /work/output/de/tbl_bck00001001.png                                                            (00:00.000 / 02:22.419, 655Mb)
Check /work/output/de/tbl_bck000010010.png                                                           (00:00.000 / 02:22.419, 655Mb)
Check /work/output/de/tbl_bck0000101.png                                                             (00:00.000 / 02:22.419, 655Mb)
Check /work/output/de/tbl_bck00001010.png                                                            (00:00.000 / 02:22.420, 655Mb)
Check /work/output/de/tbl_bck000011.png                                                              (00:00.000 / 02:22.420, 655Mb)
Check /work/output/de/tbl_bck0000110.png                                                             (00:00.000 / 02:22.420, 655Mb)
Check /work/output/de/tbl_bck00001100.png                                                            (00:00.000 / 02:22.421, 655Mb)
Check /work/output/de/tbl_bck0000111.png                                                             (00:00.000 / 02:22.421, 655Mb)
Check /work/output/de/tbl_bck00001110.png                                                            (00:00.000 / 02:22.421, 655Mb)
Check /work/output/de/tbl_bck000011100.png                                                           (00:00.000 / 02:22.421, 655Mb)
Check /work/output/de/tbl_bck0000111000.png                                                          (00:00.000 / 02:22.422, 655Mb)
Check /work/output/de/tbl_bck00001110000.png                                                         (00:00.000 / 02:22.422, 655Mb)
Check /work/output/de/tbl_bck0000111001.png                                                          (00:00.000 / 02:22.422, 655Mb)
Check /work/output/de/tbl_bck00001110010.png                                                         (00:00.000 / 02:22.423, 655Mb)
Check /work/output/de/tbl_bck000011101.png                                                           (00:00.000 / 02:22.423, 655Mb)
Check /work/output/de/tbl_bck0000111010.png                                                          (00:00.000 / 02:22.423, 655Mb)
Check /work/output/de/tbl_bck00001110100.png                                                         (00:00.000 / 02:22.424, 655Mb)
Check /work/output/de/tbl_bck0000111011.png                                                          (00:00.000 / 02:22.424, 655Mb)
Check /work/output/de/tbl_bck00001110110.png                                                         (00:00.000 / 02:22.424, 655Mb)
Check /work/output/de/tbl_bck00001111.png                                                            (00:00.000 / 02:22.425, 655Mb)
Check /work/output/de/tbl_bck000011110.png                                                           (00:00.000 / 02:22.425, 655Mb)
Check /work/output/de/tbl_bck0000111100.png                                                          (00:00.000 / 02:22.425, 655Mb)
Check /work/output/de/tbl_bck000011110000.png                                                        (00:00.000 / 02:22.425, 655Mb)
Check /work/output/de/tbl_bck00001111001.png                                                         (00:00.000 / 02:22.426, 655Mb)
Check /work/output/de/tbl_bck000011110010.png                                                        (00:00.000 / 02:22.426, 655Mb)
Check /work/output/de/tbl_bck0000111101.png                                                          (00:00.000 / 02:22.426, 655Mb)
Check /work/output/de/tbl_bck00001111010.png                                                         (00:00.000 / 02:22.427, 655Mb)
Check /work/output/de/tbl_bck000011111.png                                                           (00:00.000 / 02:22.427, 655Mb)
Check /work/output/de/tbl_bck0000111110.png                                                          (00:00.000 / 02:22.428, 655Mb)
Check /work/output/de/tbl_bck00001111100.png                                                         (00:00.000 / 02:22.428, 655Mb)
Check /work/output/de/tbl_bck000011111000.png                                                        (00:00.000 / 02:22.428, 655Mb)
Check /work/output/de/tbl_bck00001111101.png                                                         (00:00.000 / 02:22.429, 655Mb)
Check /work/output/de/tbl_bck000011111010.png                                                        (00:00.000 / 02:22.429, 655Mb)
Check /work/output/de/tbl_bck0000111110100.png                                                       (00:00.000 / 02:22.429, 655Mb)
Check /work/output/de/tbl_bck000011111011.png                                                        (00:00.000 / 02:22.430, 655Mb)
Check /work/output/de/tbl_bck0000111110110.png                                                       (00:00.000 / 02:22.430, 655Mb)
Check /work/output/de/tbl_bck0000111111.png                                                          (00:00.000 / 02:22.430, 655Mb)
Check /work/output/de/tbl_bck00001111110.png                                                         (00:00.000 / 02:22.430, 655Mb)
Check /work/output/de/tbl_bck000011111100.png                                                        (00:00.000 / 02:22.431, 655Mb)
Check /work/output/de/tbl_bck00001111111.png                                                         (00:00.000 / 02:22.431, 655Mb)
Check /work/output/de/tbl_bck000011111110.png                                                        (00:00.000 / 02:22.431, 655Mb)
Check /work/output/de/tbl_bck0001.png                                                                (00:00.000 / 02:22.432, 655Mb)
Check /work/output/de/tbl_bck00010.png                                                               (00:00.000 / 02:22.432, 655Mb)
Check /work/output/de/tbl_bck000100.png                                                              (00:00.000 / 02:22.432, 655Mb)
Check /work/output/de/tbl_bck00011.png                                                               (00:00.000 / 02:22.432, 655Mb)
Check /work/output/de/tbl_bck000110.png                                                              (00:00.000 / 02:22.433, 655Mb)
Check /work/output/de/tbl_bck001.png                                                                 (00:00.000 / 02:22.433, 655Mb)
Check /work/output/de/tbl_bck0010.png                                                                (00:00.000 / 02:22.433, 655Mb)
.Check /work/output/de/tbl_bck00100.png                                                               (00:00.000 / 02:22.434, 655Mb)
Check /work/output/de/tbl_bck001000.png                                                              (00:00.000 / 02:22.434, 655Mb)
Check /work/output/de/tbl_bck0010000.png                                                             (00:00.000 / 02:22.434, 655Mb)
Check /work/output/de/tbl_bck001001.png                                                              (00:00.000 / 02:22.434, 655Mb)
Check /work/output/de/tbl_bck0010010.png                                                             (00:00.000 / 02:22.435, 655Mb)
Check /work/output/de/tbl_bck00101.png                                                               (00:00.000 / 02:22.435, 655Mb)
Check /work/output/de/tbl_bck001010.png                                                              (00:00.000 / 02:22.435, 655Mb)
Check /work/output/de/tbl_bck0011.png                                                                (00:00.000 / 02:22.435, 655Mb)
Check /work/output/de/tbl_bck00110.png                                                               (00:00.000 / 02:22.436, 655Mb)
Check /work/output/de/tbl_bck001100.png                                                              (00:00.000 / 02:22.436, 655Mb)
Check /work/output/de/tbl_bck00111.png                                                               (00:00.000 / 02:22.436, 655Mb)
Check /work/output/de/tbl_bck001110.png                                                              (00:00.000 / 02:22.436, 655Mb)
Check /work/output/de/tbl_bck001112.png                                                              (00:00.000 / 02:22.437, 655Mb)
Check /work/output/de/tbl_bck00112.png                                                               (00:00.000 / 02:22.437, 655Mb)
Check /work/output/de/tbl_bck01.png                                                                  (00:00.000 / 02:22.437, 655Mb)
Check /work/output/de/tbl_bck010.png                                                                 (00:00.000 / 02:22.438, 655Mb)
Check /work/output/de/tbl_bck0100.png                                                                (00:00.000 / 02:22.438, 655Mb)
Check /work/output/de/tbl_bck01000.png                                                               (00:00.000 / 02:22.438, 655Mb)
Check /work/output/de/tbl_bck0101.png                                                                (00:00.000 / 02:22.438, 655Mb)
Check /work/output/de/tbl_bck01010.png                                                               (00:00.000 / 02:22.439, 655Mb)
Check /work/output/de/tbl_bck010100.png                                                              (00:00.000 / 02:22.439, 655Mb)
Check /work/output/de/tbl_bck01011.png                                                               (00:00.000 / 02:22.439, 655Mb)
Check /work/output/de/tbl_bck010110.png                                                              (00:00.000 / 02:22.440, 655Mb)
Check /work/output/de/tbl_bck011.png                                                                 (00:00.000 / 02:22.440, 655Mb)
Check /work/output/de/tbl_bck0110.png                                                                (00:00.000 / 02:22.440, 655Mb)
Check /work/output/de/tbl_bck01100.png                                                               (00:00.000 / 02:22.440, 655Mb)
Check /work/output/de/tbl_bck011000.png                                                              (00:00.000 / 02:22.441, 655Mb)
Check /work/output/de/tbl_bck0110000.png                                                             (00:00.000 / 02:22.441, 655Mb)
Check /work/output/de/tbl_bck011001.png                                                              (00:00.000 / 02:22.441, 655Mb)
Check /work/output/de/tbl_bck0110010.png                                                             (00:00.000 / 02:22.442, 655Mb)
Check /work/output/de/tbl_bck01101.png                                                               (00:00.000 / 02:22.442, 655Mb)
Check /work/output/de/tbl_bck011010.png                                                              (00:00.000 / 02:22.442, 655Mb)
Check /work/output/de/tbl_bck0110100.png                                                             (00:00.000 / 02:22.442, 655Mb)
Check /work/output/de/tbl_bck011011.png                                                              (00:00.000 / 02:22.443, 655Mb)
Check /work/output/de/tbl_bck0110110.png                                                             (00:00.000 / 02:22.443, 655Mb)
Check /work/output/de/tbl_bck01101100.png                                                            (00:00.000 / 02:22.443, 655Mb)
Check /work/output/de/tbl_bck0110111.png                                                             (00:00.000 / 02:22.443, 655Mb)
Check /work/output/de/tbl_bck01101110.png                                                            (00:00.000 / 02:22.444, 655Mb)
Check /work/output/de/tbl_bck0111.png                                                                (00:00.000 / 02:22.444, 655Mb)
Check /work/output/de/tbl_bck01110.png                                                               (00:00.000 / 02:22.444, 655Mb)
Check /work/output/de/tbl_bck011100.png                                                              (00:00.000 / 02:22.444, 655Mb)
Check /work/output/de/tbl_bck01111.png                                                               (00:00.000 / 02:22.445, 655Mb)
Check /work/output/de/tbl_bck011110.png                                                              (00:00.000 / 02:22.445, 655Mb)
Check /work/output/de/tbl_bck0111100.png                                                             (00:00.000 / 02:22.445, 655Mb)
Check /work/output/de/tbl_bck011110000.png                                                           (00:00.000 / 02:22.445, 655Mb)
Check /work/output/de/tbl_bck01111001.png                                                            (00:00.000 / 02:22.446, 655Mb)
Check /work/output/de/tbl_bck011110010.png                                                           (00:00.000 / 02:22.446, 655Mb)
Check /work/output/de/tbl_bck0111101.png                                                             (00:00.000 / 02:22.446, 655Mb)
Check /work/output/de/tbl_bck01111010.png                                                            (00:00.000 / 02:22.446, 655Mb)
Check /work/output/de/tbl_bck011111.png                                                              (00:00.000 / 02:22.447, 655Mb)
Check /work/output/de/tbl_bck0111110.png                                                             (00:00.000 / 02:22.447, 655Mb)
Check /work/output/de/tbl_bck0112.png                                                                (00:00.000 / 02:22.447, 655Mb)
Check /work/output/de/tbl_bck012.png                                                                 (00:00.000 / 02:22.447, 655Mb)
Check /work/output/de/tbl_bck01240.png                                                               (00:00.000 / 02:22.448, 655Mb)
Check /work/output/de/tbl_bck0125.png                                                                (00:00.000 / 02:22.448, 655Mb)
Check /work/output/de/tbl_bck01250.png                                                               (00:00.000 / 02:22.448, 655Mb)
Check /work/output/de/tbl_bck01252.png                                                               (00:00.000 / 02:22.449, 655Mb)
Check /work/output/de/tbl_bck013.png                                                                 (00:00.000 / 02:22.449, 655Mb)
Check /work/output/de/tbl_bck0140.png                                                                (00:00.000 / 02:22.449, 655Mb)
Check /work/output/de/tbl_bck015.png                                                                 (00:00.000 / 02:22.450, 655Mb)
Check /work/output/de/tbl_bck0240.png                                                                (00:00.000 / 02:22.450, 655Mb)
.Check /work/output/de/tbl_bck02400.png                                                               (00:00.000 / 02:22.450, 655Mb)
Check /work/output/de/tbl_bck0241.png                                                                (00:00.000 / 02:22.450, 655Mb)
Check /work/output/de/tbl_bck02410.png                                                               (00:00.000 / 02:22.451, 655Mb)
Check /work/output/de/tbl_bck025.png                                                                 (00:00.000 / 02:22.451, 655Mb)
Check /work/output/de/tbl_bck0250.png                                                                (00:00.000 / 02:22.451, 655Mb)
Check /work/output/de/tbl_bck02500.png                                                               (00:00.000 / 02:22.451, 655Mb)
Check /work/output/de/tbl_bck025000.png                                                              (00:00.000 / 02:22.452, 655Mb)
Check /work/output/de/tbl_bck02501.png                                                               (00:00.000 / 02:22.452, 655Mb)
Check /work/output/de/tbl_bck025010.png                                                              (00:00.000 / 02:22.452, 655Mb)
Check /work/output/de/tbl_bck0250240.png                                                             (00:00.000 / 02:22.453, 655Mb)
Check /work/output/de/tbl_bck025025.png                                                              (00:00.001 / 02:22.455, 655Mb)
Check /work/output/de/tbl_bck0250250.png                                                             (00:00.000 / 02:22.455, 655Mb)
Check /work/output/de/tbl_bck02503.png                                                               (00:00.000 / 02:22.455, 655Mb)
Check /work/output/de/tbl_bck0251.png                                                                (00:00.000 / 02:22.456, 655Mb)
Check /work/output/de/tbl_bck02510.png                                                               (00:00.000 / 02:22.456, 655Mb)
Check /work/output/de/tbl_bck02512.png                                                               (00:00.000 / 02:22.456, 655Mb)
Check /work/output/de/tbl_bck0251240.png                                                             (00:00.000 / 02:22.456, 655Mb)
Check /work/output/de/tbl_bck025125.png                                                              (00:00.000 / 02:22.457, 655Mb)
Check /work/output/de/tbl_bck0251250.png                                                             (00:00.000 / 02:22.457, 655Mb)
Check /work/output/de/tbl_bck0251252.png                                                             (00:00.000 / 02:22.457, 655Mb)
Check /work/output/de/tbl_bck02513.png                                                               (00:00.000 / 02:22.458, 655Mb)
Check /work/output/de/tbl_bck03.png                                                                  (00:00.000 / 02:22.458, 655Mb)
Check /work/output/de/tbl_bck0320.png                                                                (00:00.000 / 02:22.458, 655Mb)
Check /work/output/de/tbl_bck033.png                                                                 (00:00.000 / 02:22.458, 655Mb)
Check /work/output/de/tbl_bck0330.png                                                                (00:00.000 / 02:22.459, 655Mb)
Check /work/output/de/tbl_bck03300.png                                                               (00:00.000 / 02:22.459, 655Mb)
Check /work/output/de/tbl_bck0331.png                                                                (00:00.000 / 02:22.459, 655Mb)
Check /work/output/de/tbl_bck03310.png                                                               (00:00.000 / 02:22.460, 655Mb)
Check /work/output/de/tbl_bck0340.png                                                                (00:00.000 / 02:22.460, 655Mb)
Check /work/output/de/tbl_bck03400.png                                                               (00:00.000 / 02:22.460, 655Mb)
Check /work/output/de/tbl_bck0341.png                                                                (00:00.000 / 02:22.460, 655Mb)
Check /work/output/de/tbl_bck03410.png                                                               (00:00.000 / 02:22.461, 655Mb)
Check /work/output/de/tbl_bck035.png                                                                 (00:00.000 / 02:22.461, 655Mb)
Check /work/output/de/tbl_bck0350.png                                                                (00:00.000 / 02:22.461, 655Mb)
Check /work/output/de/tbl_bck03500.png                                                               (00:00.000 / 02:22.461, 655Mb)
Check /work/output/de/tbl_bck0350240.png                                                             (00:00.000 / 02:22.462, 655Mb)
Check /work/output/de/tbl_bck035025.png                                                              (00:00.000 / 02:22.462, 655Mb)
Check /work/output/de/tbl_bck0350250.png                                                             (00:00.000 / 02:22.462, 655Mb)
Check /work/output/de/tbl_bck03503.png                                                               (00:00.000 / 02:22.462, 655Mb)
Check /work/output/de/tbl_bck0351.png                                                                (00:00.000 / 02:22.463, 655Mb)
Check /work/output/de/tbl_bck03510.png                                                               (00:00.000 / 02:22.463, 655Mb)
Check /work/output/de/tbl_bck03512.png                                                               (00:00.000 / 02:22.463, 655Mb)
Check /work/output/de/tbl_bck0351240.png                                                             (00:00.000 / 02:22.464, 655Mb)
Check /work/output/de/tbl_bck035125.png                                                              (00:00.000 / 02:22.464, 655Mb)
Check /work/output/de/tbl_bck0351250.png                                                             (00:00.000 / 02:22.464, 655Mb)
Check /work/output/de/tbl_bck0351252.png                                                             (00:00.000 / 02:22.465, 655Mb)
Check /work/output/de/tbl_bck03513.png                                                               (00:00.000 / 02:22.465, 655Mb)
Check /work/output/de/tbl_bck04.png                                                                  (00:00.000 / 02:22.465, 655Mb)
Check /work/output/de/tbl_bck040.png                                                                 (00:00.000 / 02:22.465, 655Mb)
Check /work/output/de/tbl_bck0400.png                                                                (00:00.000 / 02:22.466, 655Mb)
Check /work/output/de/tbl_bck041.png                                                                 (00:00.000 / 02:22.466, 655Mb)
Check /work/output/de/tbl_bck0410.png                                                                (00:00.000 / 02:22.466, 655Mb)
Check /work/output/de/tbl_bck05.png                                                                  (00:00.000 / 02:22.467, 655Mb)
Check /work/output/de/tbl_bck050.png                                                                 (00:00.000 / 02:22.467, 655Mb)
Check /work/output/de/tbl_bck0500.png                                                                (00:00.000 / 02:22.467, 655Mb)
Check /work/output/de/tbl_bck05040.png                                                               (00:00.000 / 02:22.468, 655Mb)
Check /work/output/de/tbl_bck0505.png                                                                (00:00.000 / 02:22.468, 655Mb)
Check /work/output/de/tbl_bck05050.png                                                               (00:00.000 / 02:22.468, 655Mb)
Check /work/output/de/tbl_bck051.png                                                                 (00:00.000 / 02:22.468, 655Mb)
Check /work/output/de/tbl_bck0510.png                                                                (00:00.000 / 02:22.469, 655Mb)
Check /work/output/de/tbl_bck0512.png                                                                (00:00.000 / 02:22.469, 655Mb)
.Check /work/output/de/tbl_bck05140.png                                                               (00:00.000 / 02:22.469, 655Mb)
Check /work/output/de/tbl_bck0515.png                                                                (00:00.000 / 02:22.470, 655Mb)
Check /work/output/de/tbl_bck05150.png                                                               (00:00.000 / 02:22.470, 655Mb)
Check /work/output/de/tbl_bck05152.png                                                               (00:00.000 / 02:22.470, 655Mb)
Check /work/output/de/tbl_bck1.png                                                                   (00:00.000 / 02:22.470, 655Mb)
Check /work/output/de/tbl_bck10.png                                                                  (00:00.000 / 02:22.471, 655Mb)
Check /work/output/de/tbl_bck100.png                                                                 (00:00.000 / 02:22.471, 655Mb)
Check /work/output/de/tbl_bck1000.png                                                                (00:00.000 / 02:22.471, 655Mb)
Check /work/output/de/tbl_bck10000.png                                                               (00:00.000 / 02:22.471, 655Mb)
Check /work/output/de/tbl_bck100000.png                                                              (00:00.000 / 02:22.472, 655Mb)
Check /work/output/de/tbl_bck10001.png                                                               (00:00.000 / 02:22.472, 655Mb)
Check /work/output/de/tbl_bck100010.png                                                              (00:00.000 / 02:22.472, 656Mb)
Check /work/output/de/tbl_bck1001.png                                                                (00:00.000 / 02:22.472, 656Mb)
Check /work/output/de/tbl_bck10010.png                                                               (00:00.000 / 02:22.473, 656Mb)
Check /work/output/de/tbl_bck100100.png                                                              (00:00.000 / 02:22.473, 656Mb)
Check /work/output/de/tbl_bck1001000.png                                                             (00:00.000 / 02:22.473, 656Mb)
Check /work/output/de/tbl_bck10010000.png                                                            (00:00.000 / 02:22.473, 656Mb)
Check /work/output/de/tbl_bck1001001.png                                                             (00:00.000 / 02:22.474, 656Mb)
Check /work/output/de/tbl_bck10010010.png                                                            (00:00.000 / 02:22.474, 656Mb)
Check /work/output/de/tbl_bck100101.png                                                              (00:00.000 / 02:22.474, 656Mb)
Check /work/output/de/tbl_bck1001010.png                                                             (00:00.000 / 02:22.474, 656Mb)
Check /work/output/de/tbl_bck10011.png                                                               (00:00.000 / 02:22.475, 656Mb)
Check /work/output/de/tbl_bck100110.png                                                              (00:00.000 / 02:22.475, 656Mb)
Check /work/output/de/tbl_bck101.png                                                                 (00:00.000 / 02:22.475, 656Mb)
Check /work/output/de/tbl_bck1010.png                                                                (00:00.000 / 02:22.476, 656Mb)
Check /work/output/de/tbl_bck10100.png                                                               (00:00.000 / 02:22.476, 656Mb)
Check /work/output/de/tbl_bck101000.png                                                              (00:00.000 / 02:22.476, 656Mb)
Check /work/output/de/tbl_bck10101.png                                                               (00:00.000 / 02:22.476, 656Mb)
Check /work/output/de/tbl_bck101010.png                                                              (00:00.000 / 02:22.477, 656Mb)
Check /work/output/de/tbl_bck1011.png                                                                (00:00.000 / 02:22.477, 656Mb)
Check /work/output/de/tbl_bck10110.png                                                               (00:00.000 / 02:22.477, 656Mb)
Check /work/output/de/tbl_bck101100.png                                                              (00:00.000 / 02:22.477, 656Mb)
Check /work/output/de/tbl_bck1011000.png                                                             (00:00.000 / 02:22.478, 656Mb)
Check /work/output/de/tbl_bck10110000.png                                                            (00:00.000 / 02:22.478, 656Mb)
Check /work/output/de/tbl_bck1011001.png                                                             (00:00.000 / 02:22.478, 656Mb)
Check /work/output/de/tbl_bck10110010.png                                                            (00:00.000 / 02:22.478, 656Mb)
Check /work/output/de/tbl_bck101101.png                                                              (00:00.000 / 02:22.479, 656Mb)
Check /work/output/de/tbl_bck1011010.png                                                             (00:00.000 / 02:22.479, 656Mb)
Check /work/output/de/tbl_bck10111.png                                                               (00:00.000 / 02:22.479, 656Mb)
Check /work/output/de/tbl_bck101110.png                                                              (00:00.000 / 02:22.480, 656Mb)
Check /work/output/de/tbl_bck1011100.png                                                             (00:00.000 / 02:22.480, 656Mb)
Check /work/output/de/tbl_bck101111.png                                                              (00:00.000 / 02:22.480, 656Mb)
Check /work/output/de/tbl_bck1011110.png                                                             (00:00.000 / 02:22.480, 656Mb)
Check /work/output/de/tbl_bck1024.png                                                                (00:00.000 / 02:22.481, 656Mb)
Check /work/output/de/tbl_bck10240.png                                                               (00:00.000 / 02:22.481, 656Mb)
Check /work/output/de/tbl_bck1025.png                                                                (00:00.000 / 02:22.481, 656Mb)
Check /work/output/de/tbl_bck10250.png                                                               (00:00.000 / 02:22.481, 656Mb)
Check /work/output/de/tbl_bck103.png                                                                 (00:00.000 / 02:22.482, 656Mb)
Check /work/output/de/tbl_bck104.png                                                                 (00:00.000 / 02:22.482, 656Mb)
Check /work/output/de/tbl_bck1040.png                                                                (00:00.000 / 02:22.482, 656Mb)
Check /work/output/de/tbl_bck105.png                                                                 (00:00.000 / 02:22.483, 656Mb)
Check /work/output/de/tbl_bck1050.png                                                                (00:00.000 / 02:22.483, 656Mb)
Check /work/output/de/tbl_bck11.png                                                                  (00:00.000 / 02:22.483, 656Mb)
Check /work/output/de/tbl_bck110.png                                                                 (00:00.000 / 02:22.483, 656Mb)
Check /work/output/de/tbl_bck1100.png                                                                (00:00.000 / 02:22.484, 656Mb)
Check /work/output/de/tbl_bck11000.png                                                               (00:00.000 / 02:22.484, 656Mb)
Check /work/output/de/tbl_bck110000.png                                                              (00:00.000 / 02:22.484, 656Mb)
Check /work/output/de/tbl_bck11001.png                                                               (00:00.000 / 02:22.484, 656Mb)
Check /work/output/de/tbl_bck110010.png                                                              (00:00.000 / 02:22.485, 656Mb)
Check /work/output/de/tbl_bck1101.png                                                                (00:00.000 / 02:22.485, 656Mb)
Check /work/output/de/tbl_bck11010.png                                                               (00:00.000 / 02:22.485, 656Mb)
.Check /work/output/de/tbl_bck110100.png                                                              (00:00.000 / 02:22.485, 656Mb)
Check /work/output/de/tbl_bck11011.png                                                               (00:00.000 / 02:22.486, 656Mb)
Check /work/output/de/tbl_bck110110.png                                                              (00:00.000 / 02:22.486, 656Mb)
Check /work/output/de/tbl_bck111.png                                                                 (00:00.000 / 02:22.486, 656Mb)
Check /work/output/de/tbl_bck1110.png                                                                (00:00.000 / 02:22.486, 656Mb)
Check /work/output/de/tbl_bck11100.png                                                               (00:00.000 / 02:22.487, 656Mb)
Check /work/output/de/tbl_bck111000.png                                                              (00:00.000 / 02:22.487, 656Mb)
Check /work/output/de/tbl_bck11101.png                                                               (00:00.000 / 02:22.487, 656Mb)
Check /work/output/de/tbl_bck111010.png                                                              (00:00.000 / 02:22.487, 656Mb)
Check /work/output/de/tbl_bck1111.png                                                                (00:00.000 / 02:22.488, 656Mb)
Check /work/output/de/tbl_bck11110.png                                                               (00:00.000 / 02:22.488, 656Mb)
Check /work/output/de/tbl_bck111100.png                                                              (00:00.000 / 02:22.488, 656Mb)
Check /work/output/de/tbl_bck1111000.png                                                             (00:00.000 / 02:22.488, 656Mb)
Check /work/output/de/tbl_bck111101.png                                                              (00:00.000 / 02:22.489, 656Mb)
Check /work/output/de/tbl_bck1111010.png                                                             (00:00.000 / 02:22.489, 656Mb)
Check /work/output/de/tbl_bck11111.png                                                               (00:00.000 / 02:22.489, 656Mb)
Check /work/output/de/tbl_bck111110.png                                                              (00:00.000 / 02:22.489, 656Mb)
Check /work/output/de/tbl_bck1112.png                                                                (00:00.000 / 02:22.490, 656Mb)
Check /work/output/de/tbl_bck112.png                                                                 (00:00.000 / 02:22.490, 656Mb)
Check /work/output/de/tbl_bck1124.png                                                                (00:00.000 / 02:22.490, 656Mb)
Check /work/output/de/tbl_bck11240.png                                                               (00:00.000 / 02:22.490, 656Mb)
Check /work/output/de/tbl_bck1125.png                                                                (00:00.000 / 02:22.491, 656Mb)
Check /work/output/de/tbl_bck11250.png                                                               (00:00.000 / 02:22.491, 656Mb)
Check /work/output/de/tbl_bck11252.png                                                               (00:00.000 / 02:22.491, 656Mb)
Check /work/output/de/tbl_bck113.png                                                                 (00:00.000 / 02:22.492, 656Mb)
Check /work/output/de/tbl_bck1140.png                                                                (00:00.000 / 02:22.492, 656Mb)
Check /work/output/de/tbl_bck115.png                                                                 (00:00.000 / 02:22.492, 656Mb)
Check /work/output/de/tbl_bck1150.png                                                                (00:00.000 / 02:22.492, 656Mb)
Check /work/output/de/tbl_bck1152.png                                                                (00:00.000 / 02:22.493, 656Mb)
Check /work/output/de/tbl_bck12.png                                                                  (00:00.000 / 02:22.493, 656Mb)
Check /work/output/de/tbl_bck120.png                                                                 (00:00.000 / 02:22.493, 656Mb)
Check /work/output/de/tbl_bck124.png                                                                 (00:00.000 / 02:22.493, 656Mb)
Check /work/output/de/tbl_bck1240.png                                                                (00:00.000 / 02:22.494, 656Mb)
Check /work/output/de/tbl_bck12400.png                                                               (00:00.000 / 02:22.494, 656Mb)
Check /work/output/de/tbl_bck1241.png                                                                (00:00.000 / 02:22.494, 656Mb)
Check /work/output/de/tbl_bck12410.png                                                               (00:00.000 / 02:22.494, 656Mb)
Check /work/output/de/tbl_bck12424.png                                                               (00:00.000 / 02:22.495, 656Mb)
Check /work/output/de/tbl_bck1243.png                                                                (00:00.000 / 02:22.495, 656Mb)
Check /work/output/de/tbl_bck125.png                                                                 (00:00.000 / 02:22.495, 656Mb)
Check /work/output/de/tbl_bck1250.png                                                                (00:00.000 / 02:22.495, 656Mb)
Check /work/output/de/tbl_bck12500.png                                                               (00:00.000 / 02:22.496, 656Mb)
Check /work/output/de/tbl_bck1251.png                                                                (00:00.000 / 02:22.496, 656Mb)
Check /work/output/de/tbl_bck12510.png                                                               (00:00.000 / 02:22.496, 656Mb)
Check /work/output/de/tbl_bck125100.png                                                              (00:00.000 / 02:22.497, 656Mb)
Check /work/output/de/tbl_bck12511.png                                                               (00:00.000 / 02:22.497, 656Mb)
Check /work/output/de/tbl_bck125110.png                                                              (00:00.000 / 02:22.497, 656Mb)
Check /work/output/de/tbl_bck12512.png                                                               (00:00.000 / 02:22.497, 656Mb)
Check /work/output/de/tbl_bck1252.png                                                                (00:00.000 / 02:22.498, 656Mb)
Check /work/output/de/tbl_bck1252400.png                                                             (00:00.000 / 02:22.498, 656Mb)
Check /work/output/de/tbl_bck125241.png                                                              (00:00.000 / 02:22.498, 656Mb)
Check /work/output/de/tbl_bck1252410.png                                                             (00:00.000 / 02:22.498, 656Mb)
Check /work/output/de/tbl_bck1252412.png                                                             (00:00.000 / 02:22.499, 656Mb)
Check /work/output/de/tbl_bck12525.png                                                               (00:00.000 / 02:22.499, 656Mb)
Check /work/output/de/tbl_bck125250.png                                                              (00:00.000 / 02:22.499, 656Mb)
Check /work/output/de/tbl_bck125252.png                                                              (00:00.000 / 02:22.499, 656Mb)
Check /work/output/de/tbl_bck1253.png                                                                (00:00.000 / 02:22.500, 656Mb)
Check /work/output/de/tbl_bck125340.png                                                              (00:00.000 / 02:22.500, 656Mb)
Check /work/output/de/tbl_bck12535.png                                                               (00:00.000 / 02:22.500, 656Mb)
Check /work/output/de/tbl_bck125350.png                                                              (00:00.000 / 02:22.501, 656Mb)
Check /work/output/de/tbl_bck125352.png                                                              (00:00.000 / 02:22.501, 656Mb)
Check /work/output/de/tbl_bck13.png                                                                  (00:00.000 / 02:22.501, 656Mb)
.Check /work/output/de/tbl_bck130.png                                                                 (00:00.000 / 02:22.501, 656Mb)
Check /work/output/de/tbl_bck1320.png                                                                (00:00.000 / 02:22.502, 656Mb)
Check /work/output/de/tbl_bck133.png                                                                 (00:00.001 / 02:22.503, 656Mb)
Check /work/output/de/tbl_bck1330.png                                                                (00:00.000 / 02:22.503, 656Mb)
Check /work/output/de/tbl_bck134.png                                                                 (00:00.000 / 02:22.504, 656Mb)
Check /work/output/de/tbl_bck1340.png                                                                (00:00.000 / 02:22.504, 656Mb)
Check /work/output/de/tbl_bck13400.png                                                               (00:00.000 / 02:22.504, 656Mb)
Check /work/output/de/tbl_bck1341.png                                                                (00:00.000 / 02:22.505, 656Mb)
Check /work/output/de/tbl_bck13410.png                                                               (00:00.000 / 02:22.505, 656Mb)
Check /work/output/de/tbl_bck135.png                                                                 (00:00.000 / 02:22.505, 656Mb)
Check /work/output/de/tbl_bck1350.png                                                                (00:00.000 / 02:22.505, 656Mb)
Check /work/output/de/tbl_bck13500.png                                                               (00:00.000 / 02:22.506, 656Mb)
Check /work/output/de/tbl_bck1351.png                                                                (00:00.000 / 02:22.506, 656Mb)
Check /work/output/de/tbl_bck13510.png                                                               (00:00.000 / 02:22.506, 656Mb)
Check /work/output/de/tbl_bck13512.png                                                               (00:00.000 / 02:22.506, 656Mb)
Check /work/output/de/tbl_bck1352.png                                                                (00:00.000 / 02:22.507, 656Mb)
Check /work/output/de/tbl_bck14.png                                                                  (00:00.000 / 02:22.507, 656Mb)
Check /work/output/de/tbl_bck140.png                                                                 (00:00.000 / 02:22.507, 656Mb)
Check /work/output/de/tbl_bck1400.png                                                                (00:00.000 / 02:22.507, 656Mb)
Check /work/output/de/tbl_bck141.png                                                                 (00:00.000 / 02:22.508, 656Mb)
Check /work/output/de/tbl_bck1410.png                                                                (00:00.000 / 02:22.508, 656Mb)
Check /work/output/de/tbl_bck1424.png                                                                (00:00.000 / 02:22.508, 656Mb)
Check /work/output/de/tbl_bck143.png                                                                 (00:00.000 / 02:22.508, 656Mb)
Check /work/output/de/tbl_bck144.png                                                                 (00:00.000 / 02:22.509, 656Mb)
Check /work/output/de/tbl_bck15.png                                                                  (00:00.000 / 02:22.509, 656Mb)
Check /work/output/de/tbl_bck150.png                                                                 (00:00.000 / 02:22.509, 656Mb)
Check /work/output/de/tbl_bck1500.png                                                                (00:00.000 / 02:22.509, 656Mb)
Check /work/output/de/tbl_bck15040.png                                                               (00:00.000 / 02:22.510, 656Mb)
Check /work/output/de/tbl_bck1505.png                                                                (00:00.000 / 02:22.510, 656Mb)
Check /work/output/de/tbl_bck15050.png                                                               (00:00.000 / 02:22.510, 656Mb)
Check /work/output/de/tbl_bck151.png                                                                 (00:00.000 / 02:22.510, 656Mb)
Check /work/output/de/tbl_bck1510.png                                                                (00:00.000 / 02:22.511, 656Mb)
Check /work/output/de/tbl_bck1512.png                                                                (00:00.000 / 02:22.511, 656Mb)
Check /work/output/de/tbl_bck15140.png                                                               (00:00.000 / 02:22.511, 656Mb)
Check /work/output/de/tbl_bck1515.png                                                                (00:00.000 / 02:22.512, 656Mb)
Check /work/output/de/tbl_bck15150.png                                                               (00:00.000 / 02:22.512, 656Mb)
Check /work/output/de/tbl_bck15152.png                                                               (00:00.000 / 02:22.512, 656Mb)
Check /work/output/de/tbl_bck152.png                                                                 (00:00.000 / 02:22.512, 656Mb)
Check /work/output/de/tbl_bck1540.png                                                                (00:00.000 / 02:22.512, 656Mb)
Check /work/output/de/tbl_bck15424.png                                                               (00:00.000 / 02:22.513, 656Mb)
Check /work/output/de/tbl_bck1543.png                                                                (00:00.000 / 02:22.513, 656Mb)
Check /work/output/de/tbl_bck155.png                                                                 (00:00.000 / 02:22.513, 656Mb)
Check /work/output/de/tbl_bck1550.png                                                                (00:00.000 / 02:22.513, 656Mb)
Check /work/output/de/tbl_bck1552.png                                                                (00:00.000 / 02:22.514, 656Mb)
Check /work/output/de/tbl_blank.png                                                                  (00:00.000 / 02:22.514, 656Mb)
Check /work/output/de/tbl_spacer.png                                                                 (00:00.000 / 02:22.514, 656Mb)
Check /work/output/de/tbl_vjoin-closed.png                                                           (00:00.000 / 02:22.514, 656Mb)
Check /work/output/de/tbl_vjoin-open.png                                                             (00:00.000 / 02:22.515, 656Mb)
Check /work/output/de/tbl_vjoin.png                                                                  (00:00.000 / 02:22.515, 656Mb)
Check /work/output/de/tbl_vjoin_end-closed.png                                                       (00:00.000 / 02:22.515, 656Mb)
Check /work/output/de/tbl_vjoin_end-open.png                                                         (00:00.000 / 02:22.515, 656Mb)
Check /work/output/de/tbl_vjoin_end.png                                                              (00:00.000 / 02:22.516, 656Mb)
Check /work/output/de/tbl_vjoin_end_slice-closed.png                                                 (00:00.000 / 02:22.516, 656Mb)
Check /work/output/de/tbl_vjoin_end_slice-open.png                                                   (00:00.000 / 02:22.516, 656Mb)
Check /work/output/de/tbl_vjoin_end_slice.png                                                        (00:00.000 / 02:22.516, 656Mb)
Check /work/output/de/tbl_vjoin_end_slicer-closed.png                                                (00:00.000 / 02:22.517, 656Mb)
Check /work/output/de/tbl_vjoin_end_slicer-open.png                                                  (00:00.000 / 02:22.517, 656Mb)
Check /work/output/de/tbl_vjoin_end_slicer.png                                                       (00:00.000 / 02:22.517, 656Mb)
Check /work/output/de/tbl_vjoin_slice-closed.png                                                     (00:00.000 / 02:22.518, 656Mb)
Check /work/output/de/tbl_vjoin_slice-open.png                                                       (00:00.000 / 02:22.518, 656Mb)
Check /work/output/de/tbl_vjoin_slice.png                                                            (00:00.000 / 02:22.518, 656Mb)
.Check /work/output/de/tbl_vjoin_slicer-closed.png                                                    (00:00.000 / 02:22.519, 656Mb)
Check /work/output/de/tbl_vjoin_slicer-open.png                                                      (00:00.000 / 02:22.519, 656Mb)
Check /work/output/de/tbl_vjoin_slicer.png                                                           (00:00.000 / 02:22.519, 656Mb)
Check /work/output/de/tbl_vline.png                                                                  (00:00.000 / 02:22.520, 656Mb)
Check /work/output/de/tbl_vline_slice.png                                                            (00:00.000 / 02:22.520, 656Mb)
Check /work/output/de/tbl_vline_slicer.png                                                           (00:00.000 / 02:22.520, 656Mb)
Check /work/output/de/toc.html                                                                       (00:00.000 / 02:22.520, 656Mb)
Check /work/output/de/translationinfo.html                                                           (00:00.015 / 02:22.536, 673Mb)
Check /work/output/de/translationinfo.md                                                             (00:00.005 / 02:22.541, 681Mb)
Check /work/output/de/tree-filter.png                                                                (00:00.000 / 02:22.541, 681Mb)
Check /work/output/de/uml-diagrams.html                                                              (00:00.000 / 02:22.542, 681Mb)
Check /work/output/de/uml-diagrams.md                                                                (00:00.004 / 02:22.546, 690Mb)
Check /work/output/de/value-sets.html                                                                (00:00.000 / 02:22.547, 690Mb)
Check /work/output/de/value-sets.md                                                                  (00:00.012 / 02:22.559, 698Mb)
Check /work/output/de/version-history.html                                                           (00:00.000 / 02:22.559, 698Mb)
Check /work/output/de/version-history.md                                                             (00:00.012 / 02:22.571, 711Mb)
Check /work/output/definitions.json.zip                                                              (00:00.000 / 02:22.572, 711Mb)
Check /work/output/definitions.xml.zip                                                               (00:00.001 / 02:22.574, 711Mb)
Check /work/output/downloads.html                                                                    (00:00.001 / 02:22.575, 712Mb)
Check /work/output/en/CapabilityStatement-mii-cap-consent-server-testing.html                        (00:00.000 / 02:22.576, 713Mb)
Check /work/output/en/CapabilityStatement-mii-cap-consent-server.change.history.html                 (00:00.006 / 02:22.582, 720Mb)
Check /work/output/en/CapabilityStatement-mii-cap-consent-server.html                                (00:00.005 / 02:22.587, 727Mb)
Check /work/output/en/CapabilityStatement-mii-cap-consent-server.json                                (00:00.009 / 02:22.597, 743Mb)
Check /work/output/en/CapabilityStatement-mii-cap-consent-server.json.html                           (00:00.000 / 02:22.597, 743Mb)
Check /work/output/en/CapabilityStatement-mii-cap-consent-server.md                                  (00:00.010 / 02:22.607, 768Mb)
Check /work/output/en/CapabilityStatement-mii-cap-consent-server.xml                                 (00:00.000 / 02:22.608, 768Mb)
Check /work/output/en/CapabilityStatement-mii-cap-consent-server.xml.html                            (00:00.000 / 02:22.608, 768Mb)
Check /work/output/en/CodeSystem-2.16.840.1.113883.3.1937.777.24.5.2--20210423105554-testing.html    (00:00.015 / 02:22.623, 794Mb)
Check /work/output/en/CodeSystem-2.16.840.1.113883.3.1937.777.24.5.2--20210423105554.change.history.html (00:00.007 / 02:22.631, 801Mb)
Check /work/output/en/CodeSystem-2.16.840.1.113883.3.1937.777.24.5.2--20210423105554.html            (00:00.010 / 02:22.641, 808Mb)
Check /work/output/en/CodeSystem-2.16.840.1.113883.3.1937.777.24.5.2--20210423105554.json            (00:00.013 / 02:22.655, 817Mb)
Check /work/output/en/CodeSystem-2.16.840.1.113883.3.1937.777.24.5.2--20210423105554.json.html       (00:00.001 / 02:22.656, 817Mb)
Check /work/output/en/CodeSystem-2.16.840.1.113883.3.1937.777.24.5.2--20210423105554.md              (00:00.025 / 02:22.682, 833Mb)
Check /work/output/en/CodeSystem-2.16.840.1.113883.3.1937.777.24.5.2--20210423105554.xml             (00:00.001 / 02:22.684, 833Mb)
Check /work/output/en/CodeSystem-2.16.840.1.113883.3.1937.777.24.5.2--20210423105554.xml.html        (00:00.001 / 02:22.685, 833Mb)
Check /work/output/en/CodeSystem-2.16.840.1.113883.3.1937.777.24.5.3--20251211153003-testing.html    (00:00.021 / 02:22.707, 847Mb)
Check /work/output/en/CodeSystem-2.16.840.1.113883.3.1937.777.24.5.3--20251211153003.change.history.html (00:00.005 / 02:22.712, 854Mb)
Check /work/output/en/CodeSystem-2.16.840.1.113883.3.1937.777.24.5.3--20251211153003.html            (00:00.004 / 02:22.717, 861Mb)
Check /work/output/en/CodeSystem-2.16.840.1.113883.3.1937.777.24.5.3--20251211153003.json            (00:00.019 / 02:22.737, 889Mb)
Check /work/output/en/CodeSystem-2.16.840.1.113883.3.1937.777.24.5.3--20251211153003.json.html       (00:00.000 / 02:22.737, 889Mb)
Check /work/output/en/CodeSystem-2.16.840.1.113883.3.1937.777.24.5.3--20251211153003.md              (00:00.041 / 02:22.779, 1005Mb)
Check /work/output/en/CodeSystem-2.16.840.1.113883.3.1937.777.24.5.3--20251211153003.xml             (00:00.001 / 02:22.780, 1005Mb)
Check /work/output/en/CodeSystem-2.16.840.1.113883.3.1937.777.24.5.3--20251211153003.xml.html        (00:00.001 / 02:22.781, 1005Mb)
Check /work/output/en/CodeSystem-mii-cs-consent-version-modules-testing.html                         (00:00.058 / 02:22.840, 1Gb)
Check /work/output/en/CodeSystem-mii-cs-consent-version-modules.change.history.html                  (00:00.004 / 02:22.844, 1Gb)
Check /work/output/en/CodeSystem-mii-cs-consent-version-modules.html                                 (00:00.003 / 02:22.847, 1Gb)
Check /work/output/en/CodeSystem-mii-cs-consent-version-modules.json                                 (00:00.005 / 02:22.853, 1Gb)
Check /work/output/en/CodeSystem-mii-cs-consent-version-modules.json.html                            (00:00.003 / 02:22.856, 1Gb)
Check /work/output/en/CodeSystem-mii-cs-consent-version-modules.md                                   (00:00.011 / 02:22.868, 1Gb)
Check /work/output/en/CodeSystem-mii-cs-consent-version-modules.xml                                  (00:00.000 / 02:22.868, 1Gb)
Check /work/output/en/CodeSystem-mii-cs-consent-version-modules.xml.html                             (00:00.000 / 02:22.869, 1Gb)
Check /work/output/en/Consent-34150a23-b1c8-404f-874f-e042a30435d2.change.history.html               (00:00.016 / 02:22.885, 1Gb)
Check /work/output/en/Consent-34150a23-b1c8-404f-874f-e042a30435d2.html                              (00:00.003 / 02:22.888, 1Gb)
Check /work/output/en/Consent-34150a23-b1c8-404f-874f-e042a30435d2.json                              (00:00.004 / 02:22.893, 1Gb)
Check /work/output/en/Consent-34150a23-b1c8-404f-874f-e042a30435d2.json.html                         (00:00.000 / 02:22.894, 1Gb)
Check /work/output/en/Consent-34150a23-b1c8-404f-874f-e042a30435d2.md                                (00:00.011 / 02:22.905, 437Mb)
Check /work/output/en/Consent-34150a23-b1c8-404f-874f-e042a30435d2.xml                               (00:00.000 / 02:22.906, 437Mb)
Check /work/output/en/Consent-34150a23-b1c8-404f-874f-e042a30435d2.xml.html                          (00:00.000 / 02:22.906, 437Mb)
Check /work/output/en/Consent-5143266b-8d60-4b28-8ee9-635140ffa5bb.change.history.html               (00:00.007 / 02:22.914, 464Mb)
Check /work/output/en/Consent-5143266b-8d60-4b28-8ee9-635140ffa5bb.html                              (00:00.002 / 02:22.917, 470Mb)
Check /work/output/en/Consent-5143266b-8d60-4b28-8ee9-635140ffa5bb.json                              (00:00.008 / 02:22.925, 490Mb)
.Check /work/output/en/Consent-5143266b-8d60-4b28-8ee9-635140ffa5bb.json.html                         (00:00.000 / 02:22.926, 490Mb)
Check /work/output/en/Consent-5143266b-8d60-4b28-8ee9-635140ffa5bb.md                                (00:00.015 / 02:22.942, 590Mb)
Check /work/output/en/Consent-5143266b-8d60-4b28-8ee9-635140ffa5bb.xml                               (00:00.000 / 02:22.943, 590Mb)
Check /work/output/en/Consent-5143266b-8d60-4b28-8ee9-635140ffa5bb.xml.html                          (00:00.000 / 02:22.944, 591Mb)
Check /work/output/en/Consent-89f494a3-cd75-44f5-a78a-581dfdd47a94.change.history.html               (00:00.018 / 02:22.962, 655Mb)
Check /work/output/en/Consent-89f494a3-cd75-44f5-a78a-581dfdd47a94.html                              (00:00.003 / 02:22.966, 661Mb)
Check /work/output/en/Consent-89f494a3-cd75-44f5-a78a-581dfdd47a94.json                              (00:00.004 / 02:22.971, 671Mb)
Check /work/output/en/Consent-89f494a3-cd75-44f5-a78a-581dfdd47a94.json.html                         (00:00.000 / 02:22.971, 671Mb)
Check /work/output/en/Consent-89f494a3-cd75-44f5-a78a-581dfdd47a94.md                                (00:00.006 / 02:22.978, 704Mb)
Check /work/output/en/Consent-89f494a3-cd75-44f5-a78a-581dfdd47a94.xml                               (00:00.000 / 02:22.978, 704Mb)
Check /work/output/en/Consent-89f494a3-cd75-44f5-a78a-581dfdd47a94.xml.html                          (00:00.000 / 02:22.979, 704Mb)
Check /work/output/en/Consent-Example-MII-Consent-ResultType-document.change.history.html            (00:00.007 / 02:22.986, 727Mb)
Check /work/output/en/Consent-Example-MII-Consent-ResultType-document.html                           (00:00.003 / 02:22.989, 733Mb)
Check /work/output/en/Consent-Example-MII-Consent-ResultType-document.json                           (00:00.004 / 02:22.994, 743Mb)
Check /work/output/en/Consent-Example-MII-Consent-ResultType-document.json.html                      (00:00.000 / 02:22.994, 743Mb)
Check /work/output/en/Consent-Example-MII-Consent-ResultType-document.md                             (00:00.007 / 02:23.002, 776Mb)
Check /work/output/en/Consent-Example-MII-Consent-ResultType-document.xml                            (00:00.000 / 02:23.003, 776Mb)
Check /work/output/en/Consent-Example-MII-Consent-ResultType-document.xml.html                       (00:00.000 / 02:23.003, 776Mb)
Check /work/output/en/DocumentReference-8a3d1799-2463-405e-b49c-6a16c8692b01.change.history.html     (00:00.007 / 02:23.010, 799Mb)
Check /work/output/en/DocumentReference-8a3d1799-2463-405e-b49c-6a16c8692b01.html                    (00:00.003 / 02:23.013, 805Mb)
Check /work/output/en/DocumentReference-8a3d1799-2463-405e-b49c-6a16c8692b01.json                    (00:00.003 / 02:23.017, 813Mb)
Check /work/output/en/DocumentReference-8a3d1799-2463-405e-b49c-6a16c8692b01.json.html               (00:00.000 / 02:23.017, 813Mb)
Check /work/output/en/DocumentReference-8a3d1799-2463-405e-b49c-6a16c8692b01.md                      (00:00.003 / 02:23.021, 823Mb)
Check /work/output/en/DocumentReference-8a3d1799-2463-405e-b49c-6a16c8692b01.xml                     (00:00.000 / 02:23.022, 823Mb)
Check /work/output/en/DocumentReference-8a3d1799-2463-405e-b49c-6a16c8692b01.xml.html                (00:00.000 / 02:23.022, 823Mb)
Check /work/output/en/ImplementationGuide-mii-ig-consent.html                                        (00:00.004 / 02:23.026, 832Mb)
Check /work/output/en/ImplementationGuide-mii-ig-consent.json                                        (00:00.011 / 02:23.037, 858Mb)
Check /work/output/en/ImplementationGuide-mii-ig-consent.md                                          (00:00.001 / 02:23.038, 858Mb)
Check /work/output/en/ImplementationGuide-mii-ig-consent.xml                                         (00:00.001 / 02:23.040, 859Mb)
Check /work/output/en/MII-KDS_de_Consent.jpg                                                         (00:00.001 / 02:23.041, 859Mb)
Check /work/output/en/Parameters-mii-param-consent-manifest.change.history.html                      (00:00.001 / 02:23.042, 859Mb)
Check /work/output/en/Parameters-mii-param-consent-manifest.html                                     (00:00.003 / 02:23.045, 866Mb)
Check /work/output/en/Parameters-mii-param-consent-manifest.json                                     (00:00.004 / 02:23.050, 879Mb)
Check /work/output/en/Parameters-mii-param-consent-manifest.json.html                                (00:00.000 / 02:23.051, 879Mb)
Check /work/output/en/Parameters-mii-param-consent-manifest.md                                       (00:00.005 / 02:23.056, 897Mb)
Check /work/output/en/Parameters-mii-param-consent-manifest.xml                                      (00:00.000 / 02:23.057, 897Mb)
Check /work/output/en/Parameters-mii-param-consent-manifest.xml.html                                 (00:00.000 / 02:23.057, 897Mb)
Check /work/output/en/Provenance-55219d12-6245-4de4-8b50-ddf6f16a789b.change.history.html            (00:00.006 / 02:23.064, 915Mb)
Check /work/output/en/Provenance-55219d12-6245-4de4-8b50-ddf6f16a789b.html                           (00:00.003 / 02:23.068, 922Mb)
Check /work/output/en/Provenance-55219d12-6245-4de4-8b50-ddf6f16a789b.json                           (00:00.003 / 02:23.071, 929Mb)
Check /work/output/en/Provenance-55219d12-6245-4de4-8b50-ddf6f16a789b.json.html                      (00:00.000 / 02:23.072, 929Mb)
Check /work/output/en/Provenance-55219d12-6245-4de4-8b50-ddf6f16a789b.md                             (00:00.006 / 02:23.078, 941Mb)
Check /work/output/en/Provenance-55219d12-6245-4de4-8b50-ddf6f16a789b.xml                            (00:00.000 / 02:23.079, 941Mb)
Check /work/output/en/Provenance-55219d12-6245-4de4-8b50-ddf6f16a789b.xml.html                       (00:00.000 / 02:23.080, 941Mb)
Check /work/output/en/SearchParameter-mii-sp-consent-policyuri-testing.html                          (00:00.008 / 02:23.088, 954Mb)
Check /work/output/en/SearchParameter-mii-sp-consent-policyuri.change.history.html                   (00:00.003 / 02:23.092, 962Mb)
Check /work/output/en/SearchParameter-mii-sp-consent-policyuri.html                                  (00:00.005 / 02:23.098, 968Mb)
Check /work/output/en/SearchParameter-mii-sp-consent-policyuri.json                                  (00:00.003 / 02:23.101, 976Mb)
Check /work/output/en/SearchParameter-mii-sp-consent-policyuri.json.html                             (00:00.000 / 02:23.102, 976Mb)
Check /work/output/en/SearchParameter-mii-sp-consent-policyuri.md                                    (00:00.003 / 02:23.105, 985Mb)
Check /work/output/en/SearchParameter-mii-sp-consent-policyuri.xml                                   (00:00.000 / 02:23.106, 985Mb)
Check /work/output/en/SearchParameter-mii-sp-consent-policyuri.xml.html                              (00:00.000 / 02:23.107, 985Mb)
Check /work/output/en/SearchParameter-mii-sp-consent-provisioncode-testing.html                      (00:00.004 / 02:23.111, 995Mb)
Check /work/output/en/SearchParameter-mii-sp-consent-provisioncode.change.history.html               (00:00.003 / 02:23.114, 1002Mb)
Check /work/output/en/SearchParameter-mii-sp-consent-provisioncode.html                              (00:00.002 / 02:23.117, 1008Mb)
Check /work/output/en/SearchParameter-mii-sp-consent-provisioncode.json                              (00:00.003 / 02:23.120, 1016Mb)
Check /work/output/en/SearchParameter-mii-sp-consent-provisioncode.json.html                         (00:00.000 / 02:23.120, 1016Mb)
Check /work/output/en/SearchParameter-mii-sp-consent-provisioncode.md                                (00:00.003 / 02:23.124, 1Gb)
Check /work/output/en/SearchParameter-mii-sp-consent-provisioncode.xml                               (00:00.000 / 02:23.124, 1Gb)
Check /work/output/en/SearchParameter-mii-sp-consent-provisioncode.xml.html                          (00:00.000 / 02:23.125, 1Gb)
Check /work/output/en/SearchParameter-mii-sp-consent-provisioncodeperiod-testing.html                (00:00.004 / 02:23.130, 1Gb)
.Check /work/output/en/SearchParameter-mii-sp-consent-provisioncodeperiod.change.history.html         (00:00.003 / 02:23.133, 1Gb)
Check /work/output/en/SearchParameter-mii-sp-consent-provisioncodeperiod.html                        (00:00.002 / 02:23.136, 1Gb)
Check /work/output/en/SearchParameter-mii-sp-consent-provisioncodeperiod.json                        (00:00.003 / 02:23.139, 1Gb)
Check /work/output/en/SearchParameter-mii-sp-consent-provisioncodeperiod.json.html                   (00:00.000 / 02:23.140, 1Gb)
Check /work/output/en/SearchParameter-mii-sp-consent-provisioncodeperiod.md                          (00:00.003 / 02:23.143, 1Gb)
Check /work/output/en/SearchParameter-mii-sp-consent-provisioncodeperiod.xml                         (00:00.000 / 02:23.144, 1Gb)
Check /work/output/en/SearchParameter-mii-sp-consent-provisioncodeperiod.xml.html                    (00:00.000 / 02:23.144, 1Gb)
Check /work/output/en/SearchParameter-mii-sp-consent-provisioncodetype-testing.html                  (00:00.005 / 02:23.150, 1Gb)
Check /work/output/en/SearchParameter-mii-sp-consent-provisioncodetype.change.history.html           (00:00.004 / 02:23.154, 1Gb)
Check /work/output/en/SearchParameter-mii-sp-consent-provisioncodetype.html                          (00:00.004 / 02:23.159, 1Gb)
Check /work/output/en/SearchParameter-mii-sp-consent-provisioncodetype.json                          (00:00.005 / 02:23.164, 1Gb)
Check /work/output/en/SearchParameter-mii-sp-consent-provisioncodetype.json.html                     (00:00.000 / 02:23.164, 1Gb)
Check /work/output/en/SearchParameter-mii-sp-consent-provisioncodetype.md                            (00:00.005 / 02:23.170, 1Gb)
Check /work/output/en/SearchParameter-mii-sp-consent-provisioncodetype.xml                           (00:00.000 / 02:23.170, 1Gb)
Check /work/output/en/SearchParameter-mii-sp-consent-provisioncodetype.xml.html                      (00:00.000 / 02:23.171, 1Gb)
Check /work/output/en/SearchParameter-mii-sp-consent-provisionperiod-testing.html                    (00:00.006 / 02:23.177, 1Gb)
Check /work/output/en/SearchParameter-mii-sp-consent-provisionperiod.change.history.html             (00:00.004 / 02:23.181, 1Gb)
Check /work/output/en/SearchParameter-mii-sp-consent-provisionperiod.html                            (00:00.004 / 02:23.185, 1Gb)
Check /work/output/en/SearchParameter-mii-sp-consent-provisionperiod.json                            (00:00.004 / 02:23.190, 1Gb)
Check /work/output/en/SearchParameter-mii-sp-consent-provisionperiod.json.html                       (00:00.000 / 02:23.191, 1Gb)
Check /work/output/en/SearchParameter-mii-sp-consent-provisionperiod.md                              (00:00.005 / 02:23.196, 1Gb)
Check /work/output/en/SearchParameter-mii-sp-consent-provisionperiod.xml                             (00:00.000 / 02:23.196, 1Gb)
Check /work/output/en/SearchParameter-mii-sp-consent-provisionperiod.xml.html                        (00:00.000 / 02:23.197, 1Gb)
Check /work/output/en/SearchParameter-mii-sp-consent-provisiontype-testing.html                      (00:00.005 / 02:23.202, 1Gb)
Check /work/output/en/SearchParameter-mii-sp-consent-provisiontype.change.history.html               (00:00.004 / 02:23.206, 1Gb)
Check /work/output/en/SearchParameter-mii-sp-consent-provisiontype.html                              (00:00.004 / 02:23.211, 1Gb)
Check /work/output/en/SearchParameter-mii-sp-consent-provisiontype.json                              (00:00.004 / 02:23.215, 1Gb)
Check /work/output/en/SearchParameter-mii-sp-consent-provisiontype.json.html                         (00:00.000 / 02:23.216, 1Gb)
Check /work/output/en/SearchParameter-mii-sp-consent-provisiontype.md                                (00:00.004 / 02:23.221, 1Gb)
Check /work/output/en/SearchParameter-mii-sp-consent-provisiontype.xml                               (00:00.000 / 02:23.221, 1Gb)
Check /work/output/en/SearchParameter-mii-sp-consent-provisiontype.xml.html                          (00:00.000 / 02:23.221, 1Gb)
Check /work/output/en/StructureDefinition-56375452-bfa1-4111-af7c-5b5ba9a1857c-definitions.html      (00:00.006 / 02:23.227, 1Gb)
Check /work/output/en/StructureDefinition-56375452-bfa1-4111-af7c-5b5ba9a1857c-examples.html         (00:00.052 / 02:23.280, 538Mb)
Check /work/output/en/StructureDefinition-56375452-bfa1-4111-af7c-5b5ba9a1857c-intro.md              (00:00.005 / 02:23.286, 546Mb)
Check /work/output/en/StructureDefinition-56375452-bfa1-4111-af7c-5b5ba9a1857c-mappings.html         (00:00.001 / 02:23.287, 546Mb)
Check /work/output/en/StructureDefinition-56375452-bfa1-4111-af7c-5b5ba9a1857c-testing.html          (00:00.030 / 02:23.317, 580Mb)
Check /work/output/en/StructureDefinition-56375452-bfa1-4111-af7c-5b5ba9a1857c.html                  (00:00.006 / 02:23.323, 588Mb)
Check /work/output/en/StructureDefinition-56375452-bfa1-4111-af7c-5b5ba9a1857c.json                  (00:00.093 / 02:23.416, 787Mb)
Check /work/output/en/StructureDefinition-56375452-bfa1-4111-af7c-5b5ba9a1857c.md                    (00:00.001 / 02:23.418, 787Mb)
Check /work/output/en/StructureDefinition-56375452-bfa1-4111-af7c-5b5ba9a1857c.profile.history.html  (00:00.000 / 02:23.418, 787Mb)
Check /work/output/en/StructureDefinition-56375452-bfa1-4111-af7c-5b5ba9a1857c.profile.json.html     (00:00.004 / 02:23.423, 794Mb)
Check /work/output/en/StructureDefinition-56375452-bfa1-4111-af7c-5b5ba9a1857c.profile.xml.html      (00:00.053 / 02:23.477, 1Gb)
Check /work/output/en/StructureDefinition-56375452-bfa1-4111-af7c-5b5ba9a1857c.xml                   (00:00.151 / 02:23.628, 1Gb)
Check /work/output/en/StructureDefinition-e0e166b4-0f77-478d-9062-de0034d98ce0-definitions.html      (00:00.001 / 02:23.630, 1Gb)
Check /work/output/en/StructureDefinition-e0e166b4-0f77-478d-9062-de0034d98ce0-examples.html         (00:00.353 / 02:23.984, 1Gb)
Check /work/output/en/StructureDefinition-e0e166b4-0f77-478d-9062-de0034d98ce0-intro.md              (00:00.004 / 02:23.989, 1Gb)
Check /work/output/en/StructureDefinition-e0e166b4-0f77-478d-9062-de0034d98ce0-mappings.html         (00:00.001 / 02:23.990, 1Gb)
Check /work/output/en/StructureDefinition-e0e166b4-0f77-478d-9062-de0034d98ce0-testing.html          (00:00.057 / 02:24.047, 444Mb)
Check /work/output/en/StructureDefinition-e0e166b4-0f77-478d-9062-de0034d98ce0.html                  (00:00.003 / 02:24.051, 451Mb)
Check /work/output/en/StructureDefinition-e0e166b4-0f77-478d-9062-de0034d98ce0.json                  (00:00.595 / 02:24.647, 1Gb)
Check /work/output/en/StructureDefinition-e0e166b4-0f77-478d-9062-de0034d98ce0.md                    (00:00.005 / 02:24.653, 1Gb)
Check /work/output/en/StructureDefinition-e0e166b4-0f77-478d-9062-de0034d98ce0.profile.history.html  (00:00.000 / 02:24.654, 1Gb)
Check /work/output/en/StructureDefinition-e0e166b4-0f77-478d-9062-de0034d98ce0.profile.json.html     (00:00.007 / 02:24.661, 1Gb)
Check /work/output/en/StructureDefinition-e0e166b4-0f77-478d-9062-de0034d98ce0.profile.xml.html      (00:00.404 / 02:25.066, 582Mb)
Check /work/output/en/StructureDefinition-e0e166b4-0f77-478d-9062-de0034d98ce0.xml                   (00:00.340 / 02:25.406, 1Gb)
Check /work/output/en/StructureDefinition-f675b1e8-9f3f-44e8-bb59-9681f78eb464-definitions.html      (00:00.007 / 02:25.414, 1Gb)
Check /work/output/en/StructureDefinition-f675b1e8-9f3f-44e8-bb59-9681f78eb464-examples.html         (00:00.102 / 02:25.516, 1Gb)
Check /work/output/en/StructureDefinition-f675b1e8-9f3f-44e8-bb59-9681f78eb464-intro.md              (00:00.006 / 02:25.523, 1Gb)
Check /work/output/en/StructureDefinition-f675b1e8-9f3f-44e8-bb59-9681f78eb464-mappings.html         (00:00.000 / 02:25.524, 1Gb)
Check /work/output/en/StructureDefinition-f675b1e8-9f3f-44e8-bb59-9681f78eb464-testing.html          (00:00.044 / 02:25.569, 1Gb)
Check /work/output/en/StructureDefinition-f675b1e8-9f3f-44e8-bb59-9681f78eb464.html                  (00:00.010 / 02:25.579, 1Gb)
.Check /work/output/en/StructureDefinition-f675b1e8-9f3f-44e8-bb59-9681f78eb464.json                  (00:00.269 / 02:25.849, 653Mb)
Check /work/output/en/StructureDefinition-f675b1e8-9f3f-44e8-bb59-9681f78eb464.md                    (00:00.003 / 02:25.852, 653Mb)
Check /work/output/en/StructureDefinition-f675b1e8-9f3f-44e8-bb59-9681f78eb464.profile.history.html  (00:00.001 / 02:25.853, 653Mb)
Check /work/output/en/StructureDefinition-f675b1e8-9f3f-44e8-bb59-9681f78eb464.profile.json.html     (00:00.010 / 02:25.864, 660Mb)
Check /work/output/en/StructureDefinition-f675b1e8-9f3f-44e8-bb59-9681f78eb464.profile.xml.html      (00:00.098 / 02:25.962, 903Mb)
Check /work/output/en/StructureDefinition-f675b1e8-9f3f-44e8-bb59-9681f78eb464.xml                   (00:00.093 / 02:26.056, 1Gb)
Check /work/output/en/ValueSet-2.16.840.1.113883.3.1937.777.24.11.30--20210323234509-testing.html    (00:00.004 / 02:26.060, 1Gb)
Check /work/output/en/ValueSet-2.16.840.1.113883.3.1937.777.24.11.30--20210323234509.change.history.html (00:00.006 / 02:26.067, 1Gb)
Check /work/output/en/ValueSet-2.16.840.1.113883.3.1937.777.24.11.30--20210323234509.html            (00:00.004 / 02:26.072, 1Gb)
Check /work/output/en/ValueSet-2.16.840.1.113883.3.1937.777.24.11.30--20210323234509.json            (00:00.008 / 02:26.080, 1Gb)
Check /work/output/en/ValueSet-2.16.840.1.113883.3.1937.777.24.11.30--20210323234509.json.html       (00:00.001 / 02:26.081, 1Gb)
Check /work/output/en/ValueSet-2.16.840.1.113883.3.1937.777.24.11.30--20210323234509.md              (00:00.006 / 02:26.088, 1Gb)
Check /work/output/en/ValueSet-2.16.840.1.113883.3.1937.777.24.11.30--20210323234509.xml             (00:00.000 / 02:26.088, 1Gb)
Check /work/output/en/ValueSet-2.16.840.1.113883.3.1937.777.24.11.30--20210323234509.xml.html        (00:00.000 / 02:26.089, 1Gb)
Check /work/output/en/ValueSet-2.16.840.1.113883.3.1937.777.24.11.36--20230331232804-testing.html    (00:00.005 / 02:26.094, 1Gb)
Check /work/output/en/ValueSet-2.16.840.1.113883.3.1937.777.24.11.36--20230331232804.change.history.html (00:00.006 / 02:26.101, 1Gb)
Check /work/output/en/ValueSet-2.16.840.1.113883.3.1937.777.24.11.36--20230331232804.html            (00:00.005 / 02:26.106, 1Gb)
Check /work/output/en/ValueSet-2.16.840.1.113883.3.1937.777.24.11.36--20230331232804.json            (00:00.071 / 02:26.178, 1Gb)
Check /work/output/en/ValueSet-2.16.840.1.113883.3.1937.777.24.11.36--20230331232804.json.html       (00:00.001 / 02:26.180, 1Gb)
Check /work/output/en/ValueSet-2.16.840.1.113883.3.1937.777.24.11.36--20230331232804.md              (00:00.016 / 02:26.196, 1Gb)
Check /work/output/en/ValueSet-2.16.840.1.113883.3.1937.777.24.11.36--20230331232804.xml             (00:00.000 / 02:26.197, 1Gb)
Check /work/output/en/ValueSet-2.16.840.1.113883.3.1937.777.24.11.36--20230331232804.xml.html        (00:00.001 / 02:26.198, 1Gb)
Check /work/output/en/ValueSet-88464c5b-5338-4c2b-9c07-b42fef2ada64-testing.html                     (00:00.017 / 02:26.216, 1Gb)
Check /work/output/en/ValueSet-88464c5b-5338-4c2b-9c07-b42fef2ada64.change.history.html              (00:00.004 / 02:26.220, 1Gb)
Check /work/output/en/ValueSet-88464c5b-5338-4c2b-9c07-b42fef2ada64.html                             (00:00.004 / 02:26.225, 1Gb)
Check /work/output/en/ValueSet-88464c5b-5338-4c2b-9c07-b42fef2ada64.json                             (00:00.009 / 02:26.234, 1Gb)
Check /work/output/en/ValueSet-88464c5b-5338-4c2b-9c07-b42fef2ada64.json.html                        (00:00.000 / 02:26.234, 1Gb)
Check /work/output/en/ValueSet-88464c5b-5338-4c2b-9c07-b42fef2ada64.md                               (00:00.009 / 02:26.244, 1Gb)
Check /work/output/en/ValueSet-88464c5b-5338-4c2b-9c07-b42fef2ada64.xml                              (00:00.000 / 02:26.244, 1Gb)
Check /work/output/en/ValueSet-88464c5b-5338-4c2b-9c07-b42fef2ada64.xml.html                         (00:00.000 / 02:26.245, 1Gb)
Check /work/output/en/ai.zip                                                                         (00:00.009 / 02:26.254, 435Mb)
Check /work/output/en/alert.jpg                                                                      (00:00.001 / 02:26.256, 435Mb)
Check /work/output/en/artifacts.html                                                                 (00:00.000 / 02:26.256, 435Mb)
Check /work/output/en/artifacts.md                                                                   (00:00.010 / 02:26.267, 465Mb)
Check /work/output/en/assets/css/bootstrap-accessibility.css                                         (00:00.000 / 02:26.267, 465Mb)
Check /work/output/en/assets/css/bootstrap-fhir.css                                                  (00:00.000 / 02:26.268, 465Mb)
Check /work/output/en/assets/css/bootstrap-glyphicons.css                                            (00:00.000 / 02:26.269, 465Mb)
Check /work/output/en/assets/css/cqf.css                                                             (00:00.000 / 02:26.270, 465Mb)
Check /work/output/en/assets/css/hl7.css                                                             (00:00.000 / 02:26.270, 465Mb)
Check /work/output/en/assets/css/jquery-ui.css                                                       (00:00.000 / 02:26.271, 465Mb)
Check /work/output/en/assets/css/jquery-ui.structure.min.css                                         (00:00.000 / 02:26.271, 465Mb)
Check /work/output/en/assets/css/jquery-ui.theme.min.css                                             (00:00.000 / 02:26.272, 465Mb)
Check /work/output/en/assets/css/mii.css                                                             (00:00.000 / 02:26.272, 465Mb)
Check /work/output/en/assets/css/num-diz.css                                                         (00:00.000 / 02:26.273, 465Mb)
Check /work/output/en/assets/css/prism-fhirpath.css                                                  (00:00.000 / 02:26.273, 465Mb)
Check /work/output/en/assets/css/prism.css                                                           (00:00.000 / 02:26.273, 465Mb)
Check /work/output/en/assets/css/project.css                                                         (00:00.000 / 02:26.274, 465Mb)
Check /work/output/en/assets/css/pygments-manni.css                                                  (00:00.000 / 02:26.274, 465Mb)
Check /work/output/en/assets/css/template-base.css                                                   (00:00.000 / 02:26.274, 465Mb)
Check /work/output/en/assets/css/xml.css                                                             (00:00.000 / 02:26.275, 465Mb)
Check /work/output/en/assets/fonts/OpenSans-CondBold-webfont.eot                                     (00:00.000 / 02:26.275, 465Mb)
Check /work/output/en/assets/fonts/OpenSans-CondBold-webfont.svg                                     (00:00.000 / 02:26.276, 465Mb)
Check /work/output/en/assets/fonts/OpenSans-CondBold-webfont.ttf                                     (00:00.016 / 02:26.293, 481Mb)
Check /work/output/en/assets/fonts/OpenSans-CondBold-webfont.woff                                    (00:00.000 / 02:26.294, 482Mb)
Check /work/output/en/assets/fonts/OpenSans-CondLight-webfont.eot                                    (00:00.000 / 02:26.294, 482Mb)
Check /work/output/en/assets/fonts/OpenSans-CondLight-webfont.svg                                    (00:00.000 / 02:26.295, 482Mb)
Check /work/output/en/assets/fonts/OpenSans-CondLight-webfont.ttf                                    (00:00.020 / 02:26.316, 501Mb)
Check /work/output/en/assets/fonts/OpenSans-CondLight-webfont.woff                                   (00:00.002 / 02:26.319, 501Mb)
Check /work/output/en/assets/fonts/glyphiconshalflings-regular.eot                                   (00:00.000 / 02:26.319, 501Mb)
Check /work/output/en/assets/fonts/glyphiconshalflings-regular.otf                                   (00:00.000 / 02:26.320, 501Mb)
Check /work/output/en/assets/fonts/glyphiconshalflings-regular.svg                                   (00:00.000 / 02:26.321, 502Mb)
.Check /work/output/en/assets/fonts/glyphiconshalflings-regular.ttf                                   (00:00.005 / 02:26.326, 507Mb)
Check /work/output/en/assets/fonts/glyphiconshalflings-regular.woff                                  (00:00.000 / 02:26.327, 507Mb)
Check /work/output/en/assets/ico/favicon.png                                                         (00:00.000 / 02:26.328, 507Mb)
Check /work/output/en/assets/ico/icon-fhir-114.png                                                   (00:00.000 / 02:26.328, 508Mb)
Check /work/output/en/assets/ico/icon-fhir-144.png                                                   (00:00.001 / 02:26.329, 508Mb)
Check /work/output/en/assets/ico/icon-fhir-57.png                                                    (00:00.001 / 02:26.330, 508Mb)
Check /work/output/en/assets/ico/icon-fhir-72.png                                                    (00:00.000 / 02:26.331, 508Mb)
Check /work/output/en/assets/ico/noun_copy to clipboard_1669410.png                                  (00:00.000 / 02:26.331, 509Mb)
Check /work/output/en/assets/images/001.svg                                                          (00:00.000 / 02:26.332, 509Mb)
Check /work/output/en/assets/images/deu.svg                                                          (00:00.001 / 02:26.333, 510Mb)
Check /work/output/en/assets/images/download.png                                                     (00:00.000 / 02:26.334, 510Mb)
Check /work/output/en/assets/images/dragon.png                                                       (00:00.000 / 02:26.334, 510Mb)
Check /work/output/en/assets/images/external.png                                                     (00:00.005 / 02:26.339, 510Mb)
Check /work/output/en/assets/images/fcp-logo.png                                                     (00:00.000 / 02:26.340, 510Mb)
Check /work/output/en/assets/images/fhir-logo-www.png                                                (00:00.001 / 02:26.341, 511Mb)
Check /work/output/en/assets/images/hl7-logo-header.png                                              (00:00.000 / 02:26.342, 511Mb)
Check /work/output/en/assets/images/icon_arrow_down.png                                              (00:00.000 / 02:26.342, 511Mb)
Check /work/output/en/assets/images/icon_arrow_up.png                                                (00:00.000 / 02:26.343, 511Mb)
Check /work/output/en/assets/images/lang-ar.png                                                      (00:00.000 / 02:26.343, 511Mb)
Check /work/output/en/assets/images/lang-de.png                                                      (00:00.000 / 02:26.343, 511Mb)
Check /work/output/en/assets/images/lang-en.png                                                      (00:00.000 / 02:26.344, 511Mb)
Check /work/output/en/assets/images/lang-es.png                                                      (00:00.000 / 02:26.344, 511Mb)
Check /work/output/en/assets/images/lang-fr.png                                                      (00:00.000 / 02:26.344, 511Mb)
Check /work/output/en/assets/images/lang-ja.png                                                      (00:00.000 / 02:26.344, 511Mb)
Check /work/output/en/assets/images/lang-kr.png                                                      (00:00.000 / 02:26.345, 511Mb)
Check /work/output/en/assets/images/lang-nl.png                                                      (00:00.000 / 02:26.345, 512Mb)
Check /work/output/en/assets/images/lang-pt.png                                                      (00:00.000 / 02:26.346, 512Mb)
Check /work/output/en/assets/images/lang-pt_BR.png                                                   (00:00.000 / 02:26.346, 512Mb)
Check /work/output/en/assets/images/lang-ru.png                                                      (00:00.000 / 02:26.347, 512Mb)
Check /work/output/en/assets/images/lang-zh-TW.png                                                   (00:00.000 / 02:26.347, 512Mb)
Check /work/output/en/assets/images/lang-zh.png                                                      (00:00.000 / 02:26.348, 512Mb)
Check /work/output/en/assets/images/link.svg                                                         (00:00.001 / 02:26.349, 512Mb)
Check /work/output/en/assets/images/logo-de.svg                                                      (00:00.002 / 02:26.352, 512Mb)
Check /work/output/en/assets/images/logo-en.svg                                                      (00:00.024 / 02:26.376, 517Mb)
Check /work/output/en/assets/images/logo-num-diz-de.svg                                              (00:00.010 / 02:26.386, 526Mb)
Check /work/output/en/assets/images/logo-num-diz-en.svg                                              (00:00.007 / 02:26.394, 531Mb)
Check /work/output/en/assets/images/logo_ansinew.jpg                                                 (00:00.007 / 02:26.401, 535Mb)
Check /work/output/en/assets/images/search.png                                                       (00:00.000 / 02:26.402, 536Mb)
Check /work/output/en/assets/images/stripe.png                                                       (00:00.000 / 02:26.403, 536Mb)
Check /work/output/en/assets/images/target.png                                                       (00:00.001 / 02:26.404, 536Mb)
Check /work/output/en/assets/js/anchor-hover.js                                                      (00:00.001 / 02:26.405, 536Mb)
Check /work/output/en/assets/js/anchor.min.js                                                        (00:00.001 / 02:26.406, 536Mb)
Check /work/output/en/assets/js/back-to-top.js                                                       (00:00.002 / 02:26.409, 536Mb)
Check /work/output/en/assets/js/bootstrap-accessibility.min.js                                       (00:00.001 / 02:26.410, 536Mb)
Check /work/output/en/assets/js/bootstrap.min.js                                                     (00:00.001 / 02:26.412, 536Mb)
Check /work/output/en/assets/js/clipboard-btn.js                                                     (00:00.001 / 02:26.414, 536Mb)
Check /work/output/en/assets/js/clipboard.min.js                                                     (00:00.001 / 02:26.416, 536Mb)
Check /work/output/en/assets/js/direction-management.js                                              (00:00.001 / 02:26.417, 536Mb)
Check /work/output/en/assets/js/fhir-table-scripts.js                                                (00:00.000 / 02:26.418, 536Mb)
Check /work/output/en/assets/js/fhir.js                                                              (00:00.001 / 02:26.420, 536Mb)
Check /work/output/en/assets/js/flags.js                                                             (00:00.000 / 02:26.420, 536Mb)
Check /work/output/en/assets/js/font-size-control.js                                                 (00:00.000 / 02:26.421, 536Mb)
Check /work/output/en/assets/js/html5shiv.js                                                         (00:00.000 / 02:26.422, 536Mb)
Check /work/output/en/assets/js/jquery-3.7.0.min.map                                                 (00:00.000 / 02:26.423, 536Mb)
Check /work/output/en/assets/js/jquery-ui.min.js                                                     (00:00.004 / 02:26.427, 536Mb)
Check /work/output/en/assets/js/jquery.js                                                            (00:00.000 / 02:26.428, 536Mb)
Check /work/output/en/assets/js/lang-redirects.js                                                    (00:00.001 / 02:26.429, 536Mb)
Check /work/output/en/assets/js/mermaid-init.js                                                      (00:00.000 / 02:26.430, 536Mb)
Check /work/output/en/assets/js/mermaid.js                                                           (00:00.001 / 02:26.431, 536Mb)
Check /work/output/en/assets/js/prism-fhirpath.js                                                    (00:00.043 / 02:26.474, 560Mb)
Check /work/output/en/assets/js/prism.js                                                             (00:00.000 / 02:26.475, 560Mb)
.Check /work/output/en/assets/js/readme.txt                                                           (00:00.003 / 02:26.478, 562Mb)
Check /work/output/en/assets/js/respond.min.js                                                       (00:00.000 / 02:26.479, 562Mb)
Check /work/output/en/assets/js/tabs.js                                                              (00:00.000 / 02:26.479, 562Mb)
Check /work/output/en/assets/js/topofpage.js                                                         (00:00.000 / 02:26.480, 562Mb)
Check /work/output/en/assets/js/window-hash.js                                                       (00:00.000 / 02:26.480, 562Mb)
Check /work/output/en/assets/js/xml.js                                                               (00:00.000 / 02:26.480, 562Mb)
Check /work/output/en/capability-statements.html                                                     (00:00.000 / 02:26.481, 562Mb)
Check /work/output/en/capability-statements.md                                                       (00:00.011 / 02:26.492, 579Mb)
Check /work/output/en/cc0.png                                                                        (00:00.000 / 02:26.493, 579Mb)
Check /work/output/en/changes.html                                                                   (00:00.000 / 02:26.493, 579Mb)
Check /work/output/en/changes.md                                                                     (00:00.008 / 02:26.502, 600Mb)
Check /work/output/en/code-systems.html                                                              (00:00.000 / 02:26.503, 600Mb)
Check /work/output/en/code-systems.md                                                                (00:00.012 / 02:26.516, 645Mb)
Check /work/output/en/downloads.html                                                                 (00:00.000 / 02:26.517, 645Mb)
Check /work/output/en/downloads.md                                                                   (00:00.005 / 02:26.522, 655Mb)
Check /work/output/en/examples.html                                                                  (00:00.001 / 02:26.524, 655Mb)
Check /work/output/en/examples.md                                                                    (00:00.009 / 02:26.533, 664Mb)
Check /work/output/en/external.png                                                                   (00:00.000 / 02:26.534, 664Mb)
Check /work/output/en/fhir-table-scripts.js                                                          (00:00.000 / 02:26.535, 664Mb)
Check /work/output/en/fhir.css                                                                       (00:00.000 / 02:26.535, 664Mb)
Check /work/output/en/frageboegen.html                                                               (00:00.001 / 02:26.536, 664Mb)
Check /work/output/en/frageboegen.md                                                                 (00:00.005 / 02:26.542, 673Mb)
Check /work/output/en/guidance.html                                                                  (00:00.000 / 02:26.543, 673Mb)
Check /work/output/en/guidance.md                                                                    (00:00.006 / 02:26.549, 684Mb)
Check /work/output/en/help.png                                                                       (00:00.000 / 02:26.550, 684Mb)
Check /work/output/en/icon-administration.png                                                        (00:00.001 / 02:26.551, 684Mb)
Check /work/output/en/icon-change-add.png                                                            (00:00.001 / 02:26.553, 684Mb)
Check /work/output/en/icon-change-edit.png                                                           (00:00.000 / 02:26.553, 684Mb)
Check /work/output/en/icon-change-remove.png                                                         (00:00.000 / 02:26.553, 684Mb)
Check /work/output/en/icon-clinical.png                                                              (00:00.000 / 02:26.554, 684Mb)
Check /work/output/en/icon-dictionary.png                                                            (00:00.000 / 02:26.555, 684Mb)
Check /work/output/en/icon-directory.gif                                                             (00:00.000 / 02:26.555, 684Mb)
Check /work/output/en/icon-documentation.png                                                         (00:00.000 / 02:26.555, 684Mb)
Check /work/output/en/icon-error.gif                                                                 (00:00.000 / 02:26.556, 684Mb)
Check /work/output/en/icon-example.png                                                               (00:00.000 / 02:26.556, 684Mb)
Check /work/output/en/icon-fhir-1024.png                                                             (00:00.000 / 02:26.557, 684Mb)
Check /work/output/en/icon-fhir-128.png                                                              (00:00.001 / 02:26.558, 685Mb)
Check /work/output/en/icon-fhir-16-grey.png                                                          (00:00.000 / 02:26.558, 685Mb)
Check /work/output/en/icon-fhir-16.png                                                               (00:00.000 / 02:26.559, 685Mb)
Check /work/output/en/icon-fhir-24.png                                                               (00:00.000 / 02:26.559, 685Mb)
Check /work/output/en/icon-fhir-32.png                                                               (00:00.000 / 02:26.559, 685Mb)
Check /work/output/en/icon-fhir-48.png                                                               (00:00.000 / 02:26.560, 685Mb)
Check /work/output/en/icon-fhir-64.png                                                               (00:00.000 / 02:26.560, 685Mb)
Check /work/output/en/icon-fhir-720.png                                                              (00:00.000 / 02:26.560, 686Mb)
Check /work/output/en/icon-implementation.png                                                        (00:00.000 / 02:26.561, 686Mb)
Check /work/output/en/icon-include.png                                                               (00:00.001 / 02:26.562, 686Mb)
Check /work/output/en/icon-infrastructure.png                                                        (00:00.000 / 02:26.563, 686Mb)
Check /work/output/en/icon-key.png                                                                   (00:00.001 / 02:26.564, 686Mb)
Check /work/output/en/icon-list.gif                                                                  (00:00.000 / 02:26.565, 686Mb)
Check /work/output/en/icon-not-selected.png                                                          (00:00.000 / 02:26.565, 686Mb)
Check /work/output/en/icon-object-box.png                                                            (00:00.000 / 02:26.565, 686Mb)
Check /work/output/en/icon-page.png                                                                  (00:00.000 / 02:26.566, 686Mb)
Check /work/output/en/icon-q-attachment.png                                                          (00:00.000 / 02:26.566, 686Mb)
Check /work/output/en/icon-q-boolean.png                                                             (00:00.000 / 02:26.567, 686Mb)
Check /work/output/en/icon-q-choice.png                                                              (00:00.000 / 02:26.567, 686Mb)
Check /work/output/en/icon-q-coding.png                                                              (00:00.000 / 02:26.567, 686Mb)
Check /work/output/en/icon-q-date.png                                                                (00:00.000 / 02:26.568, 686Mb)
Check /work/output/en/icon-q-datetime.png                                                            (00:00.000 / 02:26.568, 686Mb)
Check /work/output/en/icon-q-decimal.png                                                             (00:00.000 / 02:26.569, 686Mb)
Check /work/output/en/icon-q-display.png                                                             (00:00.000 / 02:26.569, 686Mb)
Check /work/output/en/icon-q-group.png                                                               (00:00.000 / 02:26.570, 686Mb)
.Check /work/output/en/icon-q-integer.png                                                             (00:00.000 / 02:26.570, 686Mb)
Check /work/output/en/icon-q-item.png                                                                (00:00.000 / 02:26.571, 686Mb)
Check /work/output/en/icon-q-open-choice.png                                                         (00:00.000 / 02:26.571, 686Mb)
Check /work/output/en/icon-q-quantity.png                                                            (00:00.000 / 02:26.572, 686Mb)
Check /work/output/en/icon-q-reference.png                                                           (00:00.000 / 02:26.572, 686Mb)
Check /work/output/en/icon-q-string.png                                                              (00:00.000 / 02:26.573, 686Mb)
Check /work/output/en/icon-q-text.png                                                                (00:00.000 / 02:26.573, 686Mb)
Check /work/output/en/icon-q-time.png                                                                (00:00.000 / 02:26.573, 686Mb)
Check /work/output/en/icon-q-url.png                                                                 (00:00.000 / 02:26.574, 686Mb)
Check /work/output/en/icon-qi-help.png                                                               (00:00.000 / 02:26.574, 686Mb)
Check /work/output/en/icon-qi-hidden.png                                                             (00:00.000 / 02:26.575, 686Mb)
Check /work/output/en/icon-qi-horizontal.png                                                         (00:00.000 / 02:26.575, 686Mb)
Check /work/output/en/icon-qi-instructions.png                                                       (00:00.000 / 02:26.575, 686Mb)
Check /work/output/en/icon-qi-observation.png                                                        (00:00.000 / 02:26.576, 686Mb)
Check /work/output/en/icon-qi-optional.png                                                           (00:00.000 / 02:26.576, 686Mb)
Check /work/output/en/icon-qi-readonly.png                                                           (00:00.000 / 02:26.576, 686Mb)
Check /work/output/en/icon-qi-security.bmp                                                           (00:00.000 / 02:26.577, 686Mb)
Check /work/output/en/icon-qi-security.png                                                           (00:00.000 / 02:26.577, 686Mb)
Check /work/output/en/icon-qi-subject.png                                                            (00:00.000 / 02:26.578, 686Mb)
Check /work/output/en/icon-qi-vertical.png                                                           (00:00.000 / 02:26.578, 687Mb)
Check /work/output/en/icon-resource.png                                                              (00:00.000 / 02:26.578, 687Mb)
Check /work/output/en/icon-selected.png                                                              (00:00.000 / 02:26.579, 687Mb)
Check /work/output/en/icon-toc.png                                                                   (00:00.000 / 02:26.579, 687Mb)
Check /work/output/en/icon-type-operation.png                                                        (00:00.000 / 02:26.580, 687Mb)
Check /work/output/en/icon-warning.png                                                               (00:00.000 / 02:26.580, 687Mb)
Check /work/output/en/icon_bundle.png                                                                (00:00.000 / 02:26.581, 687Mb)
Check /work/output/en/icon_choice.gif                                                                (00:00.000 / 02:26.581, 687Mb)
Check /work/output/en/icon_datatype.gif                                                              (00:00.000 / 02:26.582, 687Mb)
Check /work/output/en/icon_element.gif                                                               (00:00.000 / 02:26.582, 687Mb)
Check /work/output/en/icon_entry_blue.png                                                            (00:00.000 / 02:26.583, 687Mb)
Check /work/output/en/icon_extension.png                                                             (00:00.000 / 02:26.583, 687Mb)
Check /work/output/en/icon_extension_complex.png                                                     (00:00.000 / 02:26.584, 687Mb)
Check /work/output/en/icon_extension_simple.png                                                      (00:00.000 / 02:26.584, 687Mb)
Check /work/output/en/icon_fixed.gif                                                                 (00:00.000 / 02:26.585, 687Mb)
Check /work/output/en/icon_group.png                                                                 (00:00.000 / 02:26.585, 687Mb)
Check /work/output/en/icon_latest.png                                                                (00:00.000 / 02:26.586, 687Mb)
Check /work/output/en/icon_modifier_extension_complex.png                                            (00:00.000 / 02:26.586, 687Mb)
Check /work/output/en/icon_modifier_extension_simple.png                                             (00:00.000 / 02:26.587, 687Mb)
Check /work/output/en/icon_page-child.gif                                                            (00:00.000 / 02:26.587, 687Mb)
Check /work/output/en/icon_page.gif                                                                  (00:00.000 / 02:26.588, 687Mb)
Check /work/output/en/icon_page_n.gif                                                                (00:00.000 / 02:26.588, 687Mb)
Check /work/output/en/icon_page_n_c.gif                                                              (00:00.000 / 02:26.588, 687Mb)
Check /work/output/en/icon_page_n_i.gif                                                              (00:00.000 / 02:26.589, 687Mb)
Check /work/output/en/icon_page_n_o.gif                                                              (00:00.000 / 02:26.590, 687Mb)
Check /work/output/en/icon_page_n_p.gif                                                              (00:00.000 / 02:26.591, 687Mb)
Check /work/output/en/icon_primitive.png                                                             (00:00.000 / 02:26.591, 687Mb)
Check /work/output/en/icon_profile.png                                                               (00:00.000 / 02:26.592, 687Mb)
Check /work/output/en/icon_q_item.png                                                                (00:00.000 / 02:26.593, 687Mb)
Check /work/output/en/icon_q_root.gif                                                                (00:00.000 / 02:26.593, 687Mb)
Check /work/output/en/icon_reference.png                                                             (00:00.000 / 02:26.594, 687Mb)
Check /work/output/en/icon_resource.png                                                              (00:00.000 / 02:26.594, 687Mb)
Check /work/output/en/icon_reuse.png                                                                 (00:00.000 / 02:26.595, 687Mb)
Check /work/output/en/icon_slice.png                                                                 (00:00.000 / 02:26.596, 687Mb)
Check /work/output/en/icon_slice_item.png                                                            (00:00.000 / 02:26.596, 687Mb)
Check /work/output/en/icon_text.png                                                                  (00:00.000 / 02:26.597, 687Mb)
Check /work/output/en/icon_vd_col.png                                                                (00:00.000 / 02:26.598, 687Mb)
Check /work/output/en/icon_vd_foreach.png                                                            (00:00.000 / 02:26.598, 687Mb)
Check /work/output/en/icon_vd_select.png                                                             (00:00.000 / 02:26.599, 687Mb)
Check /work/output/en/icon_vd_union.png                                                              (00:00.000 / 02:26.600, 687Mb)
Check /work/output/en/icon_vd_view.png                                                               (00:00.000 / 02:26.600, 687Mb)
Check /work/output/en/implementer-guidance.html                                                      (00:00.000 / 02:26.601, 687Mb)
.Check /work/output/en/implementer-guidance.md                                                        (00:00.007 / 02:26.608, 701Mb)
Check /work/output/en/index.html                                                                     (00:00.000 / 02:26.609, 701Mb)
Check /work/output/en/index.md                                                                       (00:00.005 / 02:26.614, 712Mb)
Check /work/output/en/information-model_UML-Diagramm_MII-spez.png                                    (00:00.000 / 02:26.615, 712Mb)
Check /work/output/en/information.png                                                                (00:00.004 / 02:26.619, 713Mb)
Check /work/output/en/link.svg                                                                       (00:00.000 / 02:26.620, 713Mb)
Check /work/output/en/llms.txt                                                                       (00:00.000 / 02:26.620, 713Mb)
Check /work/output/en/lock.png                                                                       (00:00.000 / 02:26.621, 713Mb)
Check /work/output/en/logical-models.html                                                            (00:00.000 / 02:26.621, 713Mb)
Check /work/output/en/logical-models.md                                                              (00:00.003 / 02:26.625, 721Mb)
Check /work/output/en/modifier.png                                                                   (00:00.000 / 02:26.625, 721Mb)
Check /work/output/en/mustsupport.png                                                                (00:00.000 / 02:26.626, 721Mb)
Check /work/output/en/new.png                                                                        (00:00.000 / 02:26.626, 721Mb)
Check /work/output/en/prism.css                                                                      (00:00.000 / 02:26.626, 721Mb)
Check /work/output/en/prism.js                                                                       (00:00.000 / 02:26.627, 722Mb)
Check /work/output/en/profiles.html                                                                  (00:00.003 / 02:26.631, 723Mb)
Check /work/output/en/profiles.md                                                                    (00:00.004 / 02:26.635, 735Mb)
Check /work/output/en/search-parameters.html                                                         (00:00.000 / 02:26.635, 735Mb)
Check /work/output/en/search-parameters.md                                                           (00:00.007 / 02:26.643, 752Mb)
Check /work/output/en/searchform.html                                                                (00:00.000 / 02:26.643, 752Mb)
Check /work/output/en/security-and-privacy.html                                                      (00:00.001 / 02:26.645, 753Mb)
Check /work/output/en/security-and-privacy.md                                                        (00:00.005 / 02:26.650, 764Mb)
Check /work/output/en/summary.png                                                                    (00:00.000 / 02:26.650, 764Mb)
Check /work/output/en/target.png                                                                     (00:00.000 / 02:26.650, 764Mb)
Check /work/output/en/tbl-closed.png                                                                 (00:00.000 / 02:26.651, 764Mb)
Check /work/output/en/tbl-open.png                                                                   (00:00.000 / 02:26.651, 764Mb)
Check /work/output/en/tbl_bck0.png                                                                   (00:00.000 / 02:26.652, 764Mb)
Check /work/output/en/tbl_bck00.png                                                                  (00:00.000 / 02:26.652, 764Mb)
Check /work/output/en/tbl_bck000.png                                                                 (00:00.000 / 02:26.653, 764Mb)
Check /work/output/en/tbl_bck0000.png                                                                (00:00.000 / 02:26.653, 764Mb)
Check /work/output/en/tbl_bck00000.png                                                               (00:00.000 / 02:26.654, 764Mb)
Check /work/output/en/tbl_bck000000.png                                                              (00:00.000 / 02:26.654, 764Mb)
Check /work/output/en/tbl_bck0000000.png                                                             (00:00.000 / 02:26.655, 764Mb)
Check /work/output/en/tbl_bck000001.png                                                              (00:00.000 / 02:26.655, 764Mb)
Check /work/output/en/tbl_bck0000010.png                                                             (00:00.000 / 02:26.655, 764Mb)
Check /work/output/en/tbl_bck00001.png                                                               (00:00.000 / 02:26.656, 764Mb)
Check /work/output/en/tbl_bck000010.png                                                              (00:00.000 / 02:26.656, 764Mb)
Check /work/output/en/tbl_bck0000100.png                                                             (00:00.000 / 02:26.656, 764Mb)
Check /work/output/en/tbl_bck000010000.png                                                           (00:00.000 / 02:26.656, 764Mb)
Check /work/output/en/tbl_bck00001001.png                                                            (00:00.000 / 02:26.657, 764Mb)
Check /work/output/en/tbl_bck000010010.png                                                           (00:00.000 / 02:26.657, 764Mb)
Check /work/output/en/tbl_bck0000101.png                                                             (00:00.000 / 02:26.657, 764Mb)
Check /work/output/en/tbl_bck00001010.png                                                            (00:00.000 / 02:26.658, 764Mb)
Check /work/output/en/tbl_bck000011.png                                                              (00:00.000 / 02:26.658, 764Mb)
Check /work/output/en/tbl_bck0000110.png                                                             (00:00.000 / 02:26.658, 764Mb)
Check /work/output/en/tbl_bck00001100.png                                                            (00:00.000 / 02:26.658, 764Mb)
Check /work/output/en/tbl_bck0000111.png                                                             (00:00.000 / 02:26.659, 764Mb)
Check /work/output/en/tbl_bck00001110.png                                                            (00:00.000 / 02:26.659, 764Mb)
Check /work/output/en/tbl_bck000011100.png                                                           (00:00.000 / 02:26.659, 764Mb)
Check /work/output/en/tbl_bck0000111000.png                                                          (00:00.000 / 02:26.659, 764Mb)
Check /work/output/en/tbl_bck00001110000.png                                                         (00:00.000 / 02:26.660, 764Mb)
Check /work/output/en/tbl_bck0000111001.png                                                          (00:00.000 / 02:26.660, 764Mb)
Check /work/output/en/tbl_bck00001110010.png                                                         (00:00.000 / 02:26.660, 764Mb)
Check /work/output/en/tbl_bck000011101.png                                                           (00:00.000 / 02:26.661, 764Mb)
Check /work/output/en/tbl_bck0000111010.png                                                          (00:00.000 / 02:26.661, 764Mb)
Check /work/output/en/tbl_bck00001110100.png                                                         (00:00.000 / 02:26.661, 764Mb)
Check /work/output/en/tbl_bck0000111011.png                                                          (00:00.000 / 02:26.661, 764Mb)
Check /work/output/en/tbl_bck00001110110.png                                                         (00:00.000 / 02:26.662, 764Mb)
Check /work/output/en/tbl_bck00001111.png                                                            (00:00.000 / 02:26.662, 764Mb)
Check /work/output/en/tbl_bck000011110.png                                                           (00:00.000 / 02:26.662, 764Mb)
Check /work/output/en/tbl_bck0000111100.png                                                          (00:00.000 / 02:26.663, 764Mb)
.Check /work/output/en/tbl_bck000011110000.png                                                        (00:00.000 / 02:26.663, 764Mb)
Check /work/output/en/tbl_bck00001111001.png                                                         (00:00.000 / 02:26.663, 764Mb)
Check /work/output/en/tbl_bck000011110010.png                                                        (00:00.000 / 02:26.663, 764Mb)
Check /work/output/en/tbl_bck0000111101.png                                                          (00:00.000 / 02:26.664, 764Mb)
Check /work/output/en/tbl_bck00001111010.png                                                         (00:00.000 / 02:26.664, 764Mb)
Check /work/output/en/tbl_bck000011111.png                                                           (00:00.000 / 02:26.664, 764Mb)
Check /work/output/en/tbl_bck0000111110.png                                                          (00:00.000 / 02:26.664, 764Mb)
Check /work/output/en/tbl_bck00001111100.png                                                         (00:00.000 / 02:26.665, 764Mb)
Check /work/output/en/tbl_bck000011111000.png                                                        (00:00.000 / 02:26.665, 765Mb)
Check /work/output/en/tbl_bck00001111101.png                                                         (00:00.000 / 02:26.665, 765Mb)
Check /work/output/en/tbl_bck000011111010.png                                                        (00:00.000 / 02:26.666, 765Mb)
Check /work/output/en/tbl_bck0000111110100.png                                                       (00:00.000 / 02:26.666, 765Mb)
Check /work/output/en/tbl_bck000011111011.png                                                        (00:00.000 / 02:26.666, 765Mb)
Check /work/output/en/tbl_bck0000111110110.png                                                       (00:00.000 / 02:26.666, 765Mb)
Check /work/output/en/tbl_bck0000111111.png                                                          (00:00.000 / 02:26.667, 765Mb)
Check /work/output/en/tbl_bck00001111110.png                                                         (00:00.000 / 02:26.667, 765Mb)
Check /work/output/en/tbl_bck000011111100.png                                                        (00:00.000 / 02:26.667, 765Mb)
Check /work/output/en/tbl_bck00001111111.png                                                         (00:00.000 / 02:26.667, 765Mb)
Check /work/output/en/tbl_bck000011111110.png                                                        (00:00.000 / 02:26.668, 765Mb)
Check /work/output/en/tbl_bck0001.png                                                                (00:00.000 / 02:26.668, 765Mb)
Check /work/output/en/tbl_bck00010.png                                                               (00:00.000 / 02:26.668, 765Mb)
Check /work/output/en/tbl_bck000100.png                                                              (00:00.000 / 02:26.668, 765Mb)
Check /work/output/en/tbl_bck00011.png                                                               (00:00.000 / 02:26.669, 765Mb)
Check /work/output/en/tbl_bck000110.png                                                              (00:00.000 / 02:26.669, 765Mb)
Check /work/output/en/tbl_bck001.png                                                                 (00:00.000 / 02:26.669, 765Mb)
Check /work/output/en/tbl_bck0010.png                                                                (00:00.000 / 02:26.670, 765Mb)
Check /work/output/en/tbl_bck00100.png                                                               (00:00.000 / 02:26.670, 765Mb)
Check /work/output/en/tbl_bck001000.png                                                              (00:00.000 / 02:26.670, 765Mb)
Check /work/output/en/tbl_bck0010000.png                                                             (00:00.000 / 02:26.671, 765Mb)
Check /work/output/en/tbl_bck001001.png                                                              (00:00.000 / 02:26.671, 765Mb)
Check /work/output/en/tbl_bck0010010.png                                                             (00:00.000 / 02:26.671, 765Mb)
Check /work/output/en/tbl_bck00101.png                                                               (00:00.000 / 02:26.672, 765Mb)
Check /work/output/en/tbl_bck001010.png                                                              (00:00.000 / 02:26.672, 765Mb)
Check /work/output/en/tbl_bck0011.png                                                                (00:00.000 / 02:26.672, 765Mb)
Check /work/output/en/tbl_bck00110.png                                                               (00:00.000 / 02:26.672, 765Mb)
Check /work/output/en/tbl_bck001100.png                                                              (00:00.000 / 02:26.673, 765Mb)
Check /work/output/en/tbl_bck00111.png                                                               (00:00.000 / 02:26.673, 765Mb)
Check /work/output/en/tbl_bck001110.png                                                              (00:00.000 / 02:26.673, 765Mb)
Check /work/output/en/tbl_bck001112.png                                                              (00:00.000 / 02:26.674, 765Mb)
Check /work/output/en/tbl_bck00112.png                                                               (00:00.000 / 02:26.674, 765Mb)
Check /work/output/en/tbl_bck01.png                                                                  (00:00.000 / 02:26.674, 765Mb)
Check /work/output/en/tbl_bck010.png                                                                 (00:00.000 / 02:26.675, 765Mb)
Check /work/output/en/tbl_bck0100.png                                                                (00:00.000 / 02:26.676, 765Mb)
Check /work/output/en/tbl_bck01000.png                                                               (00:00.001 / 02:26.677, 765Mb)
Check /work/output/en/tbl_bck0101.png                                                                (00:00.000 / 02:26.678, 765Mb)
Check /work/output/en/tbl_bck01010.png                                                               (00:00.000 / 02:26.678, 765Mb)
Check /work/output/en/tbl_bck010100.png                                                              (00:00.000 / 02:26.678, 765Mb)
Check /work/output/en/tbl_bck01011.png                                                               (00:00.000 / 02:26.679, 765Mb)
Check /work/output/en/tbl_bck010110.png                                                              (00:00.000 / 02:26.679, 765Mb)
Check /work/output/en/tbl_bck011.png                                                                 (00:00.000 / 02:26.680, 765Mb)
Check /work/output/en/tbl_bck0110.png                                                                (00:00.000 / 02:26.681, 765Mb)
Check /work/output/en/tbl_bck01100.png                                                               (00:00.000 / 02:26.681, 765Mb)
Check /work/output/en/tbl_bck011000.png                                                              (00:00.000 / 02:26.682, 765Mb)
Check /work/output/en/tbl_bck0110000.png                                                             (00:00.000 / 02:26.682, 765Mb)
Check /work/output/en/tbl_bck011001.png                                                              (00:00.000 / 02:26.682, 765Mb)
Check /work/output/en/tbl_bck0110010.png                                                             (00:00.000 / 02:26.683, 765Mb)
Check /work/output/en/tbl_bck01101.png                                                               (00:00.000 / 02:26.683, 765Mb)
Check /work/output/en/tbl_bck011010.png                                                              (00:00.000 / 02:26.683, 765Mb)
Check /work/output/en/tbl_bck0110100.png                                                             (00:00.000 / 02:26.684, 765Mb)
Check /work/output/en/tbl_bck011011.png                                                              (00:00.000 / 02:26.684, 765Mb)
Check /work/output/en/tbl_bck0110110.png                                                             (00:00.000 / 02:26.684, 765Mb)
.Check /work/output/en/tbl_bck01101100.png                                                            (00:00.000 / 02:26.684, 765Mb)
Check /work/output/en/tbl_bck0110111.png                                                             (00:00.000 / 02:26.685, 765Mb)
Check /work/output/en/tbl_bck01101110.png                                                            (00:00.000 / 02:26.685, 765Mb)
Check /work/output/en/tbl_bck0111.png                                                                (00:00.000 / 02:26.685, 765Mb)
Check /work/output/en/tbl_bck01110.png                                                               (00:00.000 / 02:26.686, 765Mb)
Check /work/output/en/tbl_bck011100.png                                                              (00:00.000 / 02:26.686, 765Mb)
Check /work/output/en/tbl_bck01111.png                                                               (00:00.000 / 02:26.686, 765Mb)
Check /work/output/en/tbl_bck011110.png                                                              (00:00.000 / 02:26.686, 765Mb)
Check /work/output/en/tbl_bck0111100.png                                                             (00:00.000 / 02:26.687, 765Mb)
Check /work/output/en/tbl_bck011110000.png                                                           (00:00.000 / 02:26.687, 765Mb)
Check /work/output/en/tbl_bck01111001.png                                                            (00:00.000 / 02:26.687, 765Mb)
Check /work/output/en/tbl_bck011110010.png                                                           (00:00.000 / 02:26.688, 765Mb)
Check /work/output/en/tbl_bck0111101.png                                                             (00:00.000 / 02:26.688, 765Mb)
Check /work/output/en/tbl_bck01111010.png                                                            (00:00.000 / 02:26.689, 765Mb)
Check /work/output/en/tbl_bck011111.png                                                              (00:00.000 / 02:26.689, 765Mb)
Check /work/output/en/tbl_bck0111110.png                                                             (00:00.000 / 02:26.690, 765Mb)
Check /work/output/en/tbl_bck0112.png                                                                (00:00.000 / 02:26.690, 765Mb)
Check /work/output/en/tbl_bck012.png                                                                 (00:00.000 / 02:26.691, 765Mb)
Check /work/output/en/tbl_bck01240.png                                                               (00:00.000 / 02:26.691, 765Mb)
Check /work/output/en/tbl_bck0125.png                                                                (00:00.000 / 02:26.692, 765Mb)
Check /work/output/en/tbl_bck01250.png                                                               (00:00.000 / 02:26.692, 765Mb)
Check /work/output/en/tbl_bck01252.png                                                               (00:00.000 / 02:26.692, 765Mb)
Check /work/output/en/tbl_bck013.png                                                                 (00:00.000 / 02:26.693, 765Mb)
Check /work/output/en/tbl_bck0140.png                                                                (00:00.000 / 02:26.693, 765Mb)
Check /work/output/en/tbl_bck015.png                                                                 (00:00.000 / 02:26.694, 765Mb)
Check /work/output/en/tbl_bck0240.png                                                                (00:00.000 / 02:26.694, 765Mb)
Check /work/output/en/tbl_bck02400.png                                                               (00:00.000 / 02:26.695, 765Mb)
Check /work/output/en/tbl_bck0241.png                                                                (00:00.000 / 02:26.695, 765Mb)
Check /work/output/en/tbl_bck02410.png                                                               (00:00.000 / 02:26.695, 765Mb)
Check /work/output/en/tbl_bck025.png                                                                 (00:00.000 / 02:26.696, 765Mb)
Check /work/output/en/tbl_bck0250.png                                                                (00:00.000 / 02:26.696, 765Mb)
Check /work/output/en/tbl_bck02500.png                                                               (00:00.000 / 02:26.696, 765Mb)
Check /work/output/en/tbl_bck025000.png                                                              (00:00.000 / 02:26.697, 765Mb)
Check /work/output/en/tbl_bck02501.png                                                               (00:00.000 / 02:26.697, 765Mb)
Check /work/output/en/tbl_bck025010.png                                                              (00:00.000 / 02:26.698, 765Mb)
Check /work/output/en/tbl_bck0250240.png                                                             (00:00.000 / 02:26.698, 765Mb)
Check /work/output/en/tbl_bck025025.png                                                              (00:00.000 / 02:26.698, 765Mb)
Check /work/output/en/tbl_bck0250250.png                                                             (00:00.000 / 02:26.699, 765Mb)
Check /work/output/en/tbl_bck02503.png                                                               (00:00.000 / 02:26.699, 765Mb)
Check /work/output/en/tbl_bck0251.png                                                                (00:00.000 / 02:26.699, 765Mb)
Check /work/output/en/tbl_bck02510.png                                                               (00:00.000 / 02:26.699, 765Mb)
Check /work/output/en/tbl_bck02512.png                                                               (00:00.000 / 02:26.700, 765Mb)
Check /work/output/en/tbl_bck0251240.png                                                             (00:00.000 / 02:26.700, 765Mb)
Check /work/output/en/tbl_bck025125.png                                                              (00:00.000 / 02:26.700, 765Mb)
Check /work/output/en/tbl_bck0251250.png                                                             (00:00.000 / 02:26.700, 765Mb)
Check /work/output/en/tbl_bck0251252.png                                                             (00:00.000 / 02:26.701, 765Mb)
Check /work/output/en/tbl_bck02513.png                                                               (00:00.000 / 02:26.701, 765Mb)
Check /work/output/en/tbl_bck03.png                                                                  (00:00.000 / 02:26.701, 765Mb)
Check /work/output/en/tbl_bck0320.png                                                                (00:00.000 / 02:26.702, 765Mb)
Check /work/output/en/tbl_bck033.png                                                                 (00:00.000 / 02:26.702, 765Mb)
Check /work/output/en/tbl_bck0330.png                                                                (00:00.000 / 02:26.702, 765Mb)
Check /work/output/en/tbl_bck03300.png                                                               (00:00.000 / 02:26.702, 765Mb)
Check /work/output/en/tbl_bck0331.png                                                                (00:00.000 / 02:26.703, 765Mb)
Check /work/output/en/tbl_bck03310.png                                                               (00:00.000 / 02:26.703, 765Mb)
Check /work/output/en/tbl_bck0340.png                                                                (00:00.000 / 02:26.703, 765Mb)
Check /work/output/en/tbl_bck03400.png                                                               (00:00.000 / 02:26.703, 765Mb)
Check /work/output/en/tbl_bck0341.png                                                                (00:00.000 / 02:26.704, 765Mb)
Check /work/output/en/tbl_bck03410.png                                                               (00:00.000 / 02:26.704, 765Mb)
Check /work/output/en/tbl_bck035.png                                                                 (00:00.000 / 02:26.704, 765Mb)
Check /work/output/en/tbl_bck0350.png                                                                (00:00.000 / 02:26.705, 765Mb)
Check /work/output/en/tbl_bck03500.png                                                               (00:00.000 / 02:26.705, 765Mb)
.Check /work/output/en/tbl_bck0350240.png                                                             (00:00.000 / 02:26.705, 765Mb)
Check /work/output/en/tbl_bck035025.png                                                              (00:00.000 / 02:26.705, 765Mb)
Check /work/output/en/tbl_bck0350250.png                                                             (00:00.000 / 02:26.706, 765Mb)
Check /work/output/en/tbl_bck03503.png                                                               (00:00.000 / 02:26.706, 765Mb)
Check /work/output/en/tbl_bck0351.png                                                                (00:00.000 / 02:26.706, 765Mb)
Check /work/output/en/tbl_bck03510.png                                                               (00:00.000 / 02:26.707, 765Mb)
Check /work/output/en/tbl_bck03512.png                                                               (00:00.000 / 02:26.707, 765Mb)
Check /work/output/en/tbl_bck0351240.png                                                             (00:00.000 / 02:26.707, 765Mb)
Check /work/output/en/tbl_bck035125.png                                                              (00:00.000 / 02:26.708, 765Mb)
Check /work/output/en/tbl_bck0351250.png                                                             (00:00.000 / 02:26.708, 765Mb)
Check /work/output/en/tbl_bck0351252.png                                                             (00:00.000 / 02:26.708, 765Mb)
Check /work/output/en/tbl_bck03513.png                                                               (00:00.000 / 02:26.709, 765Mb)
Check /work/output/en/tbl_bck04.png                                                                  (00:00.000 / 02:26.709, 765Mb)
Check /work/output/en/tbl_bck040.png                                                                 (00:00.000 / 02:26.709, 765Mb)
Check /work/output/en/tbl_bck0400.png                                                                (00:00.000 / 02:26.709, 765Mb)
Check /work/output/en/tbl_bck041.png                                                                 (00:00.000 / 02:26.710, 765Mb)
Check /work/output/en/tbl_bck0410.png                                                                (00:00.000 / 02:26.710, 765Mb)
Check /work/output/en/tbl_bck05.png                                                                  (00:00.000 / 02:26.711, 765Mb)
Check /work/output/en/tbl_bck050.png                                                                 (00:00.000 / 02:26.711, 765Mb)
Check /work/output/en/tbl_bck0500.png                                                                (00:00.000 / 02:26.712, 765Mb)
Check /work/output/en/tbl_bck05040.png                                                               (00:00.000 / 02:26.712, 765Mb)
Check /work/output/en/tbl_bck0505.png                                                                (00:00.000 / 02:26.713, 765Mb)
Check /work/output/en/tbl_bck05050.png                                                               (00:00.000 / 02:26.713, 765Mb)
Check /work/output/en/tbl_bck051.png                                                                 (00:00.000 / 02:26.713, 765Mb)
Check /work/output/en/tbl_bck0510.png                                                                (00:00.000 / 02:26.714, 765Mb)
Check /work/output/en/tbl_bck0512.png                                                                (00:00.000 / 02:26.714, 765Mb)
Check /work/output/en/tbl_bck05140.png                                                               (00:00.000 / 02:26.715, 765Mb)
Check /work/output/en/tbl_bck0515.png                                                                (00:00.000 / 02:26.715, 765Mb)
Check /work/output/en/tbl_bck05150.png                                                               (00:00.000 / 02:26.715, 765Mb)
Check /work/output/en/tbl_bck05152.png                                                               (00:00.000 / 02:26.715, 765Mb)
Check /work/output/en/tbl_bck1.png                                                                   (00:00.000 / 02:26.716, 765Mb)
Check /work/output/en/tbl_bck10.png                                                                  (00:00.000 / 02:26.716, 765Mb)
Check /work/output/en/tbl_bck100.png                                                                 (00:00.000 / 02:26.716, 765Mb)
Check /work/output/en/tbl_bck1000.png                                                                (00:00.000 / 02:26.717, 765Mb)
Check /work/output/en/tbl_bck10000.png                                                               (00:00.000 / 02:26.717, 765Mb)
Check /work/output/en/tbl_bck100000.png                                                              (00:00.000 / 02:26.717, 765Mb)
Check /work/output/en/tbl_bck10001.png                                                               (00:00.000 / 02:26.718, 765Mb)
Check /work/output/en/tbl_bck100010.png                                                              (00:00.000 / 02:26.718, 765Mb)
Check /work/output/en/tbl_bck1001.png                                                                (00:00.000 / 02:26.718, 765Mb)
Check /work/output/en/tbl_bck10010.png                                                               (00:00.000 / 02:26.719, 765Mb)
Check /work/output/en/tbl_bck100100.png                                                              (00:00.000 / 02:26.719, 765Mb)
Check /work/output/en/tbl_bck1001000.png                                                             (00:00.000 / 02:26.719, 765Mb)
Check /work/output/en/tbl_bck10010000.png                                                            (00:00.000 / 02:26.720, 765Mb)
Check /work/output/en/tbl_bck1001001.png                                                             (00:00.000 / 02:26.720, 765Mb)
Check /work/output/en/tbl_bck10010010.png                                                            (00:00.000 / 02:26.721, 765Mb)
Check /work/output/en/tbl_bck100101.png                                                              (00:00.000 / 02:26.721, 765Mb)
Check /work/output/en/tbl_bck1001010.png                                                             (00:00.000 / 02:26.721, 765Mb)
Check /work/output/en/tbl_bck10011.png                                                               (00:00.000 / 02:26.722, 765Mb)
Check /work/output/en/tbl_bck100110.png                                                              (00:00.000 / 02:26.722, 765Mb)
Check /work/output/en/tbl_bck101.png                                                                 (00:00.000 / 02:26.723, 765Mb)
Check /work/output/en/tbl_bck1010.png                                                                (00:00.000 / 02:26.723, 765Mb)
Check /work/output/en/tbl_bck10100.png                                                               (00:00.000 / 02:26.723, 765Mb)
Check /work/output/en/tbl_bck101000.png                                                              (00:00.000 / 02:26.724, 765Mb)
Check /work/output/en/tbl_bck10101.png                                                               (00:00.000 / 02:26.724, 765Mb)
Check /work/output/en/tbl_bck101010.png                                                              (00:00.000 / 02:26.724, 765Mb)
Check /work/output/en/tbl_bck1011.png                                                                (00:00.000 / 02:26.725, 765Mb)
Check /work/output/en/tbl_bck10110.png                                                               (00:00.000 / 02:26.725, 765Mb)
Check /work/output/en/tbl_bck101100.png                                                              (00:00.000 / 02:26.725, 765Mb)
Check /work/output/en/tbl_bck1011000.png                                                             (00:00.000 / 02:26.726, 765Mb)
Check /work/output/en/tbl_bck10110000.png                                                            (00:00.000 / 02:26.726, 765Mb)
Check /work/output/en/tbl_bck1011001.png                                                             (00:00.000 / 02:26.726, 765Mb)
.Check /work/output/en/tbl_bck10110010.png                                                            (00:00.000 / 02:26.727, 765Mb)
Check /work/output/en/tbl_bck101101.png                                                              (00:00.000 / 02:26.727, 765Mb)
Check /work/output/en/tbl_bck1011010.png                                                             (00:00.000 / 02:26.727, 765Mb)
Check /work/output/en/tbl_bck10111.png                                                               (00:00.000 / 02:26.728, 765Mb)
Check /work/output/en/tbl_bck101110.png                                                              (00:00.000 / 02:26.728, 765Mb)
Check /work/output/en/tbl_bck1011100.png                                                             (00:00.000 / 02:26.728, 765Mb)
Check /work/output/en/tbl_bck101111.png                                                              (00:00.000 / 02:26.729, 765Mb)
Check /work/output/en/tbl_bck1011110.png                                                             (00:00.000 / 02:26.729, 765Mb)
Check /work/output/en/tbl_bck1024.png                                                                (00:00.000 / 02:26.730, 765Mb)
Check /work/output/en/tbl_bck10240.png                                                               (00:00.000 / 02:26.730, 765Mb)
Check /work/output/en/tbl_bck1025.png                                                                (00:00.000 / 02:26.730, 765Mb)
Check /work/output/en/tbl_bck10250.png                                                               (00:00.000 / 02:26.731, 765Mb)
Check /work/output/en/tbl_bck103.png                                                                 (00:00.000 / 02:26.731, 765Mb)
Check /work/output/en/tbl_bck104.png                                                                 (00:00.000 / 02:26.731, 765Mb)
Check /work/output/en/tbl_bck1040.png                                                                (00:00.000 / 02:26.732, 765Mb)
Check /work/output/en/tbl_bck105.png                                                                 (00:00.000 / 02:26.732, 765Mb)
Check /work/output/en/tbl_bck1050.png                                                                (00:00.000 / 02:26.732, 765Mb)
Check /work/output/en/tbl_bck11.png                                                                  (00:00.000 / 02:26.733, 765Mb)
Check /work/output/en/tbl_bck110.png                                                                 (00:00.000 / 02:26.733, 765Mb)
Check /work/output/en/tbl_bck1100.png                                                                (00:00.000 / 02:26.734, 765Mb)
Check /work/output/en/tbl_bck11000.png                                                               (00:00.000 / 02:26.734, 765Mb)
Check /work/output/en/tbl_bck110000.png                                                              (00:00.000 / 02:26.734, 765Mb)
Check /work/output/en/tbl_bck11001.png                                                               (00:00.000 / 02:26.735, 765Mb)
Check /work/output/en/tbl_bck110010.png                                                              (00:00.000 / 02:26.735, 765Mb)
Check /work/output/en/tbl_bck1101.png                                                                (00:00.000 / 02:26.735, 765Mb)
Check /work/output/en/tbl_bck11010.png                                                               (00:00.000 / 02:26.736, 765Mb)
Check /work/output/en/tbl_bck110100.png                                                              (00:00.000 / 02:26.737, 765Mb)
Check /work/output/en/tbl_bck11011.png                                                               (00:00.001 / 02:26.738, 765Mb)
Check /work/output/en/tbl_bck110110.png                                                              (00:00.000 / 02:26.738, 765Mb)
Check /work/output/en/tbl_bck111.png                                                                 (00:00.000 / 02:26.738, 765Mb)
Check /work/output/en/tbl_bck1110.png                                                                (00:00.000 / 02:26.739, 765Mb)
Check /work/output/en/tbl_bck11100.png                                                               (00:00.000 / 02:26.739, 765Mb)
Check /work/output/en/tbl_bck111000.png                                                              (00:00.000 / 02:26.739, 765Mb)
Check /work/output/en/tbl_bck11101.png                                                               (00:00.000 / 02:26.739, 765Mb)
Check /work/output/en/tbl_bck111010.png                                                              (00:00.000 / 02:26.740, 765Mb)
Check /work/output/en/tbl_bck1111.png                                                                (00:00.000 / 02:26.740, 765Mb)
Check /work/output/en/tbl_bck11110.png                                                               (00:00.000 / 02:26.740, 765Mb)
Check /work/output/en/tbl_bck111100.png                                                              (00:00.000 / 02:26.740, 765Mb)
Check /work/output/en/tbl_bck1111000.png                                                             (00:00.000 / 02:26.741, 765Mb)
Check /work/output/en/tbl_bck111101.png                                                              (00:00.000 / 02:26.741, 765Mb)
Check /work/output/en/tbl_bck1111010.png                                                             (00:00.000 / 02:26.741, 765Mb)
Check /work/output/en/tbl_bck11111.png                                                               (00:00.000 / 02:26.742, 765Mb)
Check /work/output/en/tbl_bck111110.png                                                              (00:00.000 / 02:26.742, 765Mb)
Check /work/output/en/tbl_bck1112.png                                                                (00:00.000 / 02:26.742, 765Mb)
Check /work/output/en/tbl_bck112.png                                                                 (00:00.000 / 02:26.742, 765Mb)
Check /work/output/en/tbl_bck1124.png                                                                (00:00.000 / 02:26.743, 765Mb)
Check /work/output/en/tbl_bck11240.png                                                               (00:00.000 / 02:26.743, 765Mb)
Check /work/output/en/tbl_bck1125.png                                                                (00:00.000 / 02:26.743, 765Mb)
Check /work/output/en/tbl_bck11250.png                                                               (00:00.000 / 02:26.743, 765Mb)
Check /work/output/en/tbl_bck11252.png                                                               (00:00.000 / 02:26.744, 765Mb)
Check /work/output/en/tbl_bck113.png                                                                 (00:00.000 / 02:26.744, 765Mb)
Check /work/output/en/tbl_bck1140.png                                                                (00:00.000 / 02:26.744, 765Mb)
Check /work/output/en/tbl_bck115.png                                                                 (00:00.000 / 02:26.745, 766Mb)
Check /work/output/en/tbl_bck1150.png                                                                (00:00.000 / 02:26.745, 766Mb)
Check /work/output/en/tbl_bck1152.png                                                                (00:00.000 / 02:26.745, 766Mb)
Check /work/output/en/tbl_bck12.png                                                                  (00:00.000 / 02:26.745, 766Mb)
Check /work/output/en/tbl_bck120.png                                                                 (00:00.000 / 02:26.746, 766Mb)
Check /work/output/en/tbl_bck124.png                                                                 (00:00.000 / 02:26.746, 766Mb)
Check /work/output/en/tbl_bck1240.png                                                                (00:00.000 / 02:26.746, 766Mb)
Check /work/output/en/tbl_bck12400.png                                                               (00:00.000 / 02:26.746, 766Mb)
Check /work/output/en/tbl_bck1241.png                                                                (00:00.000 / 02:26.747, 766Mb)
.Check /work/output/en/tbl_bck12410.png                                                               (00:00.000 / 02:26.747, 766Mb)
Check /work/output/en/tbl_bck12424.png                                                               (00:00.000 / 02:26.747, 766Mb)
Check /work/output/en/tbl_bck1243.png                                                                (00:00.000 / 02:26.747, 766Mb)
Check /work/output/en/tbl_bck125.png                                                                 (00:00.000 / 02:26.748, 766Mb)
Check /work/output/en/tbl_bck1250.png                                                                (00:00.000 / 02:26.748, 766Mb)
Check /work/output/en/tbl_bck12500.png                                                               (00:00.000 / 02:26.748, 766Mb)
Check /work/output/en/tbl_bck1251.png                                                                (00:00.000 / 02:26.748, 766Mb)
Check /work/output/en/tbl_bck12510.png                                                               (00:00.000 / 02:26.749, 766Mb)
Check /work/output/en/tbl_bck125100.png                                                              (00:00.000 / 02:26.749, 766Mb)
Check /work/output/en/tbl_bck12511.png                                                               (00:00.000 / 02:26.749, 766Mb)
Check /work/output/en/tbl_bck125110.png                                                              (00:00.000 / 02:26.750, 766Mb)
Check /work/output/en/tbl_bck12512.png                                                               (00:00.000 / 02:26.750, 766Mb)
Check /work/output/en/tbl_bck1252.png                                                                (00:00.000 / 02:26.750, 766Mb)
Check /work/output/en/tbl_bck1252400.png                                                             (00:00.000 / 02:26.750, 766Mb)
Check /work/output/en/tbl_bck125241.png                                                              (00:00.000 / 02:26.751, 766Mb)
Check /work/output/en/tbl_bck1252410.png                                                             (00:00.000 / 02:26.751, 766Mb)
Check /work/output/en/tbl_bck1252412.png                                                             (00:00.000 / 02:26.751, 766Mb)
Check /work/output/en/tbl_bck12525.png                                                               (00:00.000 / 02:26.751, 766Mb)
Check /work/output/en/tbl_bck125250.png                                                              (00:00.000 / 02:26.752, 766Mb)
Check /work/output/en/tbl_bck125252.png                                                              (00:00.000 / 02:26.752, 766Mb)
Check /work/output/en/tbl_bck1253.png                                                                (00:00.000 / 02:26.752, 766Mb)
Check /work/output/en/tbl_bck125340.png                                                              (00:00.000 / 02:26.753, 766Mb)
Check /work/output/en/tbl_bck12535.png                                                               (00:00.000 / 02:26.753, 766Mb)
Check /work/output/en/tbl_bck125350.png                                                              (00:00.000 / 02:26.753, 766Mb)
Check /work/output/en/tbl_bck125352.png                                                              (00:00.000 / 02:26.753, 766Mb)
Check /work/output/en/tbl_bck13.png                                                                  (00:00.000 / 02:26.754, 766Mb)
Check /work/output/en/tbl_bck130.png                                                                 (00:00.000 / 02:26.754, 766Mb)
Check /work/output/en/tbl_bck1320.png                                                                (00:00.000 / 02:26.754, 766Mb)
Check /work/output/en/tbl_bck133.png                                                                 (00:00.000 / 02:26.755, 766Mb)
Check /work/output/en/tbl_bck1330.png                                                                (00:00.000 / 02:26.755, 766Mb)
Check /work/output/en/tbl_bck134.png                                                                 (00:00.000 / 02:26.755, 766Mb)
Check /work/output/en/tbl_bck1340.png                                                                (00:00.000 / 02:26.755, 766Mb)
Check /work/output/en/tbl_bck13400.png                                                               (00:00.000 / 02:26.756, 766Mb)
Check /work/output/en/tbl_bck1341.png                                                                (00:00.000 / 02:26.756, 766Mb)
Check /work/output/en/tbl_bck13410.png                                                               (00:00.000 / 02:26.756, 766Mb)
Check /work/output/en/tbl_bck135.png                                                                 (00:00.000 / 02:26.756, 766Mb)
Check /work/output/en/tbl_bck1350.png                                                                (00:00.000 / 02:26.757, 766Mb)
Check /work/output/en/tbl_bck13500.png                                                               (00:00.000 / 02:26.757, 766Mb)
Check /work/output/en/tbl_bck1351.png                                                                (00:00.000 / 02:26.757, 766Mb)
Check /work/output/en/tbl_bck13510.png                                                               (00:00.000 / 02:26.757, 766Mb)
Check /work/output/en/tbl_bck13512.png                                                               (00:00.000 / 02:26.758, 766Mb)
Check /work/output/en/tbl_bck1352.png                                                                (00:00.000 / 02:26.758, 766Mb)
Check /work/output/en/tbl_bck14.png                                                                  (00:00.000 / 02:26.758, 766Mb)
Check /work/output/en/tbl_bck140.png                                                                 (00:00.000 / 02:26.758, 766Mb)
Check /work/output/en/tbl_bck1400.png                                                                (00:00.000 / 02:26.759, 766Mb)
Check /work/output/en/tbl_bck141.png                                                                 (00:00.000 / 02:26.759, 766Mb)
Check /work/output/en/tbl_bck1410.png                                                                (00:00.000 / 02:26.759, 766Mb)
Check /work/output/en/tbl_bck1424.png                                                                (00:00.000 / 02:26.759, 766Mb)
Check /work/output/en/tbl_bck143.png                                                                 (00:00.000 / 02:26.760, 766Mb)
Check /work/output/en/tbl_bck144.png                                                                 (00:00.000 / 02:26.760, 766Mb)
Check /work/output/en/tbl_bck15.png                                                                  (00:00.000 / 02:26.760, 766Mb)
Check /work/output/en/tbl_bck150.png                                                                 (00:00.000 / 02:26.761, 766Mb)
Check /work/output/en/tbl_bck1500.png                                                                (00:00.000 / 02:26.761, 766Mb)
Check /work/output/en/tbl_bck15040.png                                                               (00:00.000 / 02:26.761, 766Mb)
Check /work/output/en/tbl_bck1505.png                                                                (00:00.000 / 02:26.762, 766Mb)
Check /work/output/en/tbl_bck15050.png                                                               (00:00.000 / 02:26.762, 766Mb)
Check /work/output/en/tbl_bck151.png                                                                 (00:00.000 / 02:26.763, 766Mb)
Check /work/output/en/tbl_bck1510.png                                                                (00:00.000 / 02:26.764, 766Mb)
Check /work/output/en/tbl_bck1512.png                                                                (00:00.000 / 02:26.764, 766Mb)
Check /work/output/en/tbl_bck15140.png                                                               (00:00.000 / 02:26.764, 766Mb)
Check /work/output/en/tbl_bck1515.png                                                                (00:00.000 / 02:26.764, 766Mb)
.Check /work/output/en/tbl_bck15150.png                                                               (00:00.000 / 02:26.765, 766Mb)
Check /work/output/en/tbl_bck15152.png                                                               (00:00.000 / 02:26.765, 766Mb)
Check /work/output/en/tbl_bck152.png                                                                 (00:00.000 / 02:26.765, 766Mb)
Check /work/output/en/tbl_bck1540.png                                                                (00:00.000 / 02:26.765, 766Mb)
Check /work/output/en/tbl_bck15424.png                                                               (00:00.000 / 02:26.766, 766Mb)
Check /work/output/en/tbl_bck1543.png                                                                (00:00.000 / 02:26.766, 766Mb)
Check /work/output/en/tbl_bck155.png                                                                 (00:00.000 / 02:26.766, 766Mb)
Check /work/output/en/tbl_bck1550.png                                                                (00:00.000 / 02:26.766, 766Mb)
Check /work/output/en/tbl_bck1552.png                                                                (00:00.000 / 02:26.767, 766Mb)
Check /work/output/en/tbl_blank.png                                                                  (00:00.000 / 02:26.767, 766Mb)
Check /work/output/en/tbl_spacer.png                                                                 (00:00.000 / 02:26.767, 766Mb)
Check /work/output/en/tbl_vjoin-closed.png                                                           (00:00.000 / 02:26.767, 766Mb)
Check /work/output/en/tbl_vjoin-open.png                                                             (00:00.000 / 02:26.768, 766Mb)
Check /work/output/en/tbl_vjoin.png                                                                  (00:00.000 / 02:26.768, 766Mb)
Check /work/output/en/tbl_vjoin_end-closed.png                                                       (00:00.000 / 02:26.768, 766Mb)
Check /work/output/en/tbl_vjoin_end-open.png                                                         (00:00.000 / 02:26.769, 766Mb)
Check /work/output/en/tbl_vjoin_end.png                                                              (00:00.000 / 02:26.769, 766Mb)
Check /work/output/en/tbl_vjoin_end_slice-closed.png                                                 (00:00.000 / 02:26.769, 766Mb)
Check /work/output/en/tbl_vjoin_end_slice-open.png                                                   (00:00.000 / 02:26.769, 766Mb)
Check /work/output/en/tbl_vjoin_end_slice.png                                                        (00:00.000 / 02:26.770, 766Mb)
Check /work/output/en/tbl_vjoin_end_slicer-closed.png                                                (00:00.000 / 02:26.770, 766Mb)
Check /work/output/en/tbl_vjoin_end_slicer-open.png                                                  (00:00.000 / 02:26.770, 766Mb)
Check /work/output/en/tbl_vjoin_end_slicer.png                                                       (00:00.000 / 02:26.770, 766Mb)
Check /work/output/en/tbl_vjoin_slice-closed.png                                                     (00:00.000 / 02:26.771, 766Mb)
Check /work/output/en/tbl_vjoin_slice-open.png                                                       (00:00.000 / 02:26.771, 766Mb)
Check /work/output/en/tbl_vjoin_slice.png                                                            (00:00.000 / 02:26.771, 766Mb)
Check /work/output/en/tbl_vjoin_slicer-closed.png                                                    (00:00.000 / 02:26.771, 766Mb)
Check /work/output/en/tbl_vjoin_slicer-open.png                                                      (00:00.000 / 02:26.772, 766Mb)
Check /work/output/en/tbl_vjoin_slicer.png                                                           (00:00.000 / 02:26.772, 766Mb)
Check /work/output/en/tbl_vline.png                                                                  (00:00.000 / 02:26.772, 766Mb)
Check /work/output/en/tbl_vline_slice.png                                                            (00:00.000 / 02:26.772, 766Mb)
Check /work/output/en/tbl_vline_slicer.png                                                           (00:00.000 / 02:26.773, 766Mb)
Check /work/output/en/toc.html                                                                       (00:00.000 / 02:26.773, 766Mb)
Check /work/output/en/translationinfo.html                                                           (00:00.010 / 02:26.784, 783Mb)
Check /work/output/en/translationinfo.md                                                             (00:00.008 / 02:26.793, 791Mb)
Check /work/output/en/tree-filter.png                                                                (00:00.000 / 02:26.793, 791Mb)
Check /work/output/en/uml-diagrams.html                                                              (00:00.000 / 02:26.793, 791Mb)
Check /work/output/en/uml-diagrams.md                                                                (00:00.012 / 02:26.806, 801Mb)
Check /work/output/en/value-sets.html                                                                (00:00.000 / 02:26.806, 801Mb)
Check /work/output/en/value-sets.md                                                                  (00:00.009 / 02:26.815, 809Mb)
Check /work/output/en/version-history.html                                                           (00:00.000 / 02:26.816, 809Mb)
Check /work/output/en/version-history.md                                                             (00:00.011 / 02:26.827, 822Mb)
Check /work/output/examples.html                                                                     (00:00.000 / 02:26.827, 822Mb)
Check /work/output/examples.json.zip                                                                 (00:00.000 / 02:26.828, 822Mb)
Check /work/output/examples.xml.zip                                                                  (00:00.000 / 02:26.829, 822Mb)
Check /work/output/excels.zip                                                                        (00:00.000 / 02:26.829, 822Mb)
Check /work/output/expansions.json                                                                   (00:00.002 / 02:26.831, 823Mb)
Check /work/output/expansions.json.zip                                                               (00:00.003 / 02:26.835, 824Mb)
Check /work/output/expansions.xml                                                                    (00:00.001 / 02:26.837, 824Mb)
Check /work/output/expansions.xml.zip                                                                (00:00.002 / 02:26.839, 827Mb)
Check /work/output/external.png                                                                      (00:00.000 / 02:26.840, 827Mb)
Check /work/output/fhir-table-scripts.js                                                             (00:00.000 / 02:26.840, 827Mb)
Check /work/output/fhir.css                                                                          (00:00.000 / 02:26.840, 827Mb)
Check /work/output/frageboegen.html                                                                  (00:00.000 / 02:26.841, 827Mb)
Check /work/output/guidance.html                                                                     (00:00.000 / 02:26.841, 827Mb)
Check /work/output/help.png                                                                          (00:00.000 / 02:26.842, 827Mb)
Check /work/output/icon-administration.png                                                           (00:00.000 / 02:26.842, 827Mb)
Check /work/output/icon-change-add.png                                                               (00:00.000 / 02:26.843, 827Mb)
Check /work/output/icon-change-edit.png                                                              (00:00.000 / 02:26.843, 827Mb)
Check /work/output/icon-change-remove.png                                                            (00:00.000 / 02:26.843, 827Mb)
Check /work/output/icon-clinical.png                                                                 (00:00.000 / 02:26.843, 827Mb)
.Check /work/output/icon-dictionary.png                                                               (00:00.000 / 02:26.844, 828Mb)
Check /work/output/icon-directory.gif                                                                (00:00.000 / 02:26.845, 828Mb)
Check /work/output/icon-documentation.png                                                            (00:00.000 / 02:26.845, 828Mb)
Check /work/output/icon-error.gif                                                                    (00:00.000 / 02:26.845, 828Mb)
Check /work/output/icon-example.png                                                                  (00:00.000 / 02:26.846, 828Mb)
Check /work/output/icon-fhir-1024.png                                                                (00:00.000 / 02:26.846, 828Mb)
Check /work/output/icon-fhir-128.png                                                                 (00:00.001 / 02:26.848, 829Mb)
Check /work/output/icon-fhir-16-grey.png                                                             (00:00.000 / 02:26.848, 829Mb)
Check /work/output/icon-fhir-16.png                                                                  (00:00.000 / 02:26.848, 829Mb)
Check /work/output/icon-fhir-24.png                                                                  (00:00.000 / 02:26.848, 829Mb)
Check /work/output/icon-fhir-32.png                                                                  (00:00.000 / 02:26.849, 829Mb)
Check /work/output/icon-fhir-48.png                                                                  (00:00.000 / 02:26.849, 829Mb)
Check /work/output/icon-fhir-64.png                                                                  (00:00.000 / 02:26.850, 829Mb)
Check /work/output/icon-fhir-720.png                                                                 (00:00.000 / 02:26.850, 829Mb)
Check /work/output/icon-implementation.png                                                           (00:00.000 / 02:26.850, 829Mb)
Check /work/output/icon-include.png                                                                  (00:00.000 / 02:26.851, 830Mb)
Check /work/output/icon-infrastructure.png                                                           (00:00.000 / 02:26.851, 830Mb)
Check /work/output/icon-key.png                                                                      (00:00.000 / 02:26.852, 830Mb)
Check /work/output/icon-list.gif                                                                     (00:00.000 / 02:26.853, 830Mb)
Check /work/output/icon-not-selected.png                                                             (00:00.000 / 02:26.853, 830Mb)
Check /work/output/icon-object-box.png                                                               (00:00.000 / 02:26.853, 830Mb)
Check /work/output/icon-page.png                                                                     (00:00.000 / 02:26.853, 830Mb)
Check /work/output/icon-q-attachment.png                                                             (00:00.000 / 02:26.854, 830Mb)
Check /work/output/icon-q-boolean.png                                                                (00:00.000 / 02:26.854, 830Mb)
Check /work/output/icon-q-choice.png                                                                 (00:00.000 / 02:26.854, 830Mb)
Check /work/output/icon-q-coding.png                                                                 (00:00.000 / 02:26.854, 830Mb)
Check /work/output/icon-q-date.png                                                                   (00:00.000 / 02:26.855, 830Mb)
Check /work/output/icon-q-datetime.png                                                               (00:00.000 / 02:26.855, 830Mb)
Check /work/output/icon-q-decimal.png                                                                (00:00.000 / 02:26.855, 830Mb)
Check /work/output/icon-q-display.png                                                                (00:00.000 / 02:26.855, 830Mb)
Check /work/output/icon-q-group.png                                                                  (00:00.000 / 02:26.856, 830Mb)
Check /work/output/icon-q-integer.png                                                                (00:00.000 / 02:26.856, 830Mb)
Check /work/output/icon-q-item.png                                                                   (00:00.000 / 02:26.856, 830Mb)
Check /work/output/icon-q-open-choice.png                                                            (00:00.000 / 02:26.856, 830Mb)
Check /work/output/icon-q-quantity.png                                                               (00:00.000 / 02:26.857, 830Mb)
Check /work/output/icon-q-reference.png                                                              (00:00.000 / 02:26.857, 830Mb)
Check /work/output/icon-q-string.png                                                                 (00:00.000 / 02:26.857, 830Mb)
Check /work/output/icon-q-text.png                                                                   (00:00.000 / 02:26.858, 830Mb)
Check /work/output/icon-q-time.png                                                                   (00:00.000 / 02:26.858, 830Mb)
Check /work/output/icon-q-url.png                                                                    (00:00.000 / 02:26.858, 830Mb)
Check /work/output/icon-qi-help.png                                                                  (00:00.000 / 02:26.859, 830Mb)
Check /work/output/icon-qi-hidden.png                                                                (00:00.000 / 02:26.859, 830Mb)
Check /work/output/icon-qi-horizontal.png                                                            (00:00.000 / 02:26.859, 830Mb)
Check /work/output/icon-qi-instructions.png                                                          (00:00.000 / 02:26.859, 830Mb)
Check /work/output/icon-qi-observation.png                                                           (00:00.000 / 02:26.860, 830Mb)
Check /work/output/icon-qi-optional.png                                                              (00:00.000 / 02:26.860, 830Mb)
Check /work/output/icon-qi-readonly.png                                                              (00:00.000 / 02:26.860, 830Mb)
Check /work/output/icon-qi-security.bmp                                                              (00:00.000 / 02:26.861, 830Mb)
Check /work/output/icon-qi-security.png                                                              (00:00.000 / 02:26.861, 830Mb)
Check /work/output/icon-qi-subject.png                                                               (00:00.000 / 02:26.861, 830Mb)
Check /work/output/icon-qi-vertical.png                                                              (00:00.000 / 02:26.862, 830Mb)
Check /work/output/icon-resource.png                                                                 (00:00.000 / 02:26.862, 830Mb)
Check /work/output/icon-selected.png                                                                 (00:00.000 / 02:26.862, 830Mb)
Check /work/output/icon-toc.png                                                                      (00:00.000 / 02:26.863, 830Mb)
Check /work/output/icon-type-operation.png                                                           (00:00.000 / 02:26.863, 830Mb)
Check /work/output/icon-warning.png                                                                  (00:00.000 / 02:26.864, 830Mb)
Check /work/output/icon_bundle.png                                                                   (00:00.000 / 02:26.864, 830Mb)
Check /work/output/icon_choice.gif                                                                   (00:00.000 / 02:26.864, 830Mb)
Check /work/output/icon_datatype.gif                                                                 (00:00.000 / 02:26.865, 830Mb)
Check /work/output/icon_element.gif                                                                  (00:00.000 / 02:26.865, 830Mb)
Check /work/output/icon_entry_blue.png                                                               (00:00.000 / 02:26.865, 830Mb)
.Check /work/output/icon_extension.png                                                                (00:00.000 / 02:26.866, 830Mb)
Check /work/output/icon_extension_complex.png                                                        (00:00.000 / 02:26.866, 830Mb)
Check /work/output/icon_extension_simple.png                                                         (00:00.000 / 02:26.867, 830Mb)
Check /work/output/icon_fixed.gif                                                                    (00:00.000 / 02:26.867, 830Mb)
Check /work/output/icon_group.png                                                                    (00:00.000 / 02:26.868, 830Mb)
Check /work/output/icon_latest.png                                                                   (00:00.000 / 02:26.868, 830Mb)
Check /work/output/icon_modifier_extension_complex.png                                               (00:00.000 / 02:26.868, 831Mb)
Check /work/output/icon_modifier_extension_simple.png                                                (00:00.000 / 02:26.869, 831Mb)
Check /work/output/icon_page-child.gif                                                               (00:00.000 / 02:26.869, 831Mb)
Check /work/output/icon_page.gif                                                                     (00:00.000 / 02:26.869, 831Mb)
Check /work/output/icon_page_n.gif                                                                   (00:00.000 / 02:26.870, 831Mb)
Check /work/output/icon_page_n_c.gif                                                                 (00:00.000 / 02:26.870, 831Mb)
Check /work/output/icon_page_n_i.gif                                                                 (00:00.000 / 02:26.870, 831Mb)
Check /work/output/icon_page_n_o.gif                                                                 (00:00.000 / 02:26.871, 831Mb)
Check /work/output/icon_page_n_p.gif                                                                 (00:00.000 / 02:26.871, 831Mb)
Check /work/output/icon_primitive.png                                                                (00:00.000 / 02:26.871, 831Mb)
Check /work/output/icon_profile.png                                                                  (00:00.000 / 02:26.872, 831Mb)
Check /work/output/icon_q_item.png                                                                   (00:00.000 / 02:26.872, 831Mb)
Check /work/output/icon_q_root.gif                                                                   (00:00.000 / 02:26.872, 831Mb)
Check /work/output/icon_reference.png                                                                (00:00.000 / 02:26.873, 831Mb)
Check /work/output/icon_resource.png                                                                 (00:00.000 / 02:26.873, 831Mb)
Check /work/output/icon_reuse.png                                                                    (00:00.000 / 02:26.874, 831Mb)
Check /work/output/icon_slice.png                                                                    (00:00.000 / 02:26.874, 831Mb)
Check /work/output/icon_slice_item.png                                                               (00:00.000 / 02:26.874, 831Mb)
Check /work/output/icon_text.png                                                                     (00:00.000 / 02:26.875, 831Mb)
Check /work/output/icon_vd_col.png                                                                   (00:00.000 / 02:26.875, 831Mb)
Check /work/output/icon_vd_foreach.png                                                               (00:00.000 / 02:26.876, 831Mb)
Check /work/output/icon_vd_select.png                                                                (00:00.000 / 02:26.876, 831Mb)
Check /work/output/icon_vd_union.png                                                                 (00:00.000 / 02:26.876, 831Mb)
Check /work/output/icon_vd_view.png                                                                  (00:00.000 / 02:26.877, 831Mb)
Check /work/output/implementer-guidance.html                                                         (00:00.000 / 02:26.877, 831Mb)
Check /work/output/index.html                                                                        (00:00.000 / 02:26.878, 831Mb)
Check /work/output/information-model_UML-Diagramm_MII-spez.png                                       (00:00.000 / 02:26.878, 831Mb)
Check /work/output/information.png                                                                   (00:00.003 / 02:26.882, 832Mb)
Check /work/output/link.svg                                                                          (00:00.000 / 02:26.882, 832Mb)
Check /work/output/llms.txt                                                                          (00:00.000 / 02:26.882, 833Mb)
Check /work/output/lock.png                                                                          (00:00.000 / 02:26.883, 833Mb)
Check /work/output/logical-models.html                                                               (00:00.000 / 02:26.883, 833Mb)
Check /work/output/mii-cap-consent-server.openapi.json                                               (00:00.000 / 02:26.883, 833Mb)
Check /work/output/modifier.png                                                                      (00:00.000 / 02:26.884, 833Mb)
Check /work/output/mustsupport.png                                                                   (00:00.000 / 02:26.884, 833Mb)
Check /work/output/new.png                                                                           (00:00.000 / 02:26.884, 833Mb)
Check /work/output/observations-summary.xlsx                                                         (00:00.000 / 02:26.885, 833Mb)
Check /work/output/package.db                                                                        (00:00.000 / 02:26.885, 833Mb)
Check /work/output/package.manifest.json                                                             (00:00.016 / 02:26.901, 845Mb)
Check /work/output/package.r4.manifest.json                                                          (00:00.000 / 02:26.902, 845Mb)
Check /work/output/package.r4.tgz                                                                    (00:00.000 / 02:26.902, 845Mb)
Check /work/output/package.r4b.manifest.json                                                         (00:00.001 / 02:26.903, 845Mb)
Check /work/output/package.r4b.tgz                                                                   (00:00.000 / 02:26.904, 845Mb)
Check /work/output/package.tgz                                                                       (00:00.001 / 02:26.905, 846Mb)
Check /work/output/prism.css                                                                         (00:00.001 / 02:26.907, 846Mb)
Check /work/output/prism.js                                                                          (00:00.000 / 02:26.907, 846Mb)
Check /work/output/profiles.html                                                                     (00:00.003 / 02:26.910, 849Mb)
Check /work/output/schematrons.zip                                                                   (00:00.000 / 02:26.911, 849Mb)
Check /work/output/search-parameters.html                                                            (00:00.000 / 02:26.911, 849Mb)
Check /work/output/searchform.html                                                                   (00:00.000 / 02:26.912, 850Mb)
Check /work/output/security-and-privacy.html                                                         (00:00.001 / 02:26.913, 852Mb)
Check /work/output/sub-package-list.json                                                             (00:00.000 / 02:26.913, 852Mb)
Check /work/output/summary.png                                                                       (00:00.000 / 02:26.914, 852Mb)
Check /work/output/target.png                                                                        (00:00.000 / 02:26.914, 852Mb)
Check /work/output/tbl-closed.png                                                                    (00:00.000 / 02:26.914, 852Mb)
.Check /work/output/tbl-open.png                                                                      (00:00.000 / 02:26.915, 852Mb)
Check /work/output/tbl_bck0.png                                                                      (00:00.000 / 02:26.915, 852Mb)
Check /work/output/tbl_bck00.png                                                                     (00:00.000 / 02:26.915, 852Mb)
Check /work/output/tbl_bck000.png                                                                    (00:00.000 / 02:26.915, 852Mb)
Check /work/output/tbl_bck0000.png                                                                   (00:00.000 / 02:26.916, 852Mb)
Check /work/output/tbl_bck00000.png                                                                  (00:00.000 / 02:26.916, 852Mb)
Check /work/output/tbl_bck000000.png                                                                 (00:00.000 / 02:26.916, 852Mb)
Check /work/output/tbl_bck0000000.png                                                                (00:00.000 / 02:26.916, 852Mb)
Check /work/output/tbl_bck000001.png                                                                 (00:00.000 / 02:26.917, 852Mb)
Check /work/output/tbl_bck0000010.png                                                                (00:00.000 / 02:26.917, 852Mb)
Check /work/output/tbl_bck00001.png                                                                  (00:00.000 / 02:26.918, 852Mb)
Check /work/output/tbl_bck000010.png                                                                 (00:00.000 / 02:26.918, 852Mb)
Check /work/output/tbl_bck0000100.png                                                                (00:00.000 / 02:26.918, 852Mb)
Check /work/output/tbl_bck000010000.png                                                              (00:00.000 / 02:26.919, 852Mb)
Check /work/output/tbl_bck00001001.png                                                               (00:00.000 / 02:26.919, 852Mb)
Check /work/output/tbl_bck000010010.png                                                              (00:00.000 / 02:26.919, 852Mb)
Check /work/output/tbl_bck0000101.png                                                                (00:00.000 / 02:26.920, 852Mb)
Check /work/output/tbl_bck00001010.png                                                               (00:00.000 / 02:26.920, 852Mb)
Check /work/output/tbl_bck000011.png                                                                 (00:00.000 / 02:26.921, 852Mb)
Check /work/output/tbl_bck0000110.png                                                                (00:00.000 / 02:26.921, 852Mb)
Check /work/output/tbl_bck00001100.png                                                               (00:00.000 / 02:26.922, 852Mb)
Check /work/output/tbl_bck0000111.png                                                                (00:00.000 / 02:26.922, 852Mb)
Check /work/output/tbl_bck00001110.png                                                               (00:00.000 / 02:26.923, 852Mb)
Check /work/output/tbl_bck000011100.png                                                              (00:00.000 / 02:26.923, 852Mb)
Check /work/output/tbl_bck0000111000.png                                                             (00:00.000 / 02:26.924, 852Mb)
Check /work/output/tbl_bck00001110000.png                                                            (00:00.000 / 02:26.924, 852Mb)
Check /work/output/tbl_bck0000111001.png                                                             (00:00.000 / 02:26.924, 852Mb)
Check /work/output/tbl_bck00001110010.png                                                            (00:00.000 / 02:26.924, 852Mb)
Check /work/output/tbl_bck000011101.png                                                              (00:00.000 / 02:26.925, 852Mb)
Check /work/output/tbl_bck0000111010.png                                                             (00:00.000 / 02:26.925, 852Mb)
Check /work/output/tbl_bck00001110100.png                                                            (00:00.000 / 02:26.925, 852Mb)
Check /work/output/tbl_bck0000111011.png                                                             (00:00.000 / 02:26.925, 852Mb)
Check /work/output/tbl_bck00001110110.png                                                            (00:00.000 / 02:26.926, 852Mb)
Check /work/output/tbl_bck00001111.png                                                               (00:00.000 / 02:26.926, 852Mb)
Check /work/output/tbl_bck000011110.png                                                              (00:00.000 / 02:26.926, 852Mb)
Check /work/output/tbl_bck0000111100.png                                                             (00:00.000 / 02:26.927, 852Mb)
Check /work/output/tbl_bck000011110000.png                                                           (00:00.000 / 02:26.927, 852Mb)
Check /work/output/tbl_bck00001111001.png                                                            (00:00.000 / 02:26.927, 852Mb)
Check /work/output/tbl_bck000011110010.png                                                           (00:00.000 / 02:26.927, 852Mb)
Check /work/output/tbl_bck0000111101.png                                                             (00:00.000 / 02:26.928, 852Mb)
Check /work/output/tbl_bck00001111010.png                                                            (00:00.000 / 02:26.928, 852Mb)
Check /work/output/tbl_bck000011111.png                                                              (00:00.000 / 02:26.928, 852Mb)
Check /work/output/tbl_bck0000111110.png                                                             (00:00.000 / 02:26.928, 852Mb)
Check /work/output/tbl_bck00001111100.png                                                            (00:00.000 / 02:26.929, 852Mb)
Check /work/output/tbl_bck000011111000.png                                                           (00:00.000 / 02:26.929, 852Mb)
Check /work/output/tbl_bck00001111101.png                                                            (00:00.000 / 02:26.929, 852Mb)
Check /work/output/tbl_bck000011111010.png                                                           (00:00.000 / 02:26.930, 852Mb)
Check /work/output/tbl_bck0000111110100.png                                                          (00:00.000 / 02:26.930, 852Mb)
Check /work/output/tbl_bck000011111011.png                                                           (00:00.000 / 02:26.930, 852Mb)
Check /work/output/tbl_bck0000111110110.png                                                          (00:00.000 / 02:26.930, 852Mb)
Check /work/output/tbl_bck0000111111.png                                                             (00:00.000 / 02:26.931, 852Mb)
Check /work/output/tbl_bck00001111110.png                                                            (00:00.000 / 02:26.931, 852Mb)
Check /work/output/tbl_bck000011111100.png                                                           (00:00.000 / 02:26.931, 852Mb)
Check /work/output/tbl_bck00001111111.png                                                            (00:00.000 / 02:26.932, 852Mb)
Check /work/output/tbl_bck000011111110.png                                                           (00:00.000 / 02:26.932, 852Mb)
Check /work/output/tbl_bck0001.png                                                                   (00:00.000 / 02:26.933, 852Mb)
Check /work/output/tbl_bck00010.png                                                                  (00:00.000 / 02:26.933, 852Mb)
Check /work/output/tbl_bck000100.png                                                                 (00:00.000 / 02:26.933, 852Mb)
Check /work/output/tbl_bck00011.png                                                                  (00:00.000 / 02:26.934, 852Mb)
Check /work/output/tbl_bck000110.png                                                                 (00:00.000 / 02:26.934, 852Mb)
Check /work/output/tbl_bck001.png                                                                    (00:00.000 / 02:26.934, 852Mb)
.Check /work/output/tbl_bck0010.png                                                                   (00:00.000 / 02:26.935, 852Mb)
Check /work/output/tbl_bck00100.png                                                                  (00:00.000 / 02:26.935, 852Mb)
Check /work/output/tbl_bck001000.png                                                                 (00:00.000 / 02:26.935, 852Mb)
Check /work/output/tbl_bck0010000.png                                                                (00:00.000 / 02:26.936, 852Mb)
Check /work/output/tbl_bck001001.png                                                                 (00:00.000 / 02:26.936, 852Mb)
Check /work/output/tbl_bck0010010.png                                                                (00:00.000 / 02:26.936, 852Mb)
Check /work/output/tbl_bck00101.png                                                                  (00:00.000 / 02:26.937, 852Mb)
Check /work/output/tbl_bck001010.png                                                                 (00:00.000 / 02:26.937, 852Mb)
Check /work/output/tbl_bck0011.png                                                                   (00:00.000 / 02:26.937, 852Mb)
Check /work/output/tbl_bck00110.png                                                                  (00:00.000 / 02:26.937, 852Mb)
Check /work/output/tbl_bck001100.png                                                                 (00:00.000 / 02:26.938, 852Mb)
Check /work/output/tbl_bck00111.png                                                                  (00:00.000 / 02:26.938, 852Mb)
Check /work/output/tbl_bck001110.png                                                                 (00:00.000 / 02:26.938, 852Mb)
Check /work/output/tbl_bck001112.png                                                                 (00:00.000 / 02:26.938, 852Mb)
Check /work/output/tbl_bck00112.png                                                                  (00:00.000 / 02:26.939, 852Mb)
Check /work/output/tbl_bck01.png                                                                     (00:00.000 / 02:26.939, 852Mb)
Check /work/output/tbl_bck010.png                                                                    (00:00.000 / 02:26.939, 852Mb)
Check /work/output/tbl_bck0100.png                                                                   (00:00.000 / 02:26.939, 852Mb)
Check /work/output/tbl_bck01000.png                                                                  (00:00.000 / 02:26.940, 852Mb)
Check /work/output/tbl_bck0101.png                                                                   (00:00.000 / 02:26.940, 852Mb)
Check /work/output/tbl_bck01010.png                                                                  (00:00.000 / 02:26.940, 852Mb)
Check /work/output/tbl_bck010100.png                                                                 (00:00.000 / 02:26.941, 852Mb)
Check /work/output/tbl_bck01011.png                                                                  (00:00.000 / 02:26.941, 852Mb)
Check /work/output/tbl_bck010110.png                                                                 (00:00.000 / 02:26.941, 852Mb)
Check /work/output/tbl_bck011.png                                                                    (00:00.000 / 02:26.942, 852Mb)
Check /work/output/tbl_bck0110.png                                                                   (00:00.000 / 02:26.942, 852Mb)
Check /work/output/tbl_bck01100.png                                                                  (00:00.000 / 02:26.942, 852Mb)
Check /work/output/tbl_bck011000.png                                                                 (00:00.000 / 02:26.943, 852Mb)
Check /work/output/tbl_bck0110000.png                                                                (00:00.000 / 02:26.943, 852Mb)
Check /work/output/tbl_bck011001.png                                                                 (00:00.000 / 02:26.943, 852Mb)
Check /work/output/tbl_bck0110010.png                                                                (00:00.000 / 02:26.944, 852Mb)
Check /work/output/tbl_bck01101.png                                                                  (00:00.000 / 02:26.944, 852Mb)
Check /work/output/tbl_bck011010.png                                                                 (00:00.000 / 02:26.944, 852Mb)
Check /work/output/tbl_bck0110100.png                                                                (00:00.000 / 02:26.944, 852Mb)
Check /work/output/tbl_bck011011.png                                                                 (00:00.000 / 02:26.945, 852Mb)
Check /work/output/tbl_bck0110110.png                                                                (00:00.000 / 02:26.945, 852Mb)
Check /work/output/tbl_bck01101100.png                                                               (00:00.000 / 02:26.946, 852Mb)
Check /work/output/tbl_bck0110111.png                                                                (00:00.000 / 02:26.946, 852Mb)
Check /work/output/tbl_bck01101110.png                                                               (00:00.000 / 02:26.946, 852Mb)
Check /work/output/tbl_bck0111.png                                                                   (00:00.000 / 02:26.946, 852Mb)
Check /work/output/tbl_bck01110.png                                                                  (00:00.000 / 02:26.947, 852Mb)
Check /work/output/tbl_bck011100.png                                                                 (00:00.000 / 02:26.947, 852Mb)
Check /work/output/tbl_bck01111.png                                                                  (00:00.000 / 02:26.947, 852Mb)
Check /work/output/tbl_bck011110.png                                                                 (00:00.000 / 02:26.948, 852Mb)
Check /work/output/tbl_bck0111100.png                                                                (00:00.000 / 02:26.948, 852Mb)
Check /work/output/tbl_bck011110000.png                                                              (00:00.000 / 02:26.948, 852Mb)
Check /work/output/tbl_bck01111001.png                                                               (00:00.000 / 02:26.948, 852Mb)
Check /work/output/tbl_bck011110010.png                                                              (00:00.000 / 02:26.949, 852Mb)
Check /work/output/tbl_bck0111101.png                                                                (00:00.000 / 02:26.949, 852Mb)
Check /work/output/tbl_bck01111010.png                                                               (00:00.000 / 02:26.949, 852Mb)
Check /work/output/tbl_bck011111.png                                                                 (00:00.000 / 02:26.950, 852Mb)
Check /work/output/tbl_bck0111110.png                                                                (00:00.000 / 02:26.950, 852Mb)
Check /work/output/tbl_bck0112.png                                                                   (00:00.000 / 02:26.950, 852Mb)
Check /work/output/tbl_bck012.png                                                                    (00:00.000 / 02:26.951, 852Mb)
Check /work/output/tbl_bck01240.png                                                                  (00:00.000 / 02:26.951, 852Mb)
Check /work/output/tbl_bck0125.png                                                                   (00:00.000 / 02:26.952, 852Mb)
Check /work/output/tbl_bck01250.png                                                                  (00:00.000 / 02:26.952, 852Mb)
Check /work/output/tbl_bck01252.png                                                                  (00:00.000 / 02:26.952, 852Mb)
Check /work/output/tbl_bck013.png                                                                    (00:00.000 / 02:26.953, 852Mb)
Check /work/output/tbl_bck0140.png                                                                   (00:00.000 / 02:26.953, 852Mb)
Check /work/output/tbl_bck015.png                                                                    (00:00.000 / 02:26.953, 852Mb)
.Check /work/output/tbl_bck0240.png                                                                   (00:00.000 / 02:26.954, 852Mb)
Check /work/output/tbl_bck02400.png                                                                  (00:00.000 / 02:26.954, 852Mb)
Check /work/output/tbl_bck0241.png                                                                   (00:00.000 / 02:26.955, 853Mb)
Check /work/output/tbl_bck02410.png                                                                  (00:00.000 / 02:26.955, 853Mb)
Check /work/output/tbl_bck025.png                                                                    (00:00.000 / 02:26.955, 853Mb)
Check /work/output/tbl_bck0250.png                                                                   (00:00.000 / 02:26.956, 853Mb)
Check /work/output/tbl_bck02500.png                                                                  (00:00.000 / 02:26.956, 853Mb)
Check /work/output/tbl_bck025000.png                                                                 (00:00.000 / 02:26.957, 853Mb)
Check /work/output/tbl_bck02501.png                                                                  (00:00.000 / 02:26.957, 853Mb)
Check /work/output/tbl_bck025010.png                                                                 (00:00.000 / 02:26.957, 853Mb)
Check /work/output/tbl_bck0250240.png                                                                (00:00.000 / 02:26.958, 853Mb)
Check /work/output/tbl_bck025025.png                                                                 (00:00.000 / 02:26.958, 853Mb)
Check /work/output/tbl_bck0250250.png                                                                (00:00.000 / 02:26.959, 853Mb)
Check /work/output/tbl_bck02503.png                                                                  (00:00.000 / 02:26.959, 853Mb)
Check /work/output/tbl_bck0251.png                                                                   (00:00.000 / 02:26.959, 853Mb)
Check /work/output/tbl_bck02510.png                                                                  (00:00.000 / 02:26.960, 853Mb)
Check /work/output/tbl_bck02512.png                                                                  (00:00.000 / 02:26.960, 853Mb)
Check /work/output/tbl_bck0251240.png                                                                (00:00.000 / 02:26.960, 853Mb)
Check /work/output/tbl_bck025125.png                                                                 (00:00.000 / 02:26.961, 853Mb)
Check /work/output/tbl_bck0251250.png                                                                (00:00.000 / 02:26.961, 853Mb)
Check /work/output/tbl_bck0251252.png                                                                (00:00.000 / 02:26.961, 853Mb)
Check /work/output/tbl_bck02513.png                                                                  (00:00.000 / 02:26.961, 853Mb)
Check /work/output/tbl_bck03.png                                                                     (00:00.000 / 02:26.962, 853Mb)
Check /work/output/tbl_bck0320.png                                                                   (00:00.000 / 02:26.962, 853Mb)
Check /work/output/tbl_bck033.png                                                                    (00:00.000 / 02:26.962, 853Mb)
Check /work/output/tbl_bck0330.png                                                                   (00:00.000 / 02:26.963, 853Mb)
Check /work/output/tbl_bck03300.png                                                                  (00:00.000 / 02:26.963, 853Mb)
Check /work/output/tbl_bck0331.png                                                                   (00:00.000 / 02:26.963, 853Mb)
Check /work/output/tbl_bck03310.png                                                                  (00:00.000 / 02:26.963, 853Mb)
Check /work/output/tbl_bck0340.png                                                                   (00:00.000 / 02:26.964, 853Mb)
Check /work/output/tbl_bck03400.png                                                                  (00:00.000 / 02:26.964, 853Mb)
Check /work/output/tbl_bck0341.png                                                                   (00:00.000 / 02:26.964, 853Mb)
Check /work/output/tbl_bck03410.png                                                                  (00:00.000 / 02:26.964, 853Mb)
Check /work/output/tbl_bck035.png                                                                    (00:00.000 / 02:26.965, 853Mb)
Check /work/output/tbl_bck0350.png                                                                   (00:00.000 / 02:26.965, 853Mb)
Check /work/output/tbl_bck03500.png                                                                  (00:00.000 / 02:26.965, 853Mb)
Check /work/output/tbl_bck0350240.png                                                                (00:00.000 / 02:26.966, 853Mb)
Check /work/output/tbl_bck035025.png                                                                 (00:00.000 / 02:26.966, 853Mb)
Check /work/output/tbl_bck0350250.png                                                                (00:00.000 / 02:26.966, 853Mb)
Check /work/output/tbl_bck03503.png                                                                  (00:00.000 / 02:26.967, 853Mb)
Check /work/output/tbl_bck0351.png                                                                   (00:00.000 / 02:26.967, 853Mb)
Check /work/output/tbl_bck03510.png                                                                  (00:00.000 / 02:26.967, 853Mb)
Check /work/output/tbl_bck03512.png                                                                  (00:00.000 / 02:26.967, 853Mb)
Check /work/output/tbl_bck0351240.png                                                                (00:00.000 / 02:26.968, 853Mb)
Check /work/output/tbl_bck035125.png                                                                 (00:00.000 / 02:26.968, 853Mb)
Check /work/output/tbl_bck0351250.png                                                                (00:00.000 / 02:26.968, 853Mb)
Check /work/output/tbl_bck0351252.png                                                                (00:00.000 / 02:26.969, 853Mb)
Check /work/output/tbl_bck03513.png                                                                  (00:00.000 / 02:26.969, 853Mb)
Check /work/output/tbl_bck04.png                                                                     (00:00.000 / 02:26.969, 853Mb)
Check /work/output/tbl_bck040.png                                                                    (00:00.000 / 02:26.969, 853Mb)
Check /work/output/tbl_bck0400.png                                                                   (00:00.000 / 02:26.970, 853Mb)
Check /work/output/tbl_bck041.png                                                                    (00:00.000 / 02:26.970, 853Mb)
Check /work/output/tbl_bck0410.png                                                                   (00:00.000 / 02:26.970, 853Mb)
Check /work/output/tbl_bck05.png                                                                     (00:00.000 / 02:26.971, 853Mb)
Check /work/output/tbl_bck050.png                                                                    (00:00.000 / 02:26.971, 853Mb)
Check /work/output/tbl_bck0500.png                                                                   (00:00.000 / 02:26.971, 853Mb)
Check /work/output/tbl_bck05040.png                                                                  (00:00.000 / 02:26.971, 853Mb)
Check /work/output/tbl_bck0505.png                                                                   (00:00.000 / 02:26.972, 853Mb)
Check /work/output/tbl_bck05050.png                                                                  (00:00.000 / 02:26.972, 853Mb)
Check /work/output/tbl_bck051.png                                                                    (00:00.000 / 02:26.972, 853Mb)
Check /work/output/tbl_bck0510.png                                                                   (00:00.000 / 02:26.972, 853Mb)
.Check /work/output/tbl_bck0512.png                                                                   (00:00.000 / 02:26.973, 853Mb)
Check /work/output/tbl_bck05140.png                                                                  (00:00.000 / 02:26.973, 853Mb)
Check /work/output/tbl_bck0515.png                                                                   (00:00.000 / 02:26.973, 853Mb)
Check /work/output/tbl_bck05150.png                                                                  (00:00.000 / 02:26.974, 853Mb)
Check /work/output/tbl_bck05152.png                                                                  (00:00.000 / 02:26.974, 853Mb)
Check /work/output/tbl_bck1.png                                                                      (00:00.000 / 02:26.974, 853Mb)
Check /work/output/tbl_bck10.png                                                                     (00:00.000 / 02:26.974, 853Mb)
Check /work/output/tbl_bck100.png                                                                    (00:00.000 / 02:26.975, 853Mb)
Check /work/output/tbl_bck1000.png                                                                   (00:00.000 / 02:26.975, 853Mb)
Check /work/output/tbl_bck10000.png                                                                  (00:00.000 / 02:26.975, 853Mb)
Check /work/output/tbl_bck100000.png                                                                 (00:00.000 / 02:26.976, 853Mb)
Check /work/output/tbl_bck10001.png                                                                  (00:00.000 / 02:26.976, 853Mb)
Check /work/output/tbl_bck100010.png                                                                 (00:00.000 / 02:26.976, 853Mb)
Check /work/output/tbl_bck1001.png                                                                   (00:00.000 / 02:26.977, 853Mb)
Check /work/output/tbl_bck10010.png                                                                  (00:00.000 / 02:26.977, 853Mb)
Check /work/output/tbl_bck100100.png                                                                 (00:00.000 / 02:26.977, 853Mb)
Check /work/output/tbl_bck1001000.png                                                                (00:00.000 / 02:26.978, 853Mb)
Check /work/output/tbl_bck10010000.png                                                               (00:00.000 / 02:26.978, 853Mb)
Check /work/output/tbl_bck1001001.png                                                                (00:00.000 / 02:26.978, 853Mb)
Check /work/output/tbl_bck10010010.png                                                               (00:00.000 / 02:26.979, 853Mb)
Check /work/output/tbl_bck100101.png                                                                 (00:00.000 / 02:26.979, 853Mb)
Check /work/output/tbl_bck1001010.png                                                                (00:00.000 / 02:26.980, 853Mb)
Check /work/output/tbl_bck10011.png                                                                  (00:00.000 / 02:26.980, 853Mb)
Check /work/output/tbl_bck100110.png                                                                 (00:00.000 / 02:26.980, 853Mb)
Check /work/output/tbl_bck101.png                                                                    (00:00.000 / 02:26.981, 853Mb)
Check /work/output/tbl_bck1010.png                                                                   (00:00.000 / 02:26.982, 853Mb)
Check /work/output/tbl_bck10100.png                                                                  (00:00.000 / 02:26.983, 853Mb)
Check /work/output/tbl_bck101000.png                                                                 (00:00.001 / 02:26.984, 853Mb)
Check /work/output/tbl_bck10101.png                                                                  (00:00.000 / 02:26.984, 853Mb)
Check /work/output/tbl_bck101010.png                                                                 (00:00.000 / 02:26.985, 853Mb)
Check /work/output/tbl_bck1011.png                                                                   (00:00.000 / 02:26.985, 853Mb)
Check /work/output/tbl_bck10110.png                                                                  (00:00.000 / 02:26.986, 853Mb)
Check /work/output/tbl_bck101100.png                                                                 (00:00.000 / 02:26.986, 853Mb)
Check /work/output/tbl_bck1011000.png                                                                (00:00.000 / 02:26.986, 853Mb)
Check /work/output/tbl_bck10110000.png                                                               (00:00.000 / 02:26.987, 853Mb)
Check /work/output/tbl_bck1011001.png                                                                (00:00.000 / 02:26.987, 853Mb)
Check /work/output/tbl_bck10110010.png                                                               (00:00.000 / 02:26.988, 853Mb)
Check /work/output/tbl_bck101101.png                                                                 (00:00.000 / 02:26.988, 853Mb)
Check /work/output/tbl_bck1011010.png                                                                (00:00.000 / 02:26.989, 853Mb)
Check /work/output/tbl_bck10111.png                                                                  (00:00.000 / 02:26.989, 853Mb)
Check /work/output/tbl_bck101110.png                                                                 (00:00.000 / 02:26.989, 853Mb)
Check /work/output/tbl_bck1011100.png                                                                (00:00.000 / 02:26.990, 853Mb)
Check /work/output/tbl_bck101111.png                                                                 (00:00.000 / 02:26.990, 853Mb)
Check /work/output/tbl_bck1011110.png                                                                (00:00.000 / 02:26.990, 853Mb)
Check /work/output/tbl_bck1024.png                                                                   (00:00.000 / 02:26.991, 853Mb)
Check /work/output/tbl_bck10240.png                                                                  (00:00.000 / 02:26.991, 853Mb)
Check /work/output/tbl_bck1025.png                                                                   (00:00.000 / 02:26.991, 853Mb)
Check /work/output/tbl_bck10250.png                                                                  (00:00.000 / 02:26.992, 853Mb)
Check /work/output/tbl_bck103.png                                                                    (00:00.000 / 02:26.992, 853Mb)
Check /work/output/tbl_bck104.png                                                                    (00:00.000 / 02:26.992, 853Mb)
Check /work/output/tbl_bck1040.png                                                                   (00:00.000 / 02:26.993, 853Mb)
Check /work/output/tbl_bck105.png                                                                    (00:00.000 / 02:26.993, 853Mb)
Check /work/output/tbl_bck1050.png                                                                   (00:00.000 / 02:26.993, 853Mb)
Check /work/output/tbl_bck11.png                                                                     (00:00.000 / 02:26.993, 853Mb)
Check /work/output/tbl_bck110.png                                                                    (00:00.000 / 02:26.994, 853Mb)
Check /work/output/tbl_bck1100.png                                                                   (00:00.000 / 02:26.994, 853Mb)
Check /work/output/tbl_bck11000.png                                                                  (00:00.000 / 02:26.994, 853Mb)
Check /work/output/tbl_bck110000.png                                                                 (00:00.000 / 02:26.994, 853Mb)
Check /work/output/tbl_bck11001.png                                                                  (00:00.000 / 02:26.995, 853Mb)
Check /work/output/tbl_bck110010.png                                                                 (00:00.000 / 02:26.995, 853Mb)
Check /work/output/tbl_bck1101.png                                                                   (00:00.000 / 02:26.995, 853Mb)
.Check /work/output/tbl_bck11010.png                                                                  (00:00.000 / 02:26.995, 853Mb)
Check /work/output/tbl_bck110100.png                                                                 (00:00.000 / 02:26.996, 853Mb)
Check /work/output/tbl_bck11011.png                                                                  (00:00.000 / 02:26.996, 853Mb)
Check /work/output/tbl_bck110110.png                                                                 (00:00.000 / 02:26.996, 853Mb)
Check /work/output/tbl_bck111.png                                                                    (00:00.000 / 02:26.996, 853Mb)
Check /work/output/tbl_bck1110.png                                                                   (00:00.000 / 02:26.997, 853Mb)
Check /work/output/tbl_bck11100.png                                                                  (00:00.000 / 02:26.997, 853Mb)
Check /work/output/tbl_bck111000.png                                                                 (00:00.000 / 02:26.997, 853Mb)
Check /work/output/tbl_bck11101.png                                                                  (00:00.000 / 02:26.997, 853Mb)
Check /work/output/tbl_bck111010.png                                                                 (00:00.000 / 02:26.998, 853Mb)
Check /work/output/tbl_bck1111.png                                                                   (00:00.000 / 02:26.998, 853Mb)
Check /work/output/tbl_bck11110.png                                                                  (00:00.000 / 02:26.998, 853Mb)
Check /work/output/tbl_bck111100.png                                                                 (00:00.000 / 02:26.998, 853Mb)
Check /work/output/tbl_bck1111000.png                                                                (00:00.000 / 02:26.999, 853Mb)
Check /work/output/tbl_bck111101.png                                                                 (00:00.000 / 02:26.999, 853Mb)
Check /work/output/tbl_bck1111010.png                                                                (00:00.000 / 02:26.999, 853Mb)
Check /work/output/tbl_bck11111.png                                                                  (00:00.000 / 02:26.999, 853Mb)
Check /work/output/tbl_bck111110.png                                                                 (00:00.000 / 02:27.000, 853Mb)
Check /work/output/tbl_bck1112.png                                                                   (00:00.000 / 02:27.000, 853Mb)
Check /work/output/tbl_bck112.png                                                                    (00:00.000 / 02:27.000, 853Mb)
Check /work/output/tbl_bck1124.png                                                                   (00:00.000 / 02:27.000, 853Mb)
Check /work/output/tbl_bck11240.png                                                                  (00:00.000 / 02:27.001, 853Mb)
Check /work/output/tbl_bck1125.png                                                                   (00:00.000 / 02:27.001, 853Mb)
Check /work/output/tbl_bck11250.png                                                                  (00:00.000 / 02:27.001, 853Mb)
Check /work/output/tbl_bck11252.png                                                                  (00:00.000 / 02:27.001, 853Mb)
Check /work/output/tbl_bck113.png                                                                    (00:00.000 / 02:27.002, 853Mb)
Check /work/output/tbl_bck1140.png                                                                   (00:00.000 / 02:27.002, 853Mb)
Check /work/output/tbl_bck115.png                                                                    (00:00.000 / 02:27.002, 853Mb)
Check /work/output/tbl_bck1150.png                                                                   (00:00.000 / 02:27.003, 853Mb)
Check /work/output/tbl_bck1152.png                                                                   (00:00.000 / 02:27.003, 853Mb)
Check /work/output/tbl_bck12.png                                                                     (00:00.000 / 02:27.003, 853Mb)
Check /work/output/tbl_bck120.png                                                                    (00:00.000 / 02:27.003, 853Mb)
Check /work/output/tbl_bck124.png                                                                    (00:00.000 / 02:27.004, 853Mb)
Check /work/output/tbl_bck1240.png                                                                   (00:00.000 / 02:27.004, 853Mb)
Check /work/output/tbl_bck12400.png                                                                  (00:00.000 / 02:27.004, 853Mb)
Check /work/output/tbl_bck1241.png                                                                   (00:00.000 / 02:27.004, 853Mb)
Check /work/output/tbl_bck12410.png                                                                  (00:00.000 / 02:27.005, 853Mb)
Check /work/output/tbl_bck12424.png                                                                  (00:00.000 / 02:27.005, 853Mb)
Check /work/output/tbl_bck1243.png                                                                   (00:00.000 / 02:27.005, 853Mb)
Check /work/output/tbl_bck125.png                                                                    (00:00.000 / 02:27.005, 853Mb)
Check /work/output/tbl_bck1250.png                                                                   (00:00.000 / 02:27.006, 853Mb)
Check /work/output/tbl_bck12500.png                                                                  (00:00.000 / 02:27.006, 853Mb)
Check /work/output/tbl_bck1251.png                                                                   (00:00.000 / 02:27.006, 853Mb)
Check /work/output/tbl_bck12510.png                                                                  (00:00.000 / 02:27.006, 853Mb)
Check /work/output/tbl_bck125100.png                                                                 (00:00.000 / 02:27.007, 853Mb)
Check /work/output/tbl_bck12511.png                                                                  (00:00.000 / 02:27.007, 853Mb)
Check /work/output/tbl_bck125110.png                                                                 (00:00.000 / 02:27.007, 853Mb)
Check /work/output/tbl_bck12512.png                                                                  (00:00.000 / 02:27.007, 853Mb)
Check /work/output/tbl_bck1252.png                                                                   (00:00.000 / 02:27.008, 853Mb)
Check /work/output/tbl_bck1252400.png                                                                (00:00.000 / 02:27.008, 853Mb)
Check /work/output/tbl_bck125241.png                                                                 (00:00.000 / 02:27.008, 853Mb)
Check /work/output/tbl_bck1252410.png                                                                (00:00.000 / 02:27.008, 853Mb)
Check /work/output/tbl_bck1252412.png                                                                (00:00.000 / 02:27.009, 853Mb)
Check /work/output/tbl_bck12525.png                                                                  (00:00.000 / 02:27.009, 853Mb)
Check /work/output/tbl_bck125250.png                                                                 (00:00.000 / 02:27.009, 853Mb)
Check /work/output/tbl_bck125252.png                                                                 (00:00.000 / 02:27.009, 853Mb)
Check /work/output/tbl_bck1253.png                                                                   (00:00.000 / 02:27.010, 853Mb)
Check /work/output/tbl_bck125340.png                                                                 (00:00.000 / 02:27.010, 853Mb)
Check /work/output/tbl_bck12535.png                                                                  (00:00.000 / 02:27.010, 853Mb)
Check /work/output/tbl_bck125350.png                                                                 (00:00.000 / 02:27.010, 853Mb)
Check /work/output/tbl_bck125352.png                                                                 (00:00.000 / 02:27.011, 853Mb)
.Check /work/output/tbl_bck13.png                                                                     (00:00.000 / 02:27.011, 853Mb)
Check /work/output/tbl_bck130.png                                                                    (00:00.000 / 02:27.011, 853Mb)
Check /work/output/tbl_bck1320.png                                                                   (00:00.000 / 02:27.012, 853Mb)
Check /work/output/tbl_bck133.png                                                                    (00:00.000 / 02:27.012, 853Mb)
Check /work/output/tbl_bck1330.png                                                                   (00:00.000 / 02:27.012, 853Mb)
Check /work/output/tbl_bck134.png                                                                    (00:00.000 / 02:27.012, 853Mb)
Check /work/output/tbl_bck1340.png                                                                   (00:00.000 / 02:27.013, 853Mb)
Check /work/output/tbl_bck13400.png                                                                  (00:00.000 / 02:27.013, 853Mb)
Check /work/output/tbl_bck1341.png                                                                   (00:00.000 / 02:27.013, 853Mb)
Check /work/output/tbl_bck13410.png                                                                  (00:00.000 / 02:27.013, 853Mb)
Check /work/output/tbl_bck135.png                                                                    (00:00.000 / 02:27.014, 853Mb)
Check /work/output/tbl_bck1350.png                                                                   (00:00.000 / 02:27.014, 853Mb)
Check /work/output/tbl_bck13500.png                                                                  (00:00.000 / 02:27.014, 853Mb)
Check /work/output/tbl_bck1351.png                                                                   (00:00.000 / 02:27.014, 853Mb)
Check /work/output/tbl_bck13510.png                                                                  (00:00.000 / 02:27.014, 853Mb)
Check /work/output/tbl_bck13512.png                                                                  (00:00.000 / 02:27.015, 853Mb)
Check /work/output/tbl_bck1352.png                                                                   (00:00.000 / 02:27.015, 853Mb)
Check /work/output/tbl_bck14.png                                                                     (00:00.000 / 02:27.015, 853Mb)
Check /work/output/tbl_bck140.png                                                                    (00:00.000 / 02:27.015, 853Mb)
Check /work/output/tbl_bck1400.png                                                                   (00:00.000 / 02:27.016, 853Mb)
Check /work/output/tbl_bck141.png                                                                    (00:00.000 / 02:27.016, 853Mb)
Check /work/output/tbl_bck1410.png                                                                   (00:00.000 / 02:27.016, 853Mb)
Check /work/output/tbl_bck1424.png                                                                   (00:00.000 / 02:27.016, 853Mb)
Check /work/output/tbl_bck143.png                                                                    (00:00.000 / 02:27.017, 853Mb)
Check /work/output/tbl_bck144.png                                                                    (00:00.000 / 02:27.017, 853Mb)
Check /work/output/tbl_bck15.png                                                                     (00:00.000 / 02:27.017, 853Mb)
Check /work/output/tbl_bck150.png                                                                    (00:00.000 / 02:27.017, 853Mb)
Check /work/output/tbl_bck1500.png                                                                   (00:00.000 / 02:27.018, 853Mb)
Check /work/output/tbl_bck15040.png                                                                  (00:00.000 / 02:27.018, 853Mb)
Check /work/output/tbl_bck1505.png                                                                   (00:00.000 / 02:27.018, 853Mb)
Check /work/output/tbl_bck15050.png                                                                  (00:00.000 / 02:27.018, 853Mb)
Check /work/output/tbl_bck151.png                                                                    (00:00.000 / 02:27.019, 853Mb)
Check /work/output/tbl_bck1510.png                                                                   (00:00.000 / 02:27.019, 853Mb)
Check /work/output/tbl_bck1512.png                                                                   (00:00.000 / 02:27.019, 853Mb)
Check /work/output/tbl_bck15140.png                                                                  (00:00.000 / 02:27.019, 853Mb)
Check /work/output/tbl_bck1515.png                                                                   (00:00.000 / 02:27.020, 853Mb)
Check /work/output/tbl_bck15150.png                                                                  (00:00.000 / 02:27.020, 853Mb)
Check /work/output/tbl_bck15152.png                                                                  (00:00.000 / 02:27.020, 853Mb)
Check /work/output/tbl_bck152.png                                                                    (00:00.000 / 02:27.020, 853Mb)
Check /work/output/tbl_bck1540.png                                                                   (00:00.000 / 02:27.021, 853Mb)
Check /work/output/tbl_bck15424.png                                                                  (00:00.000 / 02:27.021, 853Mb)
Check /work/output/tbl_bck1543.png                                                                   (00:00.000 / 02:27.021, 853Mb)
Check /work/output/tbl_bck155.png                                                                    (00:00.000 / 02:27.021, 853Mb)
Check /work/output/tbl_bck1550.png                                                                   (00:00.000 / 02:27.022, 853Mb)
Check /work/output/tbl_bck1552.png                                                                   (00:00.000 / 02:27.022, 853Mb)
Check /work/output/tbl_blank.png                                                                     (00:00.000 / 02:27.022, 853Mb)
Check /work/output/tbl_spacer.png                                                                    (00:00.000 / 02:27.022, 854Mb)
Check /work/output/tbl_vjoin-closed.png                                                              (00:00.000 / 02:27.023, 854Mb)
Check /work/output/tbl_vjoin-open.png                                                                (00:00.000 / 02:27.023, 854Mb)
Check /work/output/tbl_vjoin.png                                                                     (00:00.000 / 02:27.023, 854Mb)
Check /work/output/tbl_vjoin_end-closed.png                                                          (00:00.000 / 02:27.023, 854Mb)
Check /work/output/tbl_vjoin_end-open.png                                                            (00:00.000 / 02:27.024, 854Mb)
Check /work/output/tbl_vjoin_end.png                                                                 (00:00.000 / 02:27.024, 854Mb)
Check /work/output/tbl_vjoin_end_slice-closed.png                                                    (00:00.000 / 02:27.024, 854Mb)
Check /work/output/tbl_vjoin_end_slice-open.png                                                      (00:00.000 / 02:27.024, 854Mb)
Check /work/output/tbl_vjoin_end_slice.png                                                           (00:00.000 / 02:27.025, 854Mb)
Check /work/output/tbl_vjoin_end_slicer-closed.png                                                   (00:00.000 / 02:27.025, 854Mb)
Check /work/output/tbl_vjoin_end_slicer-open.png                                                     (00:00.000 / 02:27.025, 854Mb)
Check /work/output/tbl_vjoin_end_slicer.png                                                          (00:00.000 / 02:27.025, 854Mb)
Check /work/output/tbl_vjoin_slice-closed.png                                                        (00:00.000 / 02:27.026, 854Mb)
Check /work/output/tbl_vjoin_slice-open.png                                                          (00:00.000 / 02:27.026, 854Mb)
.Check /work/output/tbl_vjoin_slice.png                                                               (00:00.000 / 02:27.026, 854Mb)
Check /work/output/tbl_vjoin_slicer-closed.png                                                       (00:00.000 / 02:27.026, 854Mb)
Check /work/output/tbl_vjoin_slicer-open.png                                                         (00:00.000 / 02:27.027, 854Mb)
Check /work/output/tbl_vjoin_slicer.png                                                              (00:00.000 / 02:27.027, 854Mb)
Check /work/output/tbl_vline.png                                                                     (00:00.000 / 02:27.027, 854Mb)
Check /work/output/tbl_vline_slice.png                                                               (00:00.000 / 02:27.027, 854Mb)
Check /work/output/tbl_vline_slicer.png                                                              (00:00.000 / 02:27.028, 854Mb)
Check /work/output/toc.html                                                                          (00:00.000 / 02:27.028, 854Mb)
Check /work/output/translationinfo.html                                                              (00:00.000 / 02:27.028, 854Mb)
Check /work/output/tree-filter.png                                                                   (00:00.000 / 02:27.029, 854Mb)
Check /work/output/uml-diagrams.html                                                                 (00:00.000 / 02:27.029, 854Mb)
Check /work/output/url-literals.json                                                                 (00:00.000 / 02:27.030, 854Mb)
Check /work/output/usage-stats.json                                                                  (00:00.000 / 02:27.030, 854Mb)
Check /work/output/validator-mii-ig-consent.pack                                                     (00:00.000 / 02:27.030, 854Mb)
Check /work/output/validator.pack                                                                    (00:00.001 / 02:27.031, 854Mb)
Check /work/output/value-sets.html                                                                   (00:00.001 / 02:27.033, 854Mb)
Check /work/output/valueset-list.csv                                                                 (00:00.000 / 02:27.033, 855Mb)
Check /work/output/valueset-list.json                                                                (00:00.000 / 02:27.033, 855Mb)
Check /work/output/valueset-ref-all-list.csv                                                         (00:00.000 / 02:27.034, 855Mb)
Check /work/output/valueset-ref-all-list.json                                                        (00:00.000 / 02:27.034, 856Mb)
Check /work/output/valueset-ref-list.csv                                                             (00:00.000 / 02:27.035, 856Mb)
Check /work/output/valueset-ref-list.json                                                            (00:00.000 / 02:27.035, 856Mb)
Check /work/output/version-history.html                                                              (00:00.000 / 02:27.035, 856Mb)

Checking Other Links                                                                                 (00:00.000 / 02:27.036, 856Mb)
Sorting Conformance Clauses                                                                          (00:00.003 / 02:27.039, 857Mb)
Done checking                                                                                        (00:00.016 / 02:27.056, 857Mb)
  ... 2464 html files, 0 pages invalid xhtml (0%)                                                    (00:00.047 / 02:27.103, 857Mb)
  ... 123854 links, 0 broken links (0%)                                                              (00:00.001 / 02:27.105, 857Mb)
Generate fragment-usage-analysis.csv                                                                 (00:00.000 / 02:27.105, 857Mb)
Build final .zip                                                                                     (00:00.011 / 02:27.116, 858Mb)
Final .zip built                                                                                     (00:01.981 / 02:29.098, 870Mb)
Built. Times: loading: 00:01.670, generate: 01:57.327, narrative generation: 00:00.676, realm-rules: 00:00.000, previous-version: 00:00.001, jekyll: 00:05.335, validation: 00:18.998 (#24), template: 00:02.701 (#3) (00:04.837 / 02:33.935, 708Mb)
Generating QA                                                                                        (00:00.000 / 02:33.936, 708Mb)
Validation output in /work/output/qa.html
Errors: 44, Warnings: 136, Info: 508, Broken Links: 2     (00:00.460 / 02:34.396, 863Mb)
Finished @ 01.09.26, 08:57. Max Memory Used = 1Gb. Log file saved in /tmp/fhir-ig-publisher-tmp.log  (00:00.018 / 02:34.414, 864Mb)
